date,season,game_num,home_team,away_team,home_score,away_score,home_win
2023-03-30,2023,1,CIN,PIT,4.0,5.0,0
2023-03-30,2023,1,TB,DET,4.0,0.0,1
2023-03-30,2023,1,WSH,ATL,2.0,7.0,0
2023-03-30,2023,1,STL,TOR,9.0,10.0,0
2023-03-30,2023,1,SEA,CLE,3.0,0.0,1
2023-03-30,2023,1,SD,COL,2.0,7.0,0
2023-03-30,2023,1,ATH,LAA,2.0,1.0,1
2023-03-30,2023,1,TEX,PHI,11.0,7.0,1
2023-03-30,2023,1,BOS,BAL,9.0,10.0,0
2023-03-30,2023,1,MIA,NYM,3.0,5.0,0
2023-03-30,2023,1,NYY,SF,5.0,0.0,1
2023-03-30,2023,1,HOU,CWS,2.0,3.0,0
2023-03-30,2023,1,LAD,ARI,8.0,2.0,1
2023-03-30,2023,1,CHC,MIL,4.0,0.0,1
2023-03-30,2023,1,KC,MIN,0.0,2.0,0
2023-03-31,2023,1,LAD,ARI,1.0,2.0,0
2023-03-31,2023,1,HOU,CWS,6.0,3.0,1
2023-03-31,2023,1,SEA,CLE,4.0,9.0,0
2023-03-31,2023,1,SD,COL,1.0,4.0,0
2023-03-31,2023,1,MIA,NYM,2.0,1.0,1
2023-04-01,2023,1,ATH,LAA,1.0,13.0,0
2023-04-01,2023,1,KC,MIN,0.0,2.0,0
2023-04-01,2023,1,LAD,ARI,10.0,1.0,1
2023-04-01,2023,1,SD,COL,8.0,4.0,1
2023-04-01,2023,1,CIN,PIT,6.0,2.0,1
2023-04-01,2023,1,BOS,BAL,9.0,8.0,1
2023-04-01,2023,1,SEA,CLE,0.0,2.0,0
2023-04-01,2023,1,HOU,CWS,6.0,4.0,1
2023-04-01,2023,1,STL,TOR,4.0,1.0,1
2023-04-01,2023,1,MIA,NYM,2.0,6.0,0
2023-04-01,2023,1,TB,DET,12.0,2.0,1
2023-04-01,2023,1,CHC,MIL,1.0,3.0,0
2023-04-01,2023,1,TEX,PHI,16.0,3.0,1
2023-04-01,2023,1,NYY,SF,5.0,7.0,0
2023-04-01,2023,1,WSH,ATL,1.0,7.0,0
2023-04-02,2023,1,WSH,ATL,4.0,1.0,1
2023-04-02,2023,1,KC,MIN,4.0,7.0,0
2023-04-02,2023,1,BOS,BAL,9.0,5.0,1
2023-04-02,2023,1,HOU,CWS,3.0,6.0,0
2023-04-02,2023,1,SEA,CLE,5.0,6.0,0
2023-04-02,2023,1,TB,DET,5.0,1.0,1
2023-04-02,2023,1,NYY,SF,6.0,0.0,1
2023-04-02,2023,1,SD,COL,3.0,1.0,1
2023-04-02,2023,1,TEX,PHI,2.0,1.0,1
2023-04-02,2023,1,ATH,LAA,0.0,6.0,0
2023-04-02,2023,1,LAD,ARI,1.0,2.0,0
2023-04-02,2023,1,MIA,NYM,1.0,5.0,0
2023-04-02,2023,1,CHC,MIL,5.0,9.0,0
2023-04-02,2023,1,STL,TOR,9.0,4.0,1
2023-04-02,2023,1,CIN,PIT,3.0,1.0,1
2023-04-03,2023,1,CWS,SF,3.0,12.0,0
2023-04-03,2023,1,HOU,DET,6.0,7.0,0
2023-04-03,2023,1,SEA,LAA,3.0,7.0,0
2023-04-03,2023,1,STL,ATL,4.0,8.0,0
2023-04-03,2023,1,WSH,TB,2.0,6.0,0
2023-04-03,2023,1,ATH,CLE,11.0,12.0,0
2023-04-03,2023,1,MIL,NYM,10.0,0.0,1
2023-04-03,2023,1,MIA,MIN,1.0,11.0,0
2023-04-03,2023,1,KC,TOR,9.0,5.0,1
2023-04-03,2023,1,NYY,PHI,8.0,1.0,1
2023-04-03,2023,1,BOS,PIT,6.0,7.0,0
2023-04-03,2023,1,SD,ARI,5.0,4.0,1
2023-04-03,2023,1,CIN,CHC,7.0,6.0,1
2023-04-03,2023,1,LAD,COL,13.0,4.0,1
2023-04-03,2023,1,TEX,BAL,0.0,2.0,0
2023-04-04,2023,1,SD,ARI,6.0,8.0,0
2023-04-04,2023,1,KC,TOR,1.0,4.0,0
2023-04-04,2023,1,HOU,DET,3.0,6.0,0
2023-04-04,2023,1,LAD,COL,5.0,2.0,1
2023-04-04,2023,1,ATH,CLE,4.0,3.0,1
2023-04-04,2023,1,BOS,PIT,1.0,4.0,0
2023-04-04,2023,1,SEA,LAA,11.0,2.0,1
2023-04-04,2023,1,NYY,PHI,1.0,4.0,0
2023-04-04,2023,1,MIL,NYM,9.0,0.0,1
2023-04-04,2023,1,MIA,MIN,1.0,0.0,1
2023-04-04,2023,1,STL,ATL,1.0,4.0,0
2023-04-04,2023,1,WSH,TB,6.0,10.0,0
2023-04-04,2023,1,TEX,BAL,2.0,7.0,0
2023-04-04,2023,1,CIN,CHC,5.0,12.0,0
2023-04-05,2023,1,TEX,BAL,5.0,2.0,1
2023-04-05,2023,1,KC,TOR,0.0,3.0,0
2023-04-05,2023,1,MIA,MIN,5.0,2.0,1
2023-04-05,2023,1,CWS,SF,7.0,3.0,1
2023-04-05,2023,1,HOU,DET,8.0,2.0,1
2023-04-05,2023,1,ATH,CLE,4.0,6.0,0
2023-04-05,2023,1,WSH,TB,2.0,7.0,0
2023-04-05,2023,1,BOS,PIT,1.0,4.0,0
2023-04-05,2023,1,SEA,LAA,3.0,4.0,0
2023-04-05,2023,1,MIL,NYM,7.0,6.0,1
2023-04-05,2023,1,STL,ATL,2.0,5.0,0
2023-04-05,2023,1,NYY,PHI,4.0,2.0,1
2023-04-06,2023,1,COL,WSH,1.0,0.0,1
2023-04-06,2023,1,ARI,LAD,2.0,5.0,0
2023-04-06,2023,1,KC,TOR,3.0,6.0,0
2023-04-06,2023,1,ATL,SD,7.0,6.0,1
2023-04-06,2023,1,DET,BOS,3.0,6.0,0
2023-04-06,2023,1,CWS,SF,6.0,16.0,0
2023-04-07,2023,1,NYM,MIA,9.0,3.0,1
2023-04-07,2023,1,COL,WSH,5.0,10.0,0
2023-04-07,2023,1,PHI,CIN,5.0,2.0,1
2023-04-07,2023,1,BAL,NYY,7.0,6.0,1
2023-04-07,2023,1,SF,KC,1.0,3.0,0
2023-04-07,2023,1,ARI,LAD,6.0,3.0,1
2023-04-07,2023,1,PIT,CWS,13.0,9.0,1
2023-04-07,2023,1,TB,ATH,9.0,5.0,1
2023-04-07,2023,1,ATL,SD,4.0,5.0,0
2023-04-07,2023,1,CLE,SEA,3.0,5.0,0
2023-04-07,2023,1,MIN,HOU,3.0,2.0,1
2023-04-07,2023,1,LAA,TOR,3.0,4.0,0
2023-04-07,2023,1,MIL,STL,4.0,0.0,1
2023-04-07,2023,1,CHC,TEX,2.0,0.0,1
2023-04-08,2023,1,PIT,CWS,5.0,11.0,0
2023-04-08,2023,1,ARI,LAD,12.0,8.0,1
2023-04-08,2023,1,DET,BOS,5.0,14.0,0
2023-04-08,2023,1,ATL,SD,1.0,4.0,0
2023-04-08,2023,1,LAA,TOR,9.0,5.0,1
2023-04-08,2023,1,TB,ATH,11.0,0.0,1
2023-04-08,2023,1,SF,KC,5.0,6.0,0
2023-04-08,2023,1,NYM,MIA,5.0,2.0,1
2023-04-08,2023,1,PHI,CIN,3.0,2.0,1
2023-04-08,2023,1,BAL,NYY,1.0,4.0,0
2023-04-08,2023,1,CLE,SEA,2.0,3.0,0
2023-04-08,2023,1,COL,WSH,6.0,7.0,0
2023-04-08,2023,1,MIN,HOU,9.0,6.0,1
2023-04-08,2023,1,CHC,TEX,10.0,3.0,1
2023-04-08,2023,1,MIL,STL,0.0,6.0,0
2023-04-09,2023,1,MIN,HOU,1.0,5.0,0
2023-04-09,2023,1,LAA,TOR,11.0,12.0,0
2023-04-09,2023,1,CHC,TEX,2.0,8.0,0
2023-04-09,2023,1,BAL,NYY,3.0,5.0,0
2023-04-09,2023,1,COL,WSH,7.0,6.0,1
2023-04-09,2023,1,PIT,CWS,1.0,0.0,1
2023-04-09,2023,1,PHI,CIN,4.0,6.0,0
2023-04-09,2023,1,NYM,MIA,2.0,7.0,0
2023-04-09,2023,1,DET,BOS,1.0,4.0,0
2023-04-09,2023,1,CLE,SEA,7.0,6.0,1
2023-04-09,2023,1,ARI,LAD,11.0,6.0,1
2023-04-09,2023,1,ATL,SD,2.0,10.0,0
2023-04-09,2023,1,SF,KC,3.0,1.0,1
2023-04-09,2023,1,TB,ATH,11.0,0.0,1
2023-04-09,2023,1,MIL,STL,6.0,1.0,1
2023-04-10,2023,1,NYM,SD,5.0,0.0,1
2023-04-10,2023,1,CHC,SEA,3.0,2.0,1
2023-04-10,2023,1,ARI,MIL,3.0,0.0,1
2023-04-10,2023,1,COL,STL,7.0,4.0,1
2023-04-10,2023,1,PHI,MIA,15.0,3.0,1
2023-04-10,2023,1,BAL,ATH,5.0,1.0,1
2023-04-10,2023,1,PIT,HOU,2.0,8.0,0
2023-04-10,2023,1,SF,LAD,1.0,9.0,0
2023-04-10,2023,1,CLE,NYY,3.0,2.0,1
2023-04-10,2023,1,MIN,CWS,3.0,4.0,0
2023-04-10,2023,1,TEX,KC,11.0,2.0,1
2023-04-10,2023,1,TB,BOS,1.0,0.0,1
2023-04-10,2023,1,LAA,WSH,4.0,6.0,0
2023-04-10,2023,1,ATL,CIN,5.0,4.0,1
2023-04-11,2023,1,MIN,CWS,4.0,3.0,1
2023-04-11,2023,1,CHC,SEA,14.0,9.0,1
2023-04-11,2023,1,NYM,SD,2.0,4.0,0
2023-04-11,2023,1,PHI,MIA,4.0,8.0,0
2023-04-11,2023,1,TB,BOS,7.0,2.0,1
2023-04-11,2023,1,BAL,ATH,12.0,8.0,1
2023-04-11,2023,1,TEX,KC,8.0,5.0,1
2023-04-11,2023,1,ARI,MIL,1.0,7.0,0
2023-04-11,2023,1,SF,LAD,5.0,0.0,1
2023-04-11,2023,1,ATL,CIN,7.0,6.0,1
2023-04-11,2023,1,PIT,HOU,7.0,4.0,1
2023-04-11,2023,1,LAA,WSH,2.0,0.0,1
2023-04-11,2023,1,COL,STL,6.0,9.0,0
2023-04-11,2023,1,TOR,DET,9.0,3.0,1
2023-04-11,2023,1,CLE,NYY,2.0,11.0,0
2023-04-12,2023,1,LAA,WSH,3.0,2.0,1
2023-04-12,2023,1,NYM,SD,5.0,2.0,1
2023-04-12,2023,1,MIN,CWS,3.0,1.0,1
2023-04-12,2023,1,COL,STL,4.0,7.0,0
2023-04-12,2023,1,CHC,SEA,2.0,5.0,0
2023-04-12,2023,1,ARI,MIL,7.0,3.0,1
2023-04-12,2023,1,PHI,MIA,2.0,3.0,0
2023-04-12,2023,1,TEX,KC,1.0,10.0,0
2023-04-12,2023,1,SF,LAD,5.0,10.0,0
2023-04-12,2023,1,TB,BOS,9.0,7.0,1
2023-04-12,2023,1,BAL,ATH,4.0,8.0,0
2023-04-12,2023,1,PIT,HOU,0.0,7.0,0
2023-04-12,2023,1,CLE,NYY,3.0,4.0,0
2023-04-12,2023,1,ATL,CIN,5.0,4.0,1
2023-04-12,2023,1,TOR,DET,4.0,3.0,1
2023-04-13,2023,1,SD,MIL,3.0,4.0,0
2023-04-13,2023,1,TB,BOS,9.0,3.0,1
2023-04-13,2023,1,NYY,MIN,2.0,11.0,0
2023-04-13,2023,1,BAL,ATH,8.0,7.0,1
2023-04-13,2023,1,STL,PIT,0.0,5.0,0
2023-04-13,2023,1,CIN,PHI,6.0,2.0,1
2023-04-13,2023,1,TOR,DET,1.0,3.0,0
2023-04-14,2023,1,HOU,TEX,2.0,6.0,0
2023-04-14,2023,1,NYY,MIN,3.0,4.0,0
2023-04-14,2023,1,LAD,CHC,2.0,8.0,0
2023-04-14,2023,1,WSH,CLE,3.0,4.0,0
2023-04-14,2023,1,SD,MIL,2.0,11.0,0
2023-04-14,2023,1,STL,PIT,3.0,0.0,1
2023-04-14,2023,1,CWS,BAL,3.0,6.0,0
2023-04-14,2023,1,DET,SF,7.0,5.0,1
2023-04-14,2023,1,SEA,COL,5.0,3.0,1
2023-04-14,2023,1,KC,ATL,3.0,10.0,0
2023-04-14,2023,1,CIN,PHI,3.0,8.0,0
2023-04-14,2023,1,MIA,ARI,5.0,1.0,1
2023-04-14,2023,1,TOR,TB,6.0,3.0,1
2023-04-14,2023,1,BOS,LAA,5.0,3.0,1
2023-04-14,2023,1,ATH,NYM,6.0,17.0,0
2023-04-15,2023,1,ATH,NYM,2.0,3.0,0
2023-04-15,2023,1,DET,SF,7.0,6.0,1
2023-04-15,2023,1,SD,MIL,10.0,3.0,1
2023-04-15,2023,1,CIN,PHI,13.0,0.0,1
2023-04-15,2023,1,MIA,ARI,3.0,2.0,1
2023-04-15,2023,1,NYY,MIN,6.0,1.0,1
2023-04-15,2023,1,LAD,CHC,2.0,1.0,1
2023-04-15,2023,1,BOS,LAA,9.0,7.0,1
2023-04-15,2023,1,TOR,TB,5.0,2.0,1
2023-04-15,2023,1,SEA,COL,9.0,2.0,1
2023-04-15,2023,1,WSH,CLE,4.0,6.0,0
2023-04-15,2023,1,KC,ATL,3.0,9.0,0
2023-04-15,2023,1,HOU,TEX,8.0,2.0,1
2023-04-15,2023,1,STL,PIT,3.0,6.0,0
2023-04-15,2023,1,CWS,BAL,7.0,6.0,1
2023-04-16,2023,1,SEA,COL,1.0,0.0,1
2023-04-16,2023,1,BOS,LAA,2.0,1.0,1
2023-04-16,2023,1,HOU,TEX,1.0,9.0,0
2023-04-16,2023,1,NYY,MIN,2.0,0.0,1
2023-04-16,2023,1,CIN,PHI,3.0,14.0,0
2023-04-16,2023,1,TOR,TB,1.0,8.0,0
2023-04-16,2023,1,MIA,ARI,0.0,5.0,0
2023-04-16,2023,1,KC,ATL,4.0,5.0,0
2023-04-16,2023,1,SD,MIL,0.0,1.0,0
2023-04-16,2023,1,CWS,BAL,4.0,8.0,0
2023-04-16,2023,1,ATH,NYM,3.0,4.0,0
2023-04-16,2023,1,WSH,CLE,7.0,6.0,1
2023-04-16,2023,1,STL,PIT,5.0,4.0,1
2023-04-16,2023,1,LAD,CHC,2.0,3.0,0
2023-04-17,2023,1,HOU,TOR,9.0,2.0,1
2023-04-17,2023,1,KC,TEX,0.0,4.0,0
2023-04-17,2023,1,MIA,SF,4.0,3.0,1
2023-04-17,2023,1,STL,ARI,3.0,6.0,0
2023-04-17,2023,1,BOS,LAA,4.0,5.0,0
2023-04-17,2023,1,LAD,NYM,6.0,8.0,0
2023-04-17,2023,1,CIN,TB,8.0,1.0,1
2023-04-17,2023,1,SD,ATL,0.0,2.0,0
2023-04-17,2023,1,SEA,MIL,3.0,7.0,0
2023-04-17,2023,1,COL,PIT,3.0,14.0,0
2023-04-17,2023,1,ATH,CHC,1.0,10.0,0
2023-04-18,2023,1,ATH,CHC,0.0,4.0,0
2023-04-18,2023,1,SD,ATL,1.0,8.0,0
2023-04-18,2023,1,COL,PIT,3.0,5.0,0
2023-04-18,2023,1,STL,ARI,7.0,8.0,0
2023-04-18,2023,1,MIA,SF,4.0,2.0,1
2023-04-18,2023,1,NYY,LAA,2.0,5.0,0
2023-04-18,2023,1,CIN,TB,0.0,10.0,0
2023-04-18,2023,1,HOU,TOR,2.0,4.0,0
2023-04-18,2023,1,DET,CLE,4.0,3.0,1
2023-04-18,2023,1,LAD,NYM,5.0,0.0,1
2023-04-18,2023,1,CWS,PHI,4.0,7.0,0
2023-04-18,2023,1,KC,TEX,2.0,12.0,0
2023-04-18,2023,1,BOS,MIN,5.0,4.0,1
2023-04-18,2023,2,CWS,PHI,3.0,0.0,1
2023-04-18,2023,1,SEA,MIL,5.0,6.0,0
2023-04-18,2023,1,WSH,BAL,0.0,1.0,0
2023-04-18,2023,2,DET,CLE,1.0,0.0,1
2023-04-19,2023,1,ATH,CHC,2.0,12.0,0
2023-04-19,2023,1,NYY,LAA,3.0,2.0,1
2023-04-19,2023,1,COL,PIT,3.0,14.0,0
2023-04-19,2023,1,WSH,BAL,0.0,4.0,0
2023-04-19,2023,1,SEA,MIL,3.0,5.0,0
2023-04-19,2023,1,MIA,SF,2.0,5.0,0
2023-04-19,2023,1,LAD,NYM,3.0,5.0,0
2023-04-19,2023,1,HOU,TOR,8.0,1.0,1
2023-04-19,2023,1,SD,ATL,1.0,0.0,1
2023-04-19,2023,1,BOS,MIN,4.0,10.0,0
2023-04-19,2023,1,CWS,PHI,2.0,5.0,0
2023-04-19,2023,1,KC,TEX,3.0,12.0,0
2023-04-19,2023,1,CIN,TB,0.0,8.0,0
2023-04-19,2023,1,DET,CLE,2.0,3.0,0
2023-04-19,2023,1,STL,ARI,14.0,5.0,1
2023-04-20,2023,1,PIT,CIN,4.0,3.0,1
2023-04-20,2023,1,PHI,COL,0.0,5.0,0
2023-04-20,2023,1,CHC,LAD,2.0,6.0,0
2023-04-20,2023,1,NYY,LAA,9.0,3.0,1
2023-04-20,2023,1,SF,NYM,4.0,9.0,0
2023-04-20,2023,1,BOS,MIN,11.0,5.0,1
2023-04-20,2023,1,ARI,SD,5.0,7.0,0
2023-04-21,2023,1,NYY,TOR,1.0,6.0,0
2023-04-21,2023,1,BAL,DET,2.0,1.0,1
2023-04-21,2023,1,SF,NYM,0.0,7.0,0
2023-04-21,2023,1,TB,CWS,8.0,7.0,1
2023-04-21,2023,1,PHI,COL,4.0,3.0,1
2023-04-21,2023,1,MIL,BOS,3.0,5.0,0
2023-04-21,2023,1,LAA,KC,2.0,0.0,1
2023-04-21,2023,1,ARI,SD,9.0,0.0,1
2023-04-21,2023,1,PIT,CIN,4.0,2.0,1
2023-04-21,2023,1,MIN,WSH,2.0,3.0,0
2023-04-21,2023,1,TEX,ATH,4.0,5.0,0
2023-04-21,2023,1,ATL,HOU,4.0,6.0,0
2023-04-21,2023,1,CHC,LAD,13.0,0.0,1
2023-04-21,2023,1,SEA,STL,5.0,2.0,1
2023-04-22,2023,1,LAA,KC,8.0,11.0,0
2023-04-22,2023,1,ARI,SD,3.0,5.0,0
2023-04-22,2023,1,TEX,ATH,18.0,3.0,1
2023-04-22,2023,1,BAL,DET,5.0,1.0,1
2023-04-22,2023,1,SF,NYM,7.0,4.0,1
2023-04-22,2023,1,PHI,COL,4.0,3.0,1
2023-04-22,2023,1,PIT,CIN,2.0,1.0,1
2023-04-22,2023,1,NYY,TOR,3.0,2.0,1
2023-04-22,2023,1,SEA,STL,5.0,4.0,1
2023-04-22,2023,1,MIN,WSH,4.0,10.0,0
2023-04-22,2023,2,CLE,MIA,2.0,3.0,0
2023-04-22,2023,1,CHC,LAD,4.0,9.0,0
2023-04-22,2023,1,TB,CWS,4.0,3.0,1
2023-04-22,2023,1,MIL,BOS,5.0,4.0,1
2023-04-22,2023,1,ATL,HOU,3.0,6.0,0
2023-04-22,2023,1,CLE,MIA,1.0,6.0,0
2023-04-23,2023,1,CLE,MIA,7.0,4.0,1
2023-04-23,2023,1,PHI,COL,9.0,3.0,1
2023-04-23,2023,1,PIT,CIN,2.0,0.0,1
2023-04-23,2023,1,NYY,TOR,1.0,5.0,0
2023-04-23,2023,1,MIL,BOS,5.0,12.0,0
2023-04-23,2023,1,SEA,STL,3.0,7.0,0
2023-04-23,2023,1,TEX,ATH,5.0,2.0,1
2023-04-23,2023,1,CHC,LAD,3.0,7.0,0
2023-04-23,2023,1,LAA,KC,4.0,3.0,1
2023-04-23,2023,1,MIN,WSH,3.0,1.0,1
2023-04-23,2023,1,ATL,HOU,2.0,5.0,0
2023-04-23,2023,1,SF,NYM,5.0,4.0,1
2023-04-23,2023,1,ARI,SD,5.0,7.0,0
2023-04-23,2023,1,BAL,DET,2.0,1.0,1
2023-04-23,2023,1,TB,CWS,4.0,1.0,1
2023-04-24,2023,1,CIN,TEX,7.0,6.0,1
2023-04-24,2023,1,CLE,COL,0.0,6.0,0
2023-04-24,2023,1,TOR,CWS,5.0,2.0,1
2023-04-24,2023,1,SF,STL,4.0,0.0,1
2023-04-24,2023,1,LAA,ATH,10.0,11.0,0
2023-04-24,2023,1,MIL,DET,2.0,4.0,0
2023-04-24,2023,1,TB,HOU,8.0,3.0,1
2023-04-24,2023,1,BAL,BOS,5.0,4.0,1
2023-04-24,2023,1,ARI,KC,5.0,4.0,1
2023-04-24,2023,1,ATL,MIA,11.0,0.0,1
2023-04-24,2023,1,MIN,NYY,6.0,1.0,1
2023-04-25,2023,1,CLE,COL,1.0,5.0,0
2023-04-25,2023,1,SF,STL,5.0,4.0,1
2023-04-25,2023,1,MIN,NYY,6.0,2.0,1
2023-04-25,2023,1,MIL,DET,3.0,4.0,0
2023-04-25,2023,1,PIT,LAD,7.0,8.0,0
2023-04-25,2023,1,BAL,BOS,6.0,8.0,0
2023-04-25,2023,1,ATL,MIA,7.0,4.0,1
2023-04-25,2023,1,CHC,SD,6.0,0.0,1
2023-04-25,2023,1,CIN,TEX,7.0,6.0,1
2023-04-25,2023,1,TB,HOU,0.0,5.0,0
2023-04-25,2023,1,TOR,CWS,7.0,0.0,1
2023-04-25,2023,1,PHI,SEA,3.0,5.0,0
2023-04-25,2023,1,LAA,ATH,5.0,3.0,1
2023-04-25,2023,1,NYM,WSH,0.0,5.0,0
2023-04-25,2023,1,ARI,KC,4.0,5.0,0
2023-04-26,2023,1,PHI,SEA,6.0,5.0,1
2023-04-26,2023,1,MIN,NYY,6.0,12.0,0
2023-04-26,2023,1,PIT,LAD,8.0,1.0,1
2023-04-26,2023,1,BAL,BOS,6.0,2.0,1
2023-04-26,2023,1,SF,STL,7.0,3.0,1
2023-04-26,2023,1,CHC,SD,3.0,5.0,0
2023-04-26,2023,1,NYM,WSH,1.0,4.0,0
2023-04-26,2023,1,MIL,DET,6.0,2.0,1
2023-04-26,2023,1,ATL,MIA,6.0,4.0,1
2023-04-26,2023,1,ARI,KC,2.0,0.0,1
2023-04-26,2023,1,CLE,COL,4.0,1.0,1
2023-04-26,2023,1,CIN,TEX,5.0,3.0,1
2023-04-26,2023,1,TB,HOU,0.0,1.0,0
2023-04-26,2023,1,TOR,CWS,8.0,0.0,1
2023-04-26,2023,1,LAA,ATH,11.0,3.0,1
2023-04-27,2023,1,CWS,TB,5.0,14.0,0
2023-04-27,2023,1,NYM,WSH,9.0,8.0,1
2023-04-27,2023,1,TEX,NYY,2.0,4.0,0
2023-04-27,2023,1,PHI,SEA,1.0,0.0,1
2023-04-27,2023,1,SF,STL,0.0,6.0,0
2023-04-27,2023,1,PIT,LAD,6.0,2.0,1
2023-04-27,2023,1,ATL,MIA,4.0,5.0,0
2023-04-27,2023,1,DET,BAL,4.0,7.0,0
2023-04-27,2023,1,MIN,KC,7.0,1.0,1
2023-04-27,2023,1,CHC,SD,5.0,2.0,1
2023-04-27,2023,1,LAA,ATH,8.0,7.0,1
2023-04-28,2023,1,CWS,TB,2.0,3.0,0
2023-04-28,2023,1,MIN,KC,8.0,6.0,1
2023-04-28,2023,1,ATH,CIN,7.0,11.0,0
2023-04-28,2023,1,MIL,LAA,2.0,1.0,1
2023-04-28,2023,1,COL,ARI,1.0,9.0,0
2023-04-28,2023,1,BOS,CLE,2.0,5.0,0
2023-04-28,2023,1,MIA,CHC,3.0,2.0,1
2023-04-28,2023,1,HOU,PHI,1.0,3.0,0
2023-04-28,2023,1,LAD,STL,7.0,3.0,1
2023-04-28,2023,1,TOR,SEA,3.0,2.0,1
2023-04-28,2023,1,NYM,ATL,0.0,4.0,0
2023-04-28,2023,1,TEX,NYY,5.0,2.0,1
2023-04-29,2023,1,LAD,STL,1.0,0.0,1
2023-04-29,2023,1,MIL,LAA,7.0,5.0,1
2023-04-29,2023,1,CWS,TB,3.0,12.0,0
2023-04-29,2023,1,DET,BAL,7.0,4.0,1
2023-04-29,2023,1,TEX,NYY,2.0,0.0,1
2023-04-29,2023,1,SD,SF,16.0,11.0,1
2023-04-29,2023,1,HOU,PHI,1.0,6.0,0
2023-04-29,2023,1,TOR,SEA,1.0,0.0,1
2023-04-29,2023,1,MIA,CHC,7.0,6.0,1
2023-04-29,2023,2,DET,BAL,4.0,6.0,0
2023-04-29,2023,1,WSH,PIT,3.0,6.0,0
2023-04-29,2023,1,BOS,CLE,8.0,7.0,1
2023-04-29,2023,2,WSH,PIT,1.0,16.0,0
2023-04-29,2023,1,MIN,KC,2.0,3.0,0
2023-04-29,2023,1,COL,ARI,4.0,11.0,0
2023-04-29,2023,1,ATH,CIN,2.0,3.0,0
2023-04-30,2023,1,TEX,NYY,15.0,2.0,1
2023-04-30,2023,1,DET,BAL,3.0,5.0,0
2023-04-30,2023,1,MIN,KC,8.0,4.0,1
2023-04-30,2023,1,LAD,STL,6.0,3.0,1
2023-04-30,2023,1,TOR,SEA,8.0,10.0,0
2023-04-30,2023,1,BOS,CLE,7.0,1.0,1
2023-04-30,2023,1,MIA,CHC,4.0,3.0,1
2023-04-30,2023,1,COL,ARI,12.0,4.0,1
2023-04-30,2023,1,WSH,PIT,7.0,2.0,1
2023-04-30,2023,1,CWS,TB,12.0,9.0,1
2023-04-30,2023,1,SD,SF,6.0,4.0,1
2023-04-30,2023,1,ATH,CIN,5.0,4.0,1
2023-04-30,2023,1,MIL,LAA,0.0,3.0,0
2023-04-30,2023,1,HOU,PHI,4.0,3.0,1
2023-05-01,2023,1,BOS,TOR,6.0,5.0,1
2023-05-01,2023,1,WSH,CHC,1.0,5.0,0
2023-05-01,2023,1,HOU,SF,7.0,3.0,1
2023-05-01,2023,1,NYM,ATL,8.0,9.0,0
2023-05-01,2023,2,NYM,ATL,5.0,3.0,1
2023-05-01,2023,1,SD,CIN,8.0,3.0,1
2023-05-01,2023,1,LAD,PHI,13.0,4.0,1
2023-05-01,2023,1,NYY,CLE,2.0,3.0,0
2023-05-02,2023,1,TEX,ARI,6.0,4.0,1
2023-05-02,2023,1,HOU,SF,0.0,2.0,0
2023-05-02,2023,1,LAD,PHI,13.0,1.0,1
2023-05-02,2023,1,COL,MIL,3.0,2.0,1
2023-05-02,2023,1,STL,LAA,1.0,5.0,0
2023-05-02,2023,1,KC,BAL,7.0,11.0,0
2023-05-02,2023,1,SD,CIN,1.0,2.0,0
2023-05-02,2023,1,MIA,ATL,0.0,6.0,0
2023-05-02,2023,1,NYY,CLE,4.0,2.0,1
2023-05-02,2023,1,TB,PIT,4.0,1.0,1
2023-05-02,2023,1,ATH,SEA,1.0,2.0,0
2023-05-02,2023,1,WSH,CHC,4.0,1.0,1
2023-05-02,2023,1,CWS,MIN,3.0,2.0,1
2023-05-02,2023,1,BOS,TOR,7.0,6.0,1
2023-05-03,2023,1,ATH,SEA,2.0,7.0,0
2023-05-03,2023,1,BOS,TOR,8.0,3.0,1
2023-05-03,2023,1,WSH,CHC,2.0,1.0,1
2023-05-03,2023,2,DET,NYM,8.0,1.0,1
2023-05-03,2023,1,DET,NYM,6.0,5.0,1
2023-05-03,2023,1,MIA,ATL,6.0,14.0,0
2023-05-03,2023,1,TB,PIT,8.0,1.0,1
2023-05-03,2023,1,STL,LAA,4.0,6.0,0
2023-05-03,2023,1,COL,MIL,7.0,1.0,1
2023-05-03,2023,1,NYY,CLE,4.0,3.0,1
2023-05-03,2023,1,LAD,PHI,10.0,6.0,1
2023-05-03,2023,1,TEX,ARI,7.0,12.0,0
2023-05-03,2023,1,CWS,MIN,6.0,4.0,1
2023-05-03,2023,1,HOU,SF,2.0,4.0,0
2023-05-03,2023,1,KC,BAL,6.0,0.0,1
2023-05-03,2023,1,SD,CIN,7.0,1.0,1
2023-05-04,2023,1,ATH,SEA,3.0,5.0,0
2023-05-04,2023,1,WSH,CHC,4.0,3.0,1
2023-05-04,2023,1,MIA,ATL,3.0,6.0,0
2023-05-04,2023,1,KC,BAL,10.0,13.0,0
2023-05-04,2023,1,TB,PIT,3.0,2.0,1
2023-05-04,2023,1,COL,MIL,9.0,6.0,1
2023-05-04,2023,1,STL,LAA,7.0,11.0,0
2023-05-04,2023,1,DET,NYM,2.0,0.0,1
2023-05-04,2023,1,CWS,MIN,3.0,7.0,0
2023-05-04,2023,1,BOS,TOR,11.0,5.0,1
2023-05-05,2023,1,SEA,HOU,4.0,6.0,0
2023-05-05,2023,1,PIT,TOR,0.0,4.0,0
2023-05-05,2023,1,NYM,COL,1.0,0.0,1
2023-05-05,2023,1,SF,MIL,6.0,4.0,1
2023-05-05,2023,1,CLE,MIN,0.0,2.0,0
2023-05-05,2023,1,PHI,BOS,3.0,5.0,0
2023-05-05,2023,1,ATL,BAL,4.0,9.0,0
2023-05-05,2023,1,KC,ATH,8.0,12.0,0
2023-05-05,2023,1,CIN,CWS,4.0,5.0,0
2023-05-05,2023,1,STL,DET,4.0,5.0,0
2023-05-05,2023,1,CHC,MIA,4.0,1.0,1
2023-05-05,2023,1,ARI,WSH,3.0,1.0,1
2023-05-05,2023,1,TB,NYY,5.0,4.0,1
2023-05-05,2023,1,SD,LAD,5.0,2.0,1
2023-05-05,2023,1,LAA,TEX,5.0,4.0,1
2023-05-06,2023,1,KC,ATH,4.0,5.0,0
2023-05-06,2023,1,CLE,MIN,4.0,3.0,1
2023-05-06,2023,1,SD,LAD,1.0,2.0,0
2023-05-06,2023,1,ATL,BAL,5.0,4.0,1
2023-05-06,2023,1,CIN,CWS,5.0,3.0,1
2023-05-06,2023,1,NYM,COL,2.0,5.0,0
2023-05-06,2023,1,CHC,MIA,4.0,2.0,1
2023-05-06,2023,1,SEA,HOU,7.0,5.0,1
2023-05-06,2023,1,PIT,TOR,2.0,8.0,0
2023-05-06,2023,1,SF,MIL,4.0,1.0,1
2023-05-06,2023,1,LAA,TEX,1.0,10.0,0
2023-05-06,2023,1,TB,NYY,2.0,3.0,0
2023-05-06,2023,1,PHI,BOS,4.0,7.0,0
2023-05-06,2023,1,STL,DET,5.0,6.0,0
2023-05-06,2023,1,ARI,WSH,8.0,7.0,1
2023-05-07,2023,1,NYM,COL,6.0,13.0,0
2023-05-07,2023,1,SEA,HOU,3.0,1.0,1
2023-05-07,2023,1,ATL,BAL,3.0,2.0,1
2023-05-07,2023,1,LAA,TEX,8.0,16.0,0
2023-05-07,2023,1,SF,MIL,3.0,7.0,0
2023-05-07,2023,1,KC,ATH,5.0,1.0,1
2023-05-07,2023,1,ARI,WSH,8.0,9.0,0
2023-05-07,2023,1,PHI,BOS,6.0,1.0,1
2023-05-07,2023,1,CHC,MIA,4.0,5.0,0
2023-05-07,2023,1,CLE,MIN,2.0,0.0,1
2023-05-07,2023,1,STL,DET,12.0,6.0,1
2023-05-07,2023,1,PIT,TOR,1.0,10.0,0
2023-05-07,2023,1,SD,LAD,2.0,5.0,0
2023-05-07,2023,1,TB,NYY,8.0,7.0,1
2023-05-07,2023,1,CIN,CWS,4.0,17.0,0
2023-05-08,2023,1,NYY,ATH,7.0,2.0,1
2023-05-08,2023,1,LAA,HOU,6.0,4.0,1
2023-05-08,2023,1,PIT,COL,2.0,0.0,1
2023-05-08,2023,1,SF,WSH,1.0,5.0,0
2023-05-08,2023,1,ARI,MIA,5.0,2.0,1
2023-05-08,2023,1,CHC,STL,1.0,3.0,0
2023-05-08,2023,1,CLE,DET,2.0,6.0,0
2023-05-08,2023,1,BAL,TB,0.0,3.0,0
2023-05-08,2023,1,MIL,LAD,9.0,3.0,1
2023-05-08,2023,1,KC,CWS,12.0,5.0,1
2023-05-08,2023,1,SEA,TEX,1.0,2.0,0
2023-05-09,2023,1,MIL,LAD,2.0,6.0,0
2023-05-09,2023,1,CLE,DET,2.0,0.0,1
2023-05-09,2023,1,SF,WSH,4.0,1.0,1
2023-05-09,2023,1,ATL,BOS,9.0,3.0,1
2023-05-09,2023,1,NYY,ATH,10.0,5.0,1
2023-05-09,2023,1,SEA,TEX,5.0,0.0,1
2023-05-09,2023,1,CHC,STL,4.0,6.0,0
2023-05-09,2023,1,PHI,TOR,8.0,4.0,1
2023-05-09,2023,1,ARI,MIA,2.0,6.0,0
2023-05-09,2023,1,KC,CWS,2.0,4.0,0
2023-05-09,2023,1,MIN,SD,1.0,6.0,0
2023-05-09,2023,1,PIT,COL,1.0,10.0,0
2023-05-09,2023,1,CIN,NYM,7.0,6.0,1
2023-05-09,2023,1,LAA,HOU,1.0,3.0,0
2023-05-09,2023,1,BAL,TB,4.0,2.0,1
2023-05-10,2023,1,PHI,TOR,2.0,1.0,1
2023-05-10,2023,1,KC,CWS,9.0,1.0,1
2023-05-10,2023,1,BAL,TB,2.0,1.0,1
2023-05-10,2023,1,CLE,DET,0.0,5.0,0
2023-05-10,2023,1,ATL,BOS,2.0,5.0,0
2023-05-10,2023,1,MIN,SD,4.0,3.0,1
2023-05-10,2023,1,ARI,MIA,4.0,5.0,0
2023-05-10,2023,1,PIT,COL,3.0,4.0,0
2023-05-10,2023,1,CHC,STL,10.0,4.0,1
2023-05-10,2023,1,MIL,LAD,1.0,8.0,0
2023-05-10,2023,1,SF,WSH,6.0,11.0,0
2023-05-10,2023,1,CIN,NYM,1.0,2.0,0
2023-05-10,2023,1,NYY,ATH,11.0,3.0,1
2023-05-10,2023,1,SEA,TEX,3.0,4.0,0
2023-05-10,2023,1,LAA,HOU,4.0,5.0,0
2023-05-11,2023,1,MIN,SD,5.0,3.0,1
2023-05-11,2023,1,NYY,TB,2.0,8.0,0
2023-05-11,2023,1,CIN,NYM,5.0,0.0,1
2023-05-11,2023,1,KC,CWS,4.0,3.0,1
2023-05-11,2023,1,ARI,SF,2.0,6.0,0
2023-05-11,2023,1,ATH,TEX,0.0,4.0,0
2023-05-12,2023,1,MIA,CIN,4.0,7.0,0
2023-05-12,2023,1,COL,PHI,3.0,6.0,0
2023-05-12,2023,1,CLE,LAA,4.0,5.0,0
2023-05-12,2023,1,ATH,TEX,9.0,7.0,1
2023-05-12,2023,1,CWS,HOU,1.0,5.0,0
2023-05-12,2023,1,BOS,STL,6.0,8.0,0
2023-05-12,2023,1,BAL,PIT,6.0,3.0,1
2023-05-12,2023,1,LAD,SD,4.0,2.0,1
2023-05-12,2023,1,ARI,SF,7.0,5.0,1
2023-05-12,2023,1,DET,SEA,2.0,9.0,0
2023-05-12,2023,1,TOR,ATL,3.0,0.0,1
2023-05-12,2023,1,WSH,NYM,2.0,3.0,0
2023-05-12,2023,1,MIL,KC,5.0,1.0,1
2023-05-12,2023,1,NYY,TB,6.0,5.0,1
2023-05-12,2023,1,MIN,CHC,2.0,6.0,0
2023-05-13,2023,1,BAL,PIT,2.0,0.0,1
2023-05-13,2023,1,COL,PHI,4.0,7.0,0
2023-05-13,2023,1,DET,SEA,0.0,5.0,0
2023-05-13,2023,1,LAD,SD,4.0,2.0,1
2023-05-13,2023,1,ATH,TEX,0.0,5.0,0
2023-05-13,2023,1,WSH,NYM,3.0,2.0,1
2023-05-13,2023,1,BOS,STL,3.0,4.0,0
2023-05-13,2023,1,MIA,CIN,5.0,6.0,0
2023-05-13,2023,1,MIL,KC,4.0,3.0,1
2023-05-13,2023,1,CLE,LAA,8.0,6.0,1
2023-05-13,2023,1,NYY,TB,9.0,8.0,1
2023-05-13,2023,1,TOR,ATL,5.0,2.0,1
2023-05-13,2023,1,MIN,CHC,11.0,1.0,1
2023-05-13,2023,1,CWS,HOU,3.0,1.0,1
2023-05-13,2023,1,ARI,SF,7.0,2.0,1
2023-05-14,2023,1,MIA,CIN,3.0,1.0,1
2023-05-14,2023,1,WSH,NYM,2.0,8.0,0
2023-05-14,2023,1,TOR,ATL,6.0,5.0,1
2023-05-14,2023,1,NYY,TB,7.0,8.0,0
2023-05-14,2023,1,MIN,CHC,16.0,3.0,1
2023-05-14,2023,1,DET,SEA,5.0,3.0,1
2023-05-14,2023,1,BAL,PIT,0.0,4.0,0
2023-05-14,2023,1,BOS,STL,1.0,9.0,0
2023-05-14,2023,1,CWS,HOU,3.0,4.0,0
2023-05-14,2023,1,ARI,SF,2.0,1.0,1
2023-05-14,2023,1,MIL,KC,9.0,6.0,1
2023-05-14,2023,1,ATH,TEX,3.0,11.0,0
2023-05-14,2023,1,CLE,LAA,4.0,3.0,1
2023-05-14,2023,1,LAD,SD,4.0,0.0,1
2023-05-14,2023,1,COL,PHI,4.0,0.0,1
2023-05-15,2023,1,SD,KC,4.0,0.0,1
2023-05-15,2023,1,COL,CIN,9.0,8.0,1
2023-05-15,2023,1,SF,PHI,6.0,3.0,1
2023-05-15,2023,1,LAD,MIN,9.0,8.0,1
2023-05-15,2023,1,ATH,ARI,2.0,5.0,0
2023-05-15,2023,1,STL,MIL,18.0,1.0,1
2023-05-15,2023,1,BAL,LAA,5.0,9.0,0
2023-05-15,2023,1,TEX,ATL,0.0,12.0,0
2023-05-15,2023,1,HOU,CHC,6.0,4.0,1
2023-05-15,2023,1,BOS,SEA,1.0,10.0,0
2023-05-15,2023,1,TOR,NYY,4.0,7.0,0
2023-05-15,2023,1,WSH,NYM,10.0,3.0,1
2023-05-16,2023,1,COL,CIN,1.0,3.0,0
2023-05-16,2023,1,TEX,ATL,7.0,4.0,1
2023-05-16,2023,1,LAD,MIN,1.0,5.0,0
2023-05-16,2023,1,STL,MIL,2.0,3.0,0
2023-05-16,2023,1,TOR,NYY,3.0,6.0,0
2023-05-16,2023,1,MIA,WSH,5.0,4.0,1
2023-05-16,2023,1,DET,PIT,4.0,0.0,1
2023-05-16,2023,1,BAL,LAA,7.0,3.0,1
2023-05-16,2023,1,CWS,CLE,8.0,3.0,1
2023-05-16,2023,1,ATH,ARI,9.0,8.0,1
2023-05-16,2023,1,HOU,CHC,7.0,3.0,1
2023-05-16,2023,1,SD,KC,4.0,5.0,0
2023-05-16,2023,1,NYM,TB,5.0,8.0,0
2023-05-16,2023,1,SF,PHI,4.0,3.0,1
2023-05-16,2023,1,BOS,SEA,9.0,4.0,1
2023-05-17,2023,1,LAD,MIN,7.0,3.0,1
2023-05-17,2023,1,HOU,CHC,7.0,6.0,1
2023-05-17,2023,1,COL,CIN,11.0,6.0,1
2023-05-17,2023,1,ATH,ARI,3.0,5.0,0
2023-05-17,2023,1,STL,MIL,3.0,0.0,1
2023-05-17,2023,1,DET,PIT,0.0,8.0,0
2023-05-17,2023,1,SD,KC,3.0,4.0,0
2023-05-17,2023,1,SF,PHI,7.0,4.0,1
2023-05-17,2023,1,BAL,LAA,3.0,1.0,1
2023-05-17,2023,1,MIA,WSH,4.0,3.0,1
2023-05-17,2023,1,CWS,CLE,7.0,2.0,1
2023-05-17,2023,1,TOR,NYY,3.0,0.0,1
2023-05-17,2023,1,TEX,ATL,5.0,6.0,0
2023-05-17,2023,1,NYM,TB,8.0,7.0,1
2023-05-17,2023,1,BOS,SEA,12.0,3.0,1
2023-05-18,2023,1,STL,LAD,16.0,8.0,1
2023-05-18,2023,1,TOR,NYY,2.0,4.0,0
2023-05-18,2023,1,CWS,CLE,1.0,3.0,0
2023-05-18,2023,1,BAL,LAA,5.0,6.0,0
2023-05-18,2023,1,MIA,WSH,5.0,3.0,1
2023-05-18,2023,1,NYM,TB,3.0,2.0,1
2023-05-19,2023,1,TEX,COL,7.0,2.0,1
2023-05-19,2023,1,WSH,DET,6.0,8.0,0
2023-05-19,2023,1,CIN,NYY,2.0,6.0,0
2023-05-19,2023,1,TB,MIL,1.0,0.0,1
2023-05-19,2023,1,PHI,CHC,1.0,10.0,0
2023-05-19,2023,1,NYM,CLE,10.0,9.0,1
2023-05-19,2023,1,PIT,ARI,13.0,3.0,1
2023-05-19,2023,1,HOU,ATH,5.0,1.0,1
2023-05-19,2023,1,TOR,BAL,2.0,6.0,0
2023-05-19,2023,1,SF,MIA,4.0,3.0,1
2023-05-19,2023,1,ATL,SEA,6.0,2.0,1
2023-05-19,2023,1,STL,LAD,0.0,5.0,0
2023-05-19,2023,1,SD,BOS,1.0,6.0,0
2023-05-19,2023,1,CWS,KC,2.0,0.0,1
2023-05-19,2023,1,LAA,MIN,5.0,4.0,1
2023-05-20,2023,1,ATL,SEA,3.0,7.0,0
2023-05-20,2023,1,SF,MIA,0.0,1.0,0
2023-05-20,2023,1,PIT,ARI,3.0,4.0,0
2023-05-20,2023,1,PHI,CHC,12.0,3.0,1
2023-05-20,2023,1,HOU,ATH,3.0,2.0,1
2023-05-20,2023,1,STL,LAD,6.0,5.0,1
2023-05-20,2023,1,CWS,KC,5.0,1.0,1
2023-05-20,2023,1,SD,BOS,2.0,4.0,0
2023-05-20,2023,1,TOR,BAL,5.0,6.0,0
2023-05-20,2023,1,WSH,DET,5.0,2.0,1
2023-05-20,2023,1,LAA,MIN,2.0,6.0,0
2023-05-20,2023,1,TEX,COL,11.0,5.0,1
2023-05-20,2023,1,TB,MIL,8.0,4.0,1
2023-05-20,2023,1,CIN,NYY,4.0,7.0,0
2023-05-21,2023,1,ATL,SEA,3.0,2.0,1
2023-05-21,2023,1,LAA,MIN,4.0,2.0,1
2023-05-21,2023,1,TOR,BAL,3.0,8.0,0
2023-05-21,2023,1,HOU,ATH,2.0,0.0,1
2023-05-21,2023,1,SF,MIA,7.0,5.0,1
2023-05-21,2023,1,STL,LAD,10.0,5.0,1
2023-05-21,2023,1,PHI,CHC,2.0,1.0,1
2023-05-21,2023,1,TB,MIL,4.0,6.0,0
2023-05-21,2023,1,TEX,COL,13.0,3.0,1
2023-05-21,2023,1,PIT,ARI,3.0,8.0,0
2023-05-21,2023,1,CWS,KC,5.0,2.0,1
2023-05-21,2023,1,SD,BOS,7.0,0.0,1
2023-05-21,2023,2,NYM,CLE,2.0,1.0,1
2023-05-21,2023,1,NYM,CLE,5.0,4.0,1
2023-05-21,2023,1,WSH,DET,6.0,4.0,1
2023-05-21,2023,1,CIN,NYY,1.0,4.0,0
2023-05-22,2023,1,PHI,ARI,3.0,6.0,0
2023-05-22,2023,1,MIN,SF,1.0,4.0,0
2023-05-22,2023,1,SEA,ATH,11.0,2.0,1
2023-05-22,2023,1,COL,MIA,5.0,3.0,1
2023-05-22,2023,1,TB,TOR,6.0,4.0,1
2023-05-22,2023,1,MIL,HOU,2.0,12.0,0
2023-05-22,2023,1,LAA,BOS,2.0,1.0,1
2023-05-22,2023,1,CLE,CWS,3.0,0.0,1
2023-05-22,2023,1,CIN,STL,6.0,5.0,1
2023-05-22,2023,1,KC,DET,5.0,8.0,0
2023-05-22,2023,1,ATL,LAD,6.0,8.0,0
2023-05-22,2023,1,PIT,TEX,6.0,4.0,1
2023-05-23,2023,1,ATL,LAD,1.0,8.0,0
2023-05-23,2023,1,WSH,SD,4.0,7.0,0
2023-05-23,2023,1,CLE,CWS,2.0,4.0,0
2023-05-23,2023,1,SEA,ATH,3.0,2.0,1
2023-05-23,2023,1,PIT,TEX,1.0,6.0,0
2023-05-23,2023,1,CHC,NYM,7.0,2.0,1
2023-05-23,2023,1,MIN,SF,3.0,4.0,0
2023-05-23,2023,1,COL,MIA,5.0,4.0,1
2023-05-23,2023,1,KC,DET,4.0,1.0,1
2023-05-23,2023,1,PHI,ARI,3.0,4.0,0
2023-05-23,2023,1,NYY,BAL,6.0,5.0,1
2023-05-23,2023,1,CIN,STL,5.0,8.0,0
2023-05-23,2023,1,MIL,HOU,6.0,0.0,1
2023-05-23,2023,1,TB,TOR,1.0,20.0,0
2023-05-23,2023,1,LAA,BOS,4.0,0.0,1
2023-05-24,2023,1,NYY,BAL,6.0,9.0,0
2023-05-24,2023,1,CLE,CWS,0.0,6.0,0
2023-05-24,2023,1,ATL,LAD,4.0,3.0,1
2023-05-24,2023,1,LAA,BOS,7.0,3.0,1
2023-05-24,2023,1,CHC,NYM,4.0,2.0,1
2023-05-24,2023,1,MIN,SF,7.0,1.0,1
2023-05-24,2023,1,TB,TOR,7.0,3.0,1
2023-05-24,2023,1,MIL,HOU,4.0,0.0,1
2023-05-24,2023,1,PHI,ARI,6.0,5.0,1
2023-05-24,2023,1,COL,MIA,2.0,10.0,0
2023-05-24,2023,1,CIN,STL,10.0,3.0,1
2023-05-24,2023,1,PIT,TEX,2.0,3.0,0
2023-05-24,2023,1,SEA,ATH,6.0,1.0,1
2023-05-24,2023,1,KC,DET,4.0,6.0,0
2023-05-24,2023,1,WSH,SD,5.0,3.0,1
2023-05-25,2023,1,DET,CWS,7.0,2.0,1
2023-05-25,2023,1,ATL,PHI,8.0,5.0,1
2023-05-25,2023,1,NYY,BAL,1.0,3.0,0
2023-05-25,2023,1,MIL,SF,0.0,5.0,0
2023-05-25,2023,1,WSH,SD,6.0,8.0,0
2023-05-25,2023,1,CHC,NYM,1.0,10.0,0
2023-05-25,2023,1,TB,TOR,6.0,3.0,1
2023-05-25,2023,1,CIN,STL,1.0,2.0,0
2023-05-25,2023,1,SEA,ATH,3.0,2.0,1
2023-05-25,2023,1,COL,MIA,7.0,6.0,1
2023-05-26,2023,1,NYY,SD,1.0,5.0,0
2023-05-26,2023,1,CLE,STL,4.0,3.0,1
2023-05-26,2023,1,COL,NYM,2.0,5.0,0
2023-05-26,2023,1,ATH,HOU,2.0,5.0,0
2023-05-26,2023,1,KC,WSH,10.0,12.0,0
2023-05-26,2023,1,MIN,TOR,1.0,3.0,0
2023-05-26,2023,1,ARI,BOS,2.0,7.0,0
2023-05-26,2023,1,ATL,PHI,4.0,6.0,0
2023-05-26,2023,1,SEA,PIT,6.0,11.0,0
2023-05-26,2023,1,DET,CWS,3.0,12.0,0
2023-05-26,2023,1,LAA,MIA,2.0,6.0,0
2023-05-26,2023,1,BAL,TEX,2.0,12.0,0
2023-05-26,2023,1,CHC,CIN,0.0,9.0,0
2023-05-26,2023,1,MIL,SF,1.0,15.0,0
2023-05-26,2023,1,TB,LAD,9.0,3.0,1
2023-05-27,2023,1,LAA,MIA,5.0,8.0,0
2023-05-27,2023,1,KC,WSH,2.0,4.0,0
2023-05-27,2023,1,ATH,HOU,3.0,6.0,0
2023-05-27,2023,1,ATL,PHI,1.0,2.0,0
2023-05-27,2023,1,SEA,PIT,5.0,0.0,1
2023-05-27,2023,1,MIN,TOR,9.0,7.0,1
2023-05-27,2023,1,CHC,CIN,5.0,8.0,0
2023-05-27,2023,1,ARI,BOS,1.0,2.0,0
2023-05-27,2023,1,BAL,TEX,3.0,5.0,0
2023-05-27,2023,1,TB,LAD,5.0,6.0,0
2023-05-27,2023,1,MIL,SF,1.0,3.0,0
2023-05-27,2023,1,CLE,STL,1.0,2.0,0
2023-05-27,2023,1,DET,CWS,7.0,3.0,1
2023-05-27,2023,1,COL,NYM,10.0,7.0,1
2023-05-27,2023,1,NYY,SD,3.0,2.0,1
2023-05-28,2023,1,CLE,STL,4.0,3.0,1
2023-05-28,2023,1,ATL,PHI,11.0,4.0,1
2023-05-28,2023,1,BAL,TEX,3.0,2.0,1
2023-05-28,2023,1,MIL,SF,7.0,5.0,1
2023-05-28,2023,1,CHC,CIN,5.0,8.0,0
2023-05-28,2023,1,KC,WSH,3.0,2.0,1
2023-05-28,2023,1,COL,NYM,11.0,10.0,1
2023-05-28,2023,1,ARI,BOS,4.0,2.0,1
2023-05-28,2023,1,ATH,HOU,1.0,10.0,0
2023-05-28,2023,1,DET,CWS,6.0,5.0,1
2023-05-28,2023,1,LAA,MIA,0.0,2.0,0
2023-05-28,2023,1,SEA,PIT,6.0,3.0,1
2023-05-28,2023,1,TB,LAD,11.0,10.0,1
2023-05-28,2023,1,MIN,TOR,0.0,3.0,0
2023-05-28,2023,1,NYY,SD,10.0,7.0,1
2023-05-29,2023,1,CHC,TB,1.0,0.0,1
2023-05-29,2023,1,HOU,MIN,5.0,7.0,0
2023-05-29,2023,1,DET,TEX,0.0,5.0,0
2023-05-29,2023,1,BAL,CLE,0.0,5.0,0
2023-05-29,2023,1,LAD,WSH,6.0,1.0,1
2023-05-29,2023,1,ARI,COL,7.0,5.0,1
2023-05-29,2023,1,ATH,ATL,7.0,2.0,1
2023-05-29,2023,1,STL,KC,0.0,7.0,0
2023-05-29,2023,1,SEA,NYY,4.0,10.0,0
2023-05-29,2023,1,CWS,LAA,4.0,6.0,0
2023-05-29,2023,1,SF,PIT,14.0,4.0,1
2023-05-30,2023,1,CHC,TB,2.0,1.0,1
2023-05-30,2023,1,LAD,WSH,9.0,3.0,1
2023-05-30,2023,1,ARI,COL,5.0,1.0,1
2023-05-30,2023,1,NYM,PHI,2.0,0.0,1
2023-05-30,2023,1,SEA,NYY,2.0,10.0,0
2023-05-30,2023,1,STL,KC,2.0,1.0,1
2023-05-30,2023,1,DET,TEX,6.0,10.0,0
2023-05-30,2023,1,BOS,CIN,8.0,9.0,0
2023-05-30,2023,1,MIA,SD,4.0,9.0,0
2023-05-30,2023,1,HOU,MIN,5.0,1.0,1
2023-05-30,2023,1,ATH,ATL,2.0,1.0,1
2023-05-30,2023,1,BAL,CLE,8.0,5.0,1
2023-05-30,2023,1,SF,PIT,1.0,2.0,0
2023-05-30,2023,1,CWS,LAA,7.0,3.0,1
2023-05-30,2023,1,TOR,MIL,7.0,2.0,1
2023-05-31,2023,1,NYM,PHI,4.0,1.0,1
2023-05-31,2023,1,LAD,WSH,6.0,10.0,0
2023-05-31,2023,1,CWS,LAA,5.0,12.0,0
2023-05-31,2023,1,ATH,ATL,2.0,4.0,0
2023-05-31,2023,1,CHC,TB,3.0,4.0,0
2023-05-31,2023,1,SF,PIT,4.0,9.0,0
2023-05-31,2023,1,SEA,NYY,1.0,0.0,1
2023-05-31,2023,1,BAL,CLE,8.0,12.0,0
2023-05-31,2023,1,MIA,SD,2.0,1.0,1
2023-05-31,2023,1,ARI,COL,6.0,0.0,1
2023-05-31,2023,1,DET,TEX,3.0,2.0,1
2023-05-31,2023,1,BOS,CIN,4.0,5.0,0
2023-05-31,2023,1,TOR,MIL,2.0,4.0,0
2023-05-31,2023,1,HOU,MIN,2.0,8.0,0
2023-06-01,2023,1,MIA,SD,1.0,10.0,0
2023-06-01,2023,1,ARI,COL,5.0,4.0,1
2023-06-01,2023,1,TOR,MIL,3.0,1.0,1
2023-06-01,2023,1,BOS,CIN,8.0,2.0,1
2023-06-01,2023,1,HOU,LAA,5.0,2.0,1
2023-06-01,2023,1,NYM,PHI,4.0,2.0,1
2023-06-01,2023,1,MIN,CLE,7.0,6.0,1
2023-06-02,2023,1,LAD,NYY,8.0,4.0,1
2023-06-02,2023,1,WSH,PHI,8.0,7.0,1
2023-06-02,2023,1,PIT,STL,7.0,5.0,1
2023-06-02,2023,1,MIA,ATH,4.0,0.0,1
2023-06-02,2023,1,KC,COL,2.0,7.0,0
2023-06-02,2023,1,CIN,MIL,4.0,5.0,0
2023-06-02,2023,1,HOU,LAA,6.0,2.0,1
2023-06-02,2023,1,SD,CHC,1.0,2.0,0
2023-06-02,2023,1,CWS,DET,3.0,0.0,1
2023-06-02,2023,1,MIN,CLE,1.0,0.0,1
2023-06-02,2023,1,ARI,ATL,3.0,2.0,1
2023-06-02,2023,1,NYM,TOR,0.0,3.0,0
2023-06-02,2023,1,TEX,SEA,2.0,0.0,1
2023-06-02,2023,1,SF,BAL,2.0,3.0,0
2023-06-03,2023,1,KC,COL,4.0,6.0,0
2023-06-03,2023,1,TEX,SEA,16.0,6.0,1
2023-06-03,2023,1,PIT,STL,4.0,3.0,1
2023-06-03,2023,1,MIA,ATH,12.0,1.0,1
2023-06-03,2023,1,CIN,MIL,8.0,10.0,0
2023-06-03,2023,1,MIN,CLE,2.0,4.0,0
2023-06-03,2023,1,SF,BAL,4.0,0.0,1
2023-06-03,2023,1,SD,CHC,6.0,0.0,1
2023-06-03,2023,1,NYM,TOR,1.0,2.0,0
2023-06-03,2023,1,CWS,DET,2.0,1.0,1
2023-06-03,2023,2,BOS,TB,2.0,4.0,0
2023-06-03,2023,1,HOU,LAA,9.0,6.0,1
2023-06-03,2023,1,BOS,TB,8.0,5.0,1
2023-06-03,2023,1,WSH,PHI,2.0,4.0,0
2023-06-03,2023,1,LAD,NYY,3.0,6.0,0
2023-06-03,2023,1,ARI,ATL,2.0,5.0,0
2023-06-04,2023,1,ARI,ATL,5.0,8.0,0
2023-06-04,2023,1,CWS,DET,6.0,2.0,1
2023-06-04,2023,1,KC,COL,2.0,0.0,1
2023-06-04,2023,1,MIN,CLE,1.0,2.0,0
2023-06-04,2023,1,CIN,MIL,1.0,5.0,0
2023-06-04,2023,1,MIA,ATH,7.0,5.0,1
2023-06-04,2023,1,PIT,STL,2.0,1.0,1
2023-06-04,2023,1,BOS,TB,2.0,6.0,0
2023-06-04,2023,1,LAD,NYY,1.0,4.0,0
2023-06-04,2023,1,TEX,SEA,12.0,3.0,1
2023-06-04,2023,1,WSH,PHI,3.0,11.0,0
2023-06-04,2023,1,HOU,LAA,1.0,2.0,0
2023-06-04,2023,1,SD,CHC,1.0,7.0,0
2023-06-04,2023,1,NYM,TOR,4.0,6.0,0
2023-06-04,2023,1,SF,BAL,3.0,8.0,0
2023-06-05,2023,1,PIT,ATH,5.0,4.0,1
2023-06-05,2023,1,CIN,MIL,2.0,0.0,1
2023-06-05,2023,1,BOS,TB,1.0,4.0,0
2023-06-05,2023,1,TOR,HOU,4.0,11.0,0
2023-06-05,2023,1,TEX,STL,4.0,3.0,1
2023-06-05,2023,1,SD,CHC,5.0,0.0,1
2023-06-05,2023,1,MIA,KC,9.0,6.0,1
2023-06-05,2023,1,PHI,DET,8.0,3.0,1
2023-06-06,2023,1,TB,MIN,7.0,0.0,1
2023-06-06,2023,1,LAA,CHC,7.0,4.0,1
2023-06-06,2023,1,CLE,BOS,4.0,5.0,0
2023-06-06,2023,1,MIA,KC,6.0,1.0,1
2023-06-06,2023,1,TEX,STL,6.0,4.0,1
2023-06-06,2023,1,WSH,ARI,5.0,10.0,0
2023-06-06,2023,1,TOR,HOU,5.0,1.0,1
2023-06-06,2023,1,CIN,LAD,9.0,8.0,1
2023-06-06,2023,1,COL,SF,4.0,10.0,0
2023-06-06,2023,1,PHI,DET,1.0,0.0,1
2023-06-06,2023,1,ATL,NYM,6.0,4.0,1
2023-06-06,2023,1,SD,SEA,1.0,4.0,0
2023-06-06,2023,1,NYY,CWS,2.0,3.0,0
2023-06-06,2023,1,PIT,ATH,2.0,11.0,0
2023-06-06,2023,1,MIL,BAL,4.0,3.0,1
2023-06-07,2023,1,COL,SF,4.0,5.0,0
2023-06-07,2023,1,TEX,STL,0.0,1.0,0
2023-06-07,2023,1,MIA,KC,6.0,1.0,1
2023-06-07,2023,1,LAA,CHC,6.0,2.0,1
2023-06-07,2023,1,SD,SEA,10.0,3.0,1
2023-06-07,2023,1,PIT,ATH,5.0,9.0,0
2023-06-07,2023,1,WSH,ARI,2.0,6.0,0
2023-06-07,2023,1,CIN,LAD,8.0,6.0,1
2023-06-07,2023,1,TOR,HOU,3.0,2.0,1
2023-06-07,2023,1,CLE,BOS,5.0,2.0,1
2023-06-07,2023,1,MIL,BAL,10.0,2.0,1
2023-06-07,2023,1,ATL,NYM,7.0,5.0,1
2023-06-07,2023,1,TB,MIN,2.0,1.0,1
2023-06-08,2023,1,PHI,DET,3.0,2.0,1
2023-06-08,2023,1,CLE,BOS,10.0,3.0,1
2023-06-08,2023,1,MIL,BAL,3.0,6.0,0
2023-06-08,2023,1,TB,MIN,4.0,2.0,1
2023-06-08,2023,1,ATL,NYM,13.0,10.0,1
2023-06-08,2023,1,CIN,LAD,0.0,6.0,0
2023-06-08,2023,1,COL,SF,4.0,6.0,0
2023-06-08,2023,1,LAA,CHC,3.0,1.0,1
2023-06-08,2023,1,TOR,HOU,3.0,2.0,1
2023-06-08,2023,1,NYY,CWS,5.0,6.0,0
2023-06-08,2023,2,NYY,CWS,3.0,0.0,1
2023-06-09,2023,1,LAA,SEA,5.0,4.0,1
2023-06-09,2023,1,TOR,MIN,2.0,3.0,0
2023-06-09,2023,1,MIL,ATH,2.0,5.0,0
2023-06-09,2023,1,STL,CIN,7.0,4.0,1
2023-06-09,2023,1,PIT,NYM,14.0,7.0,1
2023-06-09,2023,1,ATL,WSH,3.0,2.0,1
2023-06-09,2023,1,COL,SD,6.0,9.0,0
2023-06-09,2023,1,PHI,LAD,5.0,4.0,1
2023-06-09,2023,1,NYY,BOS,2.0,3.0,0
2023-06-09,2023,1,BAL,KC,3.0,2.0,1
2023-06-09,2023,1,SF,CHC,2.0,3.0,0
2023-06-09,2023,1,CWS,MIA,2.0,1.0,1
2023-06-09,2023,1,TB,TEX,8.0,3.0,1
2023-06-09,2023,1,CLE,HOU,10.0,9.0,1
2023-06-09,2023,1,DET,ARI,6.0,11.0,0
2023-06-10,2023,1,DET,ARI,0.0,5.0,0
2023-06-10,2023,1,BAL,KC,6.0,1.0,1
2023-06-10,2023,1,TOR,MIN,4.0,9.0,0
2023-06-10,2023,1,MIL,ATH,1.0,2.0,0
2023-06-10,2023,1,SF,CHC,0.0,4.0,0
2023-06-10,2023,1,CLE,HOU,4.0,6.0,0
2023-06-10,2023,1,LAA,SEA,2.0,6.0,0
2023-06-10,2023,1,PHI,LAD,0.0,9.0,0
2023-06-10,2023,1,CWS,MIA,1.0,5.0,0
2023-06-10,2023,1,ATL,WSH,6.0,4.0,1
2023-06-10,2023,1,NYY,BOS,3.0,1.0,1
2023-06-10,2023,1,COL,SD,2.0,3.0,0
2023-06-10,2023,1,PIT,NYM,1.0,5.0,0
2023-06-10,2023,1,STL,CIN,4.0,8.0,0
2023-06-10,2023,1,TB,TEX,4.0,8.0,0
2023-06-11,2023,1,CWS,MIA,5.0,6.0,0
2023-06-11,2023,1,NYY,BOS,2.0,3.0,0
2023-06-11,2023,1,BAL,KC,11.0,3.0,1
2023-06-11,2023,1,CLE,HOU,5.0,0.0,1
2023-06-11,2023,1,TB,TEX,7.0,3.0,1
2023-06-11,2023,1,COL,SD,5.0,4.0,1
2023-06-11,2023,1,SF,CHC,13.0,3.0,1
2023-06-11,2023,1,STL,CIN,3.0,4.0,0
2023-06-11,2023,1,PHI,LAD,7.0,3.0,1
2023-06-11,2023,1,PIT,NYM,2.0,1.0,1
2023-06-11,2023,1,TOR,MIN,7.0,6.0,1
2023-06-11,2023,1,MIL,ATH,6.0,8.0,0
2023-06-11,2023,1,LAA,SEA,9.0,4.0,1
2023-06-11,2023,1,ATL,WSH,2.0,6.0,0
2023-06-11,2023,1,DET,ARI,5.0,7.0,0
2023-06-12,2023,1,ATH,TB,4.0,3.0,1
2023-06-12,2023,1,KC,CIN,4.0,5.0,0
2023-06-12,2023,1,BOS,COL,3.0,4.0,0
2023-06-12,2023,1,ARI,PHI,9.0,8.0,1
2023-06-12,2023,1,DET,ATL,6.0,5.0,1
2023-06-12,2023,1,STL,SF,3.0,4.0,0
2023-06-12,2023,1,SEA,MIA,8.0,1.0,1
2023-06-12,2023,1,TEX,LAA,6.0,9.0,0
2023-06-13,2023,1,BOS,COL,6.0,7.0,0
2023-06-13,2023,1,ATH,TB,2.0,1.0,1
2023-06-13,2023,1,NYM,NYY,6.0,7.0,0
2023-06-13,2023,1,BAL,TOR,11.0,6.0,1
2023-06-13,2023,1,LAD,CWS,5.0,1.0,1
2023-06-13,2023,1,MIN,MIL,7.0,5.0,1
2023-06-13,2023,1,SD,CLE,6.0,3.0,1
2023-06-13,2023,1,KC,CIN,4.0,5.0,0
2023-06-13,2023,1,STL,SF,3.0,11.0,0
2023-06-13,2023,1,CHC,PIT,11.0,3.0,1
2023-06-13,2023,1,SEA,MIA,9.0,3.0,1
2023-06-13,2023,1,TEX,LAA,3.0,7.0,0
2023-06-13,2023,1,ARI,PHI,3.0,15.0,0
2023-06-13,2023,1,HOU,WSH,6.0,1.0,1
2023-06-14,2023,1,CHC,PIT,10.0,6.0,1
2023-06-14,2023,1,NYM,NYY,4.0,3.0,1
2023-06-14,2023,1,SEA,MIA,1.0,4.0,0
2023-06-14,2023,1,LAD,CWS,4.0,8.0,0
2023-06-14,2023,1,HOU,WSH,5.0,4.0,1
2023-06-14,2023,1,KC,CIN,4.0,7.0,0
2023-06-14,2023,1,SD,CLE,5.0,0.0,1
2023-06-14,2023,1,ARI,PHI,3.0,4.0,0
2023-06-14,2023,1,BOS,COL,6.0,3.0,1
2023-06-14,2023,1,STL,SF,5.0,8.0,0
2023-06-14,2023,1,BAL,TOR,1.0,3.0,0
2023-06-14,2023,1,DET,ATL,7.0,10.0,0
2023-06-14,2023,2,DET,ATL,5.0,6.0,0
2023-06-14,2023,1,ATH,TB,3.0,6.0,0
2023-06-14,2023,1,TEX,LAA,6.0,3.0,1
2023-06-14,2023,1,MIN,MIL,4.0,2.0,1
2023-06-15,2023,1,BAL,TOR,4.0,2.0,1
2023-06-15,2023,1,CHC,PIT,7.0,2.0,1
2023-06-15,2023,1,ATL,COL,8.0,3.0,1
2023-06-15,2023,1,LAD,CWS,5.0,4.0,1
2023-06-15,2023,1,TEX,LAA,3.0,5.0,0
2023-06-15,2023,1,HOU,WSH,1.0,4.0,0
2023-06-15,2023,1,MIN,DET,4.0,8.0,0
2023-06-15,2023,1,ATH,TB,3.0,4.0,0
2023-06-15,2023,1,ARI,PHI,4.0,5.0,0
2023-06-15,2023,1,SD,CLE,6.0,8.0,0
2023-06-16,2023,1,HOU,CIN,1.0,2.0,0
2023-06-16,2023,1,ATL,COL,8.0,1.0,1
2023-06-16,2023,1,NYM,STL,6.0,1.0,1
2023-06-16,2023,1,SEA,CWS,3.0,2.0,1
2023-06-16,2023,1,BOS,NYY,15.0,5.0,1
2023-06-16,2023,1,CHC,BAL,10.0,3.0,1
2023-06-16,2023,1,ARI,CLE,5.0,1.0,1
2023-06-16,2023,1,ATH,PHI,1.0,6.0,0
2023-06-16,2023,1,TEX,TOR,1.0,2.0,0
2023-06-16,2023,1,MIL,PIT,5.0,4.0,1
2023-06-16,2023,1,KC,LAA,0.0,3.0,0
2023-06-16,2023,1,LAD,SF,5.0,7.0,0
2023-06-16,2023,1,SD,TB,2.0,6.0,0
2023-06-16,2023,1,MIN,DET,1.0,7.0,0
2023-06-16,2023,1,WSH,MIA,5.0,6.0,0
2023-06-17,2023,1,TEX,TOR,4.0,2.0,1
2023-06-17,2023,1,ATL,COL,10.0,2.0,1
2023-06-17,2023,1,NYM,STL,3.0,5.0,0
2023-06-17,2023,1,CHC,BAL,3.0,2.0,1
2023-06-17,2023,1,ARI,CLE,6.0,3.0,1
2023-06-17,2023,1,ATH,PHI,2.0,3.0,0
2023-06-17,2023,1,SD,TB,2.0,0.0,1
2023-06-17,2023,1,MIN,DET,2.0,0.0,1
2023-06-17,2023,1,KC,LAA,10.0,9.0,1
2023-06-17,2023,1,HOU,CIN,3.0,10.0,0
2023-06-17,2023,1,MIL,PIT,5.0,0.0,1
2023-06-17,2023,1,LAD,SF,0.0,15.0,0
2023-06-17,2023,1,WSH,MIA,2.0,5.0,0
2023-06-17,2023,1,SEA,CWS,3.0,4.0,0
2023-06-18,2023,1,SEA,CWS,5.0,1.0,1
2023-06-18,2023,1,SD,TB,5.0,4.0,1
2023-06-18,2023,1,HOU,CIN,7.0,9.0,0
2023-06-18,2023,1,NYM,STL,7.0,8.0,0
2023-06-18,2023,1,ARI,CLE,3.0,12.0,0
2023-06-18,2023,1,LAD,SF,3.0,7.0,0
2023-06-18,2023,1,ATL,COL,14.0,6.0,1
2023-06-18,2023,1,MIL,PIT,5.0,2.0,1
2023-06-18,2023,1,CHC,BAL,3.0,6.0,0
2023-06-18,2023,1,ATH,PHI,2.0,3.0,0
2023-06-18,2023,1,MIN,DET,4.0,6.0,0
2023-06-18,2023,1,KC,LAA,2.0,5.0,0
2023-06-18,2023,1,WSH,MIA,2.0,4.0,0
2023-06-18,2023,1,BOS,NYY,6.0,2.0,1
2023-06-18,2023,2,BOS,NYY,4.0,1.0,1
2023-06-18,2023,1,TEX,TOR,11.0,7.0,1
2023-06-19,2023,1,PIT,CHC,0.0,8.0,0
2023-06-19,2023,1,SF,SD,7.0,4.0,1
2023-06-19,2023,1,HOU,NYM,1.0,11.0,0
2023-06-19,2023,1,DET,KC,6.0,4.0,1
2023-06-19,2023,1,WSH,STL,6.0,8.0,0
2023-06-19,2023,1,MIL,ARI,1.0,9.0,0
2023-06-19,2023,1,MIA,TOR,11.0,0.0,1
2023-06-19,2023,1,CIN,COL,5.0,4.0,1
2023-06-19,2023,1,MIN,BOS,3.0,9.0,0
2023-06-19,2023,1,CWS,TEX,2.0,5.0,0
2023-06-20,2023,1,CIN,COL,8.0,6.0,1
2023-06-20,2023,1,LAA,LAD,0.0,2.0,0
2023-06-20,2023,1,PIT,CHC,0.0,4.0,0
2023-06-20,2023,1,DET,KC,0.0,1.0,0
2023-06-20,2023,1,TB,BAL,6.0,8.0,0
2023-06-20,2023,1,MIN,BOS,4.0,10.0,0
2023-06-20,2023,1,MIL,ARI,7.0,5.0,1
2023-06-20,2023,1,HOU,NYM,4.0,2.0,1
2023-06-20,2023,1,WSH,STL,3.0,9.0,0
2023-06-20,2023,1,PHI,ATL,2.0,4.0,0
2023-06-20,2023,1,CLE,ATH,3.0,2.0,1
2023-06-20,2023,1,SF,SD,4.0,3.0,1
2023-06-20,2023,1,MIA,TOR,0.0,2.0,0
2023-06-20,2023,1,CWS,TEX,7.0,6.0,1
2023-06-20,2023,1,NYY,SEA,3.0,1.0,1
2023-06-21,2023,1,MIA,TOR,3.0,6.0,0
2023-06-21,2023,1,NYY,SEA,4.0,2.0,1
2023-06-21,2023,1,PIT,CHC,3.0,8.0,0
2023-06-21,2023,1,MIN,BOS,5.0,4.0,1
2023-06-21,2023,1,LAA,LAD,0.0,2.0,0
2023-06-21,2023,1,MIL,ARI,1.0,5.0,0
2023-06-21,2023,1,DET,KC,9.0,4.0,1
2023-06-21,2023,1,SF,SD,4.0,2.0,1
2023-06-21,2023,1,TB,BAL,7.0,2.0,1
2023-06-21,2023,1,HOU,NYM,10.0,8.0,1
2023-06-21,2023,1,WSH,STL,3.0,0.0,1
2023-06-21,2023,1,CWS,TEX,3.0,6.0,0
2023-06-21,2023,1,CIN,COL,5.0,3.0,1
2023-06-21,2023,1,CLE,ATH,7.0,6.0,1
2023-06-22,2023,1,PHI,ATL,1.0,5.0,0
2023-06-22,2023,1,WSH,ARI,3.0,5.0,0
2023-06-22,2023,1,NYY,SEA,2.0,10.0,0
2023-06-22,2023,1,SF,SD,0.0,10.0,0
2023-06-22,2023,1,MIA,PIT,6.0,4.0,1
2023-06-22,2023,1,MIN,BOS,6.0,0.0,1
2023-06-22,2023,1,CLE,ATH,6.0,1.0,1
2023-06-22,2023,1,TB,KC,5.0,6.0,0
2023-06-23,2023,1,MIA,PIT,1.0,3.0,0
2023-06-23,2023,1,NYY,TEX,2.0,4.0,0
2023-06-23,2023,1,BAL,SEA,1.0,13.0,0
2023-06-23,2023,1,TB,KC,11.0,3.0,1
2023-06-23,2023,1,CWS,BOS,1.0,3.0,0
2023-06-23,2023,1,PHI,NYM,5.0,1.0,1
2023-06-23,2023,1,SD,WSH,13.0,3.0,1
2023-06-23,2023,1,DET,MIN,1.0,4.0,0
2023-06-23,2023,1,SF,ARI,8.0,5.0,1
2023-06-23,2023,1,CLE,MIL,1.0,7.0,0
2023-06-23,2023,1,CIN,ATL,11.0,10.0,1
2023-06-23,2023,1,COL,LAA,7.0,4.0,1
2023-06-23,2023,1,TOR,ATH,4.0,5.0,0
2023-06-23,2023,1,LAD,HOU,3.0,2.0,1
2023-06-24,2023,1,STL,CHC,1.0,9.0,0
2023-06-24,2023,1,TB,KC,4.0,9.0,0
2023-06-24,2023,1,NYY,TEX,1.0,0.0,1
2023-06-24,2023,1,MIA,PIT,4.0,3.0,1
2023-06-24,2023,1,TOR,ATH,7.0,3.0,1
2023-06-24,2023,1,DET,MIN,3.0,2.0,1
2023-06-24,2023,1,CLE,MIL,4.0,2.0,1
2023-06-24,2023,1,CWS,BOS,5.0,4.0,1
2023-06-24,2023,1,SD,WSH,0.0,2.0,0
2023-06-24,2023,1,CIN,ATL,6.0,7.0,0
2023-06-24,2023,1,BAL,SEA,6.0,4.0,1
2023-06-24,2023,1,SF,ARI,7.0,6.0,1
2023-06-24,2023,1,PHI,NYM,2.0,4.0,0
2023-06-24,2023,1,LAD,HOU,8.0,7.0,1
2023-06-24,2023,1,COL,LAA,1.0,25.0,0
2023-06-25,2023,1,MIA,PIT,2.0,0.0,1
2023-06-25,2023,1,NYY,TEX,5.0,3.0,1
2023-06-25,2023,1,CWS,BOS,4.0,1.0,1
2023-06-25,2023,1,CLE,MIL,4.0,5.0,0
2023-06-25,2023,1,COL,LAA,4.0,3.0,1
2023-06-25,2023,1,TOR,ATH,12.0,1.0,1
2023-06-25,2023,1,CIN,ATL,6.0,7.0,0
2023-06-25,2023,1,TB,KC,3.0,1.0,1
2023-06-25,2023,1,STL,CHC,7.0,5.0,1
2023-06-25,2023,1,BAL,SEA,3.0,2.0,1
2023-06-25,2023,1,DET,MIN,3.0,6.0,0
2023-06-25,2023,1,LAD,HOU,5.0,6.0,0
2023-06-25,2023,1,SF,ARI,2.0,5.0,0
2023-06-25,2023,1,SD,WSH,3.0,8.0,0
2023-06-25,2023,1,PHI,NYM,7.0,6.0,1
2023-06-26,2023,1,ATL,MIN,4.0,1.0,1
2023-06-26,2023,1,TEX,DET,2.0,7.0,0
2023-06-26,2023,1,BAL,CIN,10.0,3.0,1
2023-06-26,2023,1,SEA,WSH,8.0,4.0,1
2023-06-26,2023,1,NYM,MIL,1.0,2.0,0
2023-06-26,2023,1,LAA,CWS,2.0,1.0,1
2023-06-27,2023,1,KC,CLE,1.0,2.0,0
2023-06-27,2023,1,CHC,PHI,1.0,5.0,0
2023-06-27,2023,1,ATH,NYY,2.0,1.0,1
2023-06-27,2023,1,SEA,WSH,4.0,7.0,0
2023-06-27,2023,1,BOS,MIA,1.0,10.0,0
2023-06-27,2023,1,ATL,MIN,6.0,2.0,1
2023-06-27,2023,1,COL,LAD,0.0,5.0,0
2023-06-27,2023,1,NYM,MIL,7.0,2.0,1
2023-06-27,2023,1,TOR,SF,0.0,3.0,0
2023-06-27,2023,1,TEX,DET,8.0,3.0,1
2023-06-27,2023,1,ARI,TB,8.0,4.0,1
2023-06-27,2023,1,STL,HOU,4.0,2.0,1
2023-06-27,2023,1,PIT,SD,9.0,4.0,1
2023-06-27,2023,1,BAL,CIN,1.0,3.0,0
2023-06-27,2023,1,LAA,CWS,4.0,2.0,1
2023-06-28,2023,1,BAL,CIN,7.0,11.0,0
2023-06-28,2023,1,ARI,TB,2.0,3.0,0
2023-06-28,2023,1,TEX,DET,10.0,2.0,1
2023-06-28,2023,1,TOR,SF,6.0,1.0,1
2023-06-28,2023,1,ATH,NYY,0.0,11.0,0
2023-06-28,2023,1,ATL,MIN,3.0,0.0,1
2023-06-28,2023,1,KC,CLE,1.0,14.0,0
2023-06-28,2023,1,COL,LAD,9.0,8.0,1
2023-06-28,2023,1,CHC,PHI,5.0,8.0,0
2023-06-28,2023,1,STL,HOU,7.0,10.0,0
2023-06-28,2023,1,SEA,WSH,1.0,4.0,0
2023-06-28,2023,1,NYM,MIL,2.0,5.0,0
2023-06-28,2023,1,PIT,SD,7.0,1.0,1
2023-06-28,2023,1,LAA,CWS,5.0,11.0,0
2023-06-28,2023,1,BOS,MIA,2.0,6.0,0
2023-06-29,2023,1,LAA,CWS,7.0,9.0,0
2023-06-29,2023,1,CHC,PHI,1.0,3.0,0
2023-06-29,2023,1,TOR,SF,2.0,1.0,1
2023-06-29,2023,1,TEX,DET,5.0,8.0,0
2023-06-29,2023,1,STL,HOU,0.0,14.0,0
2023-06-29,2023,1,NYM,MIL,2.0,3.0,0
2023-06-29,2023,1,ATH,NYY,4.0,10.0,0
2023-06-29,2023,1,COL,LAD,3.0,14.0,0
2023-06-29,2023,1,PIT,SD,5.0,4.0,1
2023-06-29,2023,1,KC,CLE,4.0,3.0,1
2023-06-29,2023,1,BOS,MIA,0.0,2.0,0
2023-06-29,2023,1,ARI,TB,1.0,6.0,0
2023-06-30,2023,1,TOR,BOS,0.0,5.0,0
2023-06-30,2023,1,COL,DET,8.0,5.0,1
2023-06-30,2023,1,TEX,HOU,3.0,5.0,0
2023-06-30,2023,1,LAA,ARI,2.0,6.0,0
2023-06-30,2023,1,SEA,TB,4.0,15.0,0
2023-06-30,2023,1,PHI,WSH,1.0,2.0,0
2023-06-30,2023,1,ATH,CWS,7.0,4.0,1
2023-06-30,2023,1,CIN,SD,7.0,5.0,1
2023-06-30,2023,1,BAL,MIN,1.0,8.0,0
2023-06-30,2023,1,CHC,CLE,10.0,1.0,1
2023-06-30,2023,1,ATL,MIA,16.0,4.0,1
2023-06-30,2023,1,NYM,SF,4.0,5.0,0
2023-06-30,2023,1,KC,LAD,3.0,9.0,0
2023-06-30,2023,1,PIT,MIL,8.0,7.0,1
2023-07-01,2023,1,CIN,SD,5.0,12.0,0
2023-07-01,2023,1,ATL,MIA,7.0,0.0,1
2023-07-01,2023,1,STL,NYY,11.0,4.0,1
2023-07-01,2023,2,STL,NYY,2.0,6.0,0
2023-07-01,2023,1,PIT,MIL,8.0,11.0,0
2023-07-01,2023,1,COL,DET,2.0,4.0,0
2023-07-01,2023,1,CHC,CLE,0.0,6.0,0
2023-07-01,2023,1,PHI,WSH,19.0,4.0,1
2023-07-01,2023,1,LAA,ARI,1.0,3.0,0
2023-07-01,2023,1,KC,LAD,6.0,4.0,1
2023-07-01,2023,1,TEX,HOU,5.0,2.0,1
2023-07-01,2023,1,NYM,SF,4.0,1.0,1
2023-07-01,2023,1,ATH,CWS,7.0,6.0,1
2023-07-01,2023,1,BAL,MIN,0.0,1.0,0
2023-07-01,2023,1,TOR,BOS,6.0,7.0,0
2023-07-01,2023,1,SEA,TB,8.0,3.0,1
2023-07-02,2023,1,KC,LAD,9.0,1.0,1
2023-07-02,2023,1,PHI,WSH,4.0,5.0,0
2023-07-02,2023,1,ATL,MIA,6.0,3.0,1
2023-07-02,2023,1,TOR,BOS,4.0,5.0,0
2023-07-02,2023,1,CIN,SD,4.0,3.0,1
2023-07-02,2023,1,LAA,ARI,5.0,2.0,1
2023-07-02,2023,1,PIT,MIL,3.0,6.0,0
2023-07-02,2023,1,BAL,MIN,2.0,1.0,1
2023-07-02,2023,1,TEX,HOU,3.0,5.0,0
2023-07-02,2023,1,SEA,TB,7.0,6.0,1
2023-07-02,2023,1,ATH,CWS,7.0,8.0,0
2023-07-02,2023,1,CHC,CLE,6.0,8.0,0
2023-07-02,2023,1,COL,DET,9.0,14.0,0
2023-07-02,2023,1,STL,NYY,5.0,1.0,1
2023-07-02,2023,1,NYM,SF,8.0,4.0,1
2023-07-03,2023,1,MIN,KC,8.0,4.0,1
2023-07-03,2023,1,SF,SEA,5.0,6.0,0
2023-07-03,2023,1,TEX,HOU,11.0,12.0,0
2023-07-03,2023,1,WSH,CIN,2.0,3.0,0
2023-07-03,2023,1,MIA,STL,5.0,4.0,1
2023-07-03,2023,1,CLE,ATL,2.0,4.0,0
2023-07-03,2023,1,LAD,PIT,5.0,2.0,1
2023-07-03,2023,1,SD,LAA,10.0,3.0,1
2023-07-03,2023,1,MIL,CHC,8.0,6.0,1
2023-07-03,2023,1,NYY,BAL,6.0,3.0,1
2023-07-04,2023,1,MIA,STL,15.0,2.0,1
2023-07-04,2023,1,DET,ATH,0.0,1.0,0
2023-07-04,2023,1,SD,LAA,8.0,5.0,1
2023-07-04,2023,1,NYY,BAL,8.0,4.0,1
2023-07-04,2023,1,MIN,KC,9.0,3.0,1
2023-07-04,2023,1,WSH,CIN,4.0,8.0,0
2023-07-04,2023,1,ARI,NYM,5.0,8.0,0
2023-07-04,2023,1,CWS,TOR,3.0,4.0,0
2023-07-04,2023,1,SF,SEA,0.0,6.0,0
2023-07-04,2023,1,MIL,CHC,6.0,7.0,0
2023-07-04,2023,1,HOU,COL,4.0,1.0,1
2023-07-04,2023,1,LAD,PIT,7.0,9.0,0
2023-07-04,2023,1,CLE,ATL,6.0,5.0,1
2023-07-04,2023,1,TB,PHI,1.0,3.0,0
2023-07-04,2023,1,BOS,TEX,2.0,6.0,0
2023-07-05,2023,1,WSH,CIN,2.0,9.0,0
2023-07-05,2023,1,NYY,BAL,3.0,6.0,0
2023-07-05,2023,1,MIL,CHC,3.0,4.0,0
2023-07-05,2023,1,BOS,TEX,4.0,2.0,1
2023-07-05,2023,1,SD,LAA,5.0,3.0,1
2023-07-05,2023,1,MIA,STL,10.0,9.0,1
2023-07-05,2023,1,LAD,PIT,6.0,4.0,1
2023-07-05,2023,1,DET,ATH,3.0,12.0,0
2023-07-05,2023,1,HOU,COL,6.0,4.0,1
2023-07-05,2023,1,CLE,ATL,1.0,8.0,0
2023-07-05,2023,1,ARI,NYM,1.0,2.0,0
2023-07-05,2023,1,SF,SEA,2.0,0.0,1
2023-07-05,2023,1,MIN,KC,5.0,0.0,1
2023-07-05,2023,1,TB,PHI,4.0,8.0,0
2023-07-06,2023,2,CWS,TOR,4.0,5.0,0
2023-07-06,2023,1,MIA,STL,0.0,3.0,0
2023-07-06,2023,1,WSH,CIN,4.0,5.0,0
2023-07-06,2023,1,MIL,CHC,6.0,5.0,1
2023-07-06,2023,1,LAD,PIT,5.0,2.0,1
2023-07-06,2023,1,NYY,BAL,1.0,14.0,0
2023-07-06,2023,1,BOS,TEX,10.0,6.0,1
2023-07-06,2023,1,DET,ATH,9.0,0.0,1
2023-07-06,2023,1,TB,PHI,1.0,3.0,0
2023-07-06,2023,1,ARI,NYM,0.0,9.0,0
2023-07-06,2023,1,CLE,KC,6.0,1.0,1
2023-07-06,2023,1,HOU,SEA,1.0,5.0,0
2023-07-06,2023,1,CWS,TOR,2.0,6.0,0
2023-07-07,2023,1,NYY,CHC,0.0,3.0,0
2023-07-07,2023,1,SD,NYM,5.0,7.0,0
2023-07-07,2023,1,ARI,PIT,7.0,3.0,1
2023-07-07,2023,1,MIN,BAL,1.0,3.0,0
2023-07-07,2023,1,SF,COL,2.0,5.0,0
2023-07-07,2023,1,WSH,TEX,2.0,7.0,0
2023-07-07,2023,1,TB,ATL,1.0,2.0,0
2023-07-07,2023,1,CWS,STL,8.0,7.0,1
2023-07-07,2023,1,DET,TOR,2.0,12.0,0
2023-07-07,2023,1,HOU,SEA,1.0,10.0,0
2023-07-07,2023,1,LAD,LAA,11.0,4.0,1
2023-07-07,2023,1,MIA,PHI,3.0,4.0,0
2023-07-07,2023,1,CLE,KC,3.0,0.0,1
2023-07-07,2023,1,MIL,CIN,7.0,3.0,1
2023-07-07,2023,1,BOS,ATH,7.0,3.0,1
2023-07-08,2023,1,HOU,SEA,3.0,2.0,1
2023-07-08,2023,1,ARI,PIT,3.0,2.0,1
2023-07-08,2023,1,CLE,KC,10.0,6.0,1
2023-07-08,2023,1,MIA,PHI,5.0,3.0,1
2023-07-08,2023,1,LAD,LAA,10.0,5.0,1
2023-07-08,2023,1,DET,TOR,2.0,0.0,1
2023-07-08,2023,1,BOS,ATH,10.0,3.0,1
2023-07-08,2023,1,SD,NYM,3.0,1.0,1
2023-07-08,2023,1,MIL,CIN,5.0,8.0,0
2023-07-08,2023,1,NYY,CHC,6.0,3.0,1
2023-07-08,2023,1,WSH,TEX,8.0,3.0,1
2023-07-08,2023,1,SF,COL,5.0,3.0,1
2023-07-08,2023,1,TB,ATL,1.0,6.0,0
2023-07-08,2023,1,CWS,STL,0.0,3.0,0
2023-07-08,2023,1,MIN,BAL,2.0,6.0,0
2023-07-09,2023,1,SD,NYM,6.0,2.0,1
2023-07-09,2023,1,HOU,SEA,1.0,3.0,0
2023-07-09,2023,1,DET,TOR,3.0,4.0,0
2023-07-09,2023,1,NYY,CHC,4.0,7.0,0
2023-07-09,2023,1,TB,ATL,10.0,4.0,1
2023-07-09,2023,1,CWS,STL,3.0,4.0,0
2023-07-09,2023,1,BOS,ATH,4.0,3.0,1
2023-07-09,2023,1,ARI,PIT,2.0,4.0,0
2023-07-09,2023,1,MIA,PHI,7.0,3.0,1
2023-07-09,2023,1,SF,COL,1.0,0.0,1
2023-07-09,2023,1,CLE,KC,1.0,4.0,0
2023-07-09,2023,1,WSH,TEX,7.0,2.0,1
2023-07-09,2023,1,MIN,BAL,2.0,15.0,0
2023-07-09,2023,1,MIL,CIN,1.0,0.0,1
2023-07-14,2023,1,BAL,MIA,5.0,2.0,1
2023-07-14,2023,1,COL,NYY,7.0,2.0,1
2023-07-14,2023,1,PIT,SF,4.0,6.0,0
2023-07-14,2023,1,SEA,DET,4.0,5.0,0
2023-07-14,2023,1,STL,WSH,5.0,7.0,0
2023-07-14,2023,1,CIN,MIL,0.0,1.0,0
2023-07-14,2023,1,ATH,MIN,4.0,5.0,0
2023-07-14,2023,1,NYM,LAD,0.0,6.0,0
2023-07-14,2023,1,TEX,CLE,12.0,4.0,1
2023-07-14,2023,1,ATL,CWS,9.0,0.0,1
2023-07-14,2023,1,LAA,HOU,5.0,7.0,0
2023-07-14,2023,1,PHI,SD,3.0,8.0,0
2023-07-14,2023,1,CHC,BOS,3.0,8.0,0
2023-07-14,2023,1,TOR,ARI,7.0,2.0,1
2023-07-15,2023,1,NYM,LAD,1.0,5.0,0
2023-07-15,2023,2,KC,TB,2.0,4.0,0
2023-07-15,2023,1,KC,TB,1.0,6.0,0
2023-07-15,2023,1,ATL,CWS,5.0,6.0,0
2023-07-15,2023,1,SEA,DET,0.0,6.0,0
2023-07-15,2023,1,TOR,ARI,5.0,2.0,1
2023-07-15,2023,1,LAA,HOU,13.0,12.0,1
2023-07-15,2023,1,ATH,MIN,7.0,10.0,0
2023-07-15,2023,1,STL,WSH,9.0,6.0,1
2023-07-15,2023,1,COL,NYY,3.0,6.0,0
2023-07-15,2023,1,CIN,MIL,0.0,3.0,0
2023-07-15,2023,1,TEX,CLE,2.0,0.0,1
2023-07-15,2023,1,PHI,SD,6.0,4.0,1
2023-07-15,2023,1,PIT,SF,1.0,3.0,0
2023-07-15,2023,1,CHC,BOS,10.0,4.0,1
2023-07-15,2023,2,PHI,SD,9.0,4.0,1
2023-07-15,2023,1,BAL,MIA,6.0,5.0,1
2023-07-16,2023,1,TEX,CLE,6.0,5.0,1
2023-07-16,2023,1,NYM,LAD,2.0,1.0,1
2023-07-16,2023,1,CIN,MIL,3.0,4.0,0
2023-07-16,2023,1,CHC,BOS,5.0,11.0,0
2023-07-16,2023,1,LAA,HOU,8.0,9.0,0
2023-07-16,2023,1,COL,NYY,8.0,7.0,1
2023-07-16,2023,1,BAL,MIA,5.0,4.0,1
2023-07-16,2023,1,ATL,CWS,1.0,8.0,0
2023-07-16,2023,1,PIT,SF,4.0,8.0,0
2023-07-16,2023,1,PHI,SD,7.0,6.0,1
2023-07-16,2023,1,ATH,MIN,4.0,5.0,0
2023-07-16,2023,1,KC,TB,8.0,4.0,1
2023-07-16,2023,1,TOR,ARI,7.0,5.0,1
2023-07-16,2023,1,SEA,DET,2.0,0.0,1
2023-07-16,2023,1,STL,WSH,8.0,4.0,1
2023-07-17,2023,1,STL,MIA,6.0,4.0,1
2023-07-17,2023,1,SEA,MIN,7.0,6.0,1
2023-07-17,2023,1,CIN,SF,2.0,4.0,0
2023-07-17,2023,1,LAA,NYY,4.0,3.0,1
2023-07-17,2023,1,PIT,CLE,0.0,11.0,0
2023-07-17,2023,1,CHC,WSH,5.0,7.0,0
2023-07-17,2023,1,ATH,BOS,0.0,7.0,0
2023-07-17,2023,1,KC,DET,2.0,3.0,0
2023-07-17,2023,1,BAL,LAD,4.0,6.0,0
2023-07-17,2023,1,TEX,TB,3.0,2.0,1
2023-07-18,2023,1,COL,HOU,4.0,3.0,1
2023-07-18,2023,1,TOR,SD,1.0,9.0,0
2023-07-18,2023,1,ATH,BOS,3.0,0.0,1
2023-07-18,2023,1,PHI,MIL,4.0,3.0,1
2023-07-18,2023,1,BAL,LAD,3.0,10.0,0
2023-07-18,2023,1,LAA,NYY,5.0,1.0,1
2023-07-18,2023,1,PIT,CLE,1.0,10.0,0
2023-07-18,2023,1,TEX,TB,5.0,3.0,1
2023-07-18,2023,1,CIN,SF,10.0,11.0,0
2023-07-18,2023,1,NYM,CWS,11.0,10.0,1
2023-07-18,2023,1,CHC,WSH,17.0,3.0,1
2023-07-18,2023,1,ATL,ARI,13.0,16.0,0
2023-07-18,2023,1,STL,MIA,5.0,2.0,1
2023-07-18,2023,1,SEA,MIN,3.0,10.0,0
2023-07-18,2023,1,KC,DET,11.0,10.0,1
2023-07-19,2023,1,COL,HOU,1.0,4.0,0
2023-07-19,2023,1,TEX,TB,5.0,1.0,1
2023-07-19,2023,1,CHC,WSH,8.0,3.0,1
2023-07-19,2023,1,CIN,SF,3.0,2.0,1
2023-07-19,2023,1,BAL,LAD,8.0,5.0,1
2023-07-19,2023,1,PHI,MIL,3.0,5.0,0
2023-07-19,2023,1,PIT,CLE,7.0,5.0,1
2023-07-19,2023,1,STL,MIA,6.0,4.0,1
2023-07-19,2023,1,SEA,MIN,3.0,6.0,0
2023-07-19,2023,1,ATH,BOS,6.0,5.0,1
2023-07-19,2023,1,TOR,SD,0.0,2.0,0
2023-07-19,2023,1,NYM,CWS,5.0,1.0,1
2023-07-19,2023,1,LAA,NYY,7.0,3.0,1
2023-07-19,2023,1,ATL,ARI,3.0,5.0,0
2023-07-19,2023,1,KC,DET,2.0,3.0,0
2023-07-20,2023,1,TOR,SD,4.0,0.0,1
2023-07-20,2023,1,PHI,MIL,0.0,4.0,0
2023-07-20,2023,1,ATH,HOU,1.0,3.0,0
2023-07-20,2023,1,CIN,SF,5.0,1.0,1
2023-07-20,2023,1,ATL,ARI,7.0,5.0,1
2023-07-20,2023,1,CHC,STL,2.0,7.0,0
2023-07-20,2023,1,KC,DET,0.0,3.0,0
2023-07-20,2023,1,SEA,MIN,5.0,0.0,1
2023-07-20,2023,1,NYM,CWS,2.0,6.0,0
2023-07-20,2023,1,TB,BAL,3.0,4.0,0
2023-07-21,2023,1,WSH,SF,5.0,3.0,1
2023-07-21,2023,1,MIA,COL,1.0,6.0,0
2023-07-21,2023,1,CLE,PHI,6.0,5.0,1
2023-07-21,2023,1,CIN,ARI,9.0,6.0,1
2023-07-21,2023,1,TEX,LAD,5.0,11.0,0
2023-07-21,2023,1,MIN,CWS,9.0,4.0,1
2023-07-21,2023,1,CHC,STL,4.0,3.0,1
2023-07-21,2023,1,MIL,ATL,4.0,6.0,0
2023-07-21,2023,1,DET,SD,4.0,5.0,0
2023-07-21,2023,1,ATH,HOU,4.0,6.0,0
2023-07-21,2023,1,BOS,NYM,4.0,5.0,0
2023-07-21,2023,1,LAA,PIT,8.0,5.0,1
2023-07-21,2023,1,SEA,TOR,3.0,2.0,1
2023-07-21,2023,1,NYY,KC,5.0,4.0,1
2023-07-21,2023,1,TB,BAL,3.0,0.0,1
2023-07-22,2023,1,MIA,COL,3.0,4.0,0
2023-07-22,2023,1,NYY,KC,5.0,2.0,1
2023-07-22,2023,1,SEA,TOR,9.0,8.0,1
2023-07-22,2023,1,TEX,LAD,3.0,16.0,0
2023-07-22,2023,1,MIN,CWS,3.0,2.0,1
2023-07-22,2023,1,LAA,PIT,0.0,3.0,0
2023-07-22,2023,1,WSH,SF,10.0,1.0,1
2023-07-22,2023,1,CHC,STL,8.0,6.0,1
2023-07-22,2023,1,TB,BAL,5.0,6.0,0
2023-07-22,2023,1,ATH,HOU,4.0,1.0,1
2023-07-22,2023,1,MIL,ATL,4.0,3.0,1
2023-07-22,2023,1,DET,SD,3.0,14.0,0
2023-07-22,2023,1,BOS,NYM,8.0,6.0,1
2023-07-22,2023,1,CIN,ARI,4.0,2.0,1
2023-07-22,2023,1,CLE,PHI,1.0,0.0,1
2023-07-23,2023,1,BOS,NYM,6.0,1.0,1
2023-07-23,2023,1,TEX,LAD,8.0,4.0,1
2023-07-23,2023,1,ATH,HOU,2.0,3.0,0
2023-07-23,2023,1,NYY,KC,8.0,5.0,1
2023-07-23,2023,1,CLE,PHI,5.0,8.0,0
2023-07-23,2023,1,DET,SD,3.0,1.0,1
2023-07-23,2023,1,SEA,TOR,3.0,4.0,0
2023-07-23,2023,1,MIN,CWS,5.0,4.0,1
2023-07-23,2023,1,CHC,STL,7.0,2.0,1
2023-07-23,2023,1,WSH,SF,6.0,1.0,1
2023-07-23,2023,1,MIL,ATL,2.0,4.0,0
2023-07-23,2023,1,LAA,PIT,7.0,5.0,1
2023-07-23,2023,1,CIN,ARI,7.0,3.0,1
2023-07-23,2023,1,TB,BAL,3.0,5.0,0
2023-07-23,2023,1,MIA,COL,3.0,2.0,1
2023-07-24,2023,1,PHI,BAL,2.0,3.0,0
2023-07-24,2023,1,CLE,KC,3.0,5.0,0
2023-07-24,2023,1,HOU,TEX,10.0,9.0,1
2023-07-24,2023,1,ARI,STL,6.0,10.0,0
2023-07-24,2023,1,MIL,CIN,3.0,2.0,1
2023-07-24,2023,1,MIN,SEA,4.0,3.0,1
2023-07-24,2023,1,WSH,COL,6.0,10.0,0
2023-07-24,2023,1,LAD,TOR,3.0,6.0,0
2023-07-24,2023,1,DET,SF,5.0,1.0,1
2023-07-24,2023,1,SD,PIT,4.0,8.0,0
2023-07-25,2023,1,MIN,SEA,7.0,9.0,0
2023-07-25,2023,1,ARI,STL,3.0,1.0,1
2023-07-25,2023,1,CWS,CHC,3.0,7.0,0
2023-07-25,2023,1,DET,LAA,6.0,7.0,0
2023-07-25,2023,1,HOU,TEX,4.0,3.0,1
2023-07-25,2023,1,CLE,KC,5.0,1.0,1
2023-07-25,2023,1,TB,MIA,4.0,1.0,1
2023-07-25,2023,1,LAD,TOR,8.0,7.0,1
2023-07-25,2023,1,SF,ATH,2.0,1.0,1
2023-07-25,2023,1,BOS,ATL,7.0,1.0,1
2023-07-25,2023,1,MIL,CIN,3.0,4.0,0
2023-07-25,2023,1,SD,PIT,5.0,1.0,1
2023-07-25,2023,1,NYY,NYM,3.0,9.0,0
2023-07-25,2023,1,PHI,BAL,4.0,3.0,1
2023-07-25,2023,1,WSH,COL,6.0,5.0,1
2023-07-26,2023,1,TB,MIA,1.0,7.0,0
2023-07-26,2023,1,HOU,TEX,5.0,13.0,0
2023-07-26,2023,1,BOS,ATL,5.0,3.0,1
2023-07-26,2023,1,SF,ATH,8.0,3.0,1
2023-07-26,2023,1,LAD,TOR,1.0,8.0,0
2023-07-26,2023,1,SD,PIT,2.0,3.0,0
2023-07-26,2023,1,PHI,BAL,6.0,4.0,1
2023-07-26,2023,1,WSH,COL,5.0,4.0,1
2023-07-26,2023,1,ARI,STL,7.0,11.0,0
2023-07-26,2023,1,CWS,CHC,7.0,10.0,0
2023-07-26,2023,1,MIN,SEA,7.0,8.0,0
2023-07-26,2023,1,MIL,CIN,3.0,0.0,1
2023-07-26,2023,1,CLE,KC,8.0,3.0,1
2023-07-26,2023,1,NYY,NYM,3.0,1.0,1
2023-07-27,2023,2,DET,LAA,4.0,11.0,0
2023-07-27,2023,1,STL,CHC,3.0,10.0,0
2023-07-27,2023,1,NYM,WSH,2.0,1.0,1
2023-07-27,2023,1,CWS,CLE,3.0,6.0,0
2023-07-27,2023,1,DET,LAA,0.0,6.0,0
2023-07-28,2023,1,SD,TEX,7.0,1.0,1
2023-07-28,2023,1,PIT,PHI,1.0,2.0,0
2023-07-28,2023,1,HOU,TB,3.0,4.0,0
2023-07-28,2023,1,MIA,DET,6.0,5.0,1
2023-07-28,2023,1,BAL,NYY,1.0,0.0,1
2023-07-28,2023,1,CWS,CLE,3.0,0.0,1
2023-07-28,2023,1,SF,BOS,2.0,3.0,0
2023-07-28,2023,1,COL,ATH,5.0,8.0,0
2023-07-28,2023,1,ATL,MIL,10.0,7.0,1
2023-07-28,2023,1,ARI,SEA,2.0,5.0,0
2023-07-28,2023,1,STL,CHC,2.0,3.0,0
2023-07-28,2023,1,LAD,CIN,5.0,6.0,0
2023-07-28,2023,1,KC,MIN,8.0,5.0,1
2023-07-28,2023,1,NYM,WSH,5.0,1.0,1
2023-07-28,2023,1,TOR,LAA,4.0,1.0,1
2023-07-29,2023,1,STL,CHC,1.0,5.0,0
2023-07-29,2023,1,TOR,LAA,6.0,1.0,1
2023-07-29,2023,1,COL,ATH,3.0,11.0,0
2023-07-29,2023,1,CWS,CLE,7.0,2.0,1
2023-07-29,2023,1,PIT,PHI,7.0,6.0,1
2023-07-29,2023,1,HOU,TB,17.0,4.0,1
2023-07-29,2023,1,ARI,SEA,4.0,3.0,1
2023-07-29,2023,1,NYM,WSH,6.0,11.0,0
2023-07-29,2023,1,SD,TEX,4.0,0.0,1
2023-07-29,2023,1,BAL,NYY,3.0,8.0,0
2023-07-29,2023,1,SF,BOS,3.0,2.0,1
2023-07-29,2023,1,ATL,MIL,11.0,5.0,1
2023-07-29,2023,1,LAD,CIN,3.0,2.0,1
2023-07-29,2023,1,KC,MIN,10.0,7.0,1
2023-07-29,2023,1,MIA,DET,0.0,5.0,0
2023-07-30,2023,1,HOU,TB,2.0,8.0,0
2023-07-30,2023,1,BAL,NYY,9.0,3.0,1
2023-07-30,2023,1,PIT,PHI,6.0,4.0,1
2023-07-30,2023,1,CWS,CLE,0.0,5.0,0
2023-07-30,2023,1,LAD,CIN,0.0,9.0,0
2023-07-30,2023,1,COL,ATH,2.0,0.0,1
2023-07-30,2023,1,ARI,SEA,0.0,4.0,0
2023-07-30,2023,1,MIA,DET,8.0,6.0,1
2023-07-30,2023,1,NYM,WSH,5.0,2.0,1
2023-07-30,2023,1,SD,TEX,5.0,3.0,1
2023-07-30,2023,1,KC,MIN,2.0,1.0,1
2023-07-30,2023,1,SF,BOS,4.0,3.0,1
2023-07-30,2023,1,TOR,LAA,2.0,3.0,0
2023-07-30,2023,1,STL,CHC,3.0,0.0,1
2023-07-30,2023,1,ATL,MIL,8.0,6.0,1
2023-07-31,2023,1,MIA,PHI,2.0,4.0,0
2023-07-31,2023,1,CHC,CIN,5.0,6.0,0
2023-07-31,2023,1,ATL,LAA,1.0,4.0,0
2023-07-31,2023,1,WSH,MIL,5.0,3.0,1
2023-07-31,2023,1,SF,ARI,3.0,4.0,0
2023-07-31,2023,1,TOR,BAL,2.0,4.0,0
2023-07-31,2023,1,HOU,CLE,7.0,3.0,1
2023-07-31,2023,1,COL,SD,4.0,3.0,1
2023-07-31,2023,1,SEA,BOS,6.0,2.0,1
2023-07-31,2023,1,NYY,TB,1.0,5.0,0
2023-08-01,2023,1,HOU,CLE,2.0,0.0,1
2023-08-01,2023,1,TEX,CWS,2.0,0.0,1
2023-08-01,2023,1,WSH,MIL,4.0,6.0,0
2023-08-01,2023,1,KC,NYM,7.0,6.0,1
2023-08-01,2023,1,CHC,CIN,20.0,9.0,1
2023-08-01,2023,1,PIT,DET,4.0,1.0,1
2023-08-01,2023,1,STL,MIN,2.0,3.0,0
2023-08-01,2023,1,LAD,ATH,7.0,3.0,1
2023-08-01,2023,1,SEA,BOS,4.0,6.0,0
2023-08-01,2023,1,TOR,BAL,3.0,13.0,0
2023-08-01,2023,1,NYY,TB,2.0,5.0,0
2023-08-01,2023,1,COL,SD,5.0,8.0,0
2023-08-01,2023,1,MIA,PHI,1.0,3.0,0
2023-08-01,2023,1,ATL,LAA,5.0,1.0,1
2023-08-01,2023,1,SF,ARI,4.0,3.0,1
2023-08-02,2023,1,WSH,MIL,3.0,2.0,1
2023-08-02,2023,1,KC,NYM,4.0,0.0,1
2023-08-02,2023,1,HOU,CLE,3.0,2.0,1
2023-08-02,2023,1,SEA,BOS,6.0,3.0,1
2023-08-02,2023,1,ATL,LAA,12.0,5.0,1
2023-08-02,2023,1,PIT,DET,3.0,6.0,0
2023-08-02,2023,1,TOR,BAL,4.0,1.0,1
2023-08-02,2023,1,COL,SD,1.0,11.0,0
2023-08-02,2023,1,SF,ARI,4.0,2.0,1
2023-08-02,2023,1,CHC,CIN,16.0,6.0,1
2023-08-02,2023,1,STL,MIN,7.0,3.0,1
2023-08-02,2023,1,NYY,TB,7.0,2.0,1
2023-08-02,2023,1,MIA,PHI,9.0,8.0,1
2023-08-02,2023,1,LAD,ATH,10.0,1.0,1
2023-08-02,2023,1,TEX,CWS,11.0,1.0,1
2023-08-03,2023,1,NYY,HOU,4.0,3.0,1
2023-08-03,2023,1,TOR,BAL,1.0,6.0,0
2023-08-03,2023,1,LAD,ATH,8.0,2.0,1
2023-08-03,2023,1,TEX,CWS,5.0,3.0,1
2023-08-03,2023,1,MIA,PHI,2.0,4.0,0
2023-08-03,2023,1,KC,NYM,9.0,2.0,1
2023-08-03,2023,1,STL,MIN,3.0,5.0,0
2023-08-03,2023,1,SF,ARI,1.0,0.0,1
2023-08-03,2023,1,LAA,SEA,3.0,5.0,0
2023-08-03,2023,1,MIL,PIT,14.0,1.0,1
2023-08-03,2023,1,CHC,CIN,5.0,3.0,1
2023-08-04,2023,1,MIL,PIT,4.0,8.0,0
2023-08-04,2023,1,TEX,MIA,6.0,2.0,1
2023-08-04,2023,1,CIN,WSH,3.0,6.0,0
2023-08-04,2023,1,BOS,TOR,3.0,7.0,0
2023-08-04,2023,1,BAL,NYM,10.0,3.0,1
2023-08-04,2023,1,LAA,SEA,7.0,9.0,0
2023-08-04,2023,1,CLE,CWS,4.0,2.0,1
2023-08-04,2023,1,DET,TB,0.0,8.0,0
2023-08-04,2023,1,MIN,ARI,3.0,2.0,1
2023-08-04,2023,1,NYY,HOU,3.0,7.0,0
2023-08-04,2023,1,STL,COL,4.0,9.0,0
2023-08-04,2023,1,CHC,ATL,0.0,8.0,0
2023-08-04,2023,1,PHI,KC,5.0,7.0,0
2023-08-04,2023,1,SD,LAD,5.0,10.0,0
2023-08-05,2023,1,SD,LAD,8.0,3.0,1
2023-08-05,2023,1,LAA,SEA,2.0,3.0,0
2023-08-05,2023,1,DET,TB,4.0,2.0,1
2023-08-05,2023,1,NYY,HOU,3.0,1.0,1
2023-08-05,2023,1,CHC,ATL,8.0,6.0,1
2023-08-05,2023,1,ATH,SF,2.0,1.0,1
2023-08-05,2023,1,CIN,WSH,3.0,7.0,0
2023-08-05,2023,1,BOS,TOR,4.0,5.0,0
2023-08-05,2023,1,TEX,MIA,9.0,8.0,1
2023-08-05,2023,1,MIN,ARI,12.0,1.0,1
2023-08-05,2023,1,STL,COL,6.0,2.0,1
2023-08-05,2023,1,PHI,KC,9.0,6.0,1
2023-08-05,2023,1,MIL,PIT,3.0,2.0,1
2023-08-05,2023,1,CLE,CWS,4.0,7.0,0
2023-08-05,2023,1,BAL,NYM,7.0,3.0,1
2023-08-06,2023,1,TEX,MIA,6.0,0.0,1
2023-08-06,2023,1,BAL,NYM,2.0,0.0,1
2023-08-06,2023,1,CHC,ATL,6.0,4.0,1
2023-08-06,2023,1,STL,COL,0.0,1.0,0
2023-08-06,2023,1,NYY,HOU,7.0,9.0,0
2023-08-06,2023,1,CLE,CWS,3.0,5.0,0
2023-08-06,2023,1,MIN,ARI,5.0,3.0,1
2023-08-06,2023,1,SD,LAD,2.0,8.0,0
2023-08-06,2023,1,MIL,PIT,1.0,4.0,0
2023-08-06,2023,1,LAA,SEA,2.0,3.0,0
2023-08-06,2023,1,BOS,TOR,1.0,13.0,0
2023-08-06,2023,1,CIN,WSH,3.0,6.0,0
2023-08-06,2023,1,ATH,SF,8.0,6.0,1
2023-08-06,2023,1,DET,TB,6.0,10.0,0
2023-08-06,2023,1,PHI,KC,8.0,4.0,1
2023-08-07,2023,1,CLE,TOR,1.0,3.0,0
2023-08-07,2023,1,NYM,CHC,11.0,2.0,1
2023-08-07,2023,1,MIL,COL,12.0,1.0,1
2023-08-07,2023,1,CIN,MIA,5.0,2.0,1
2023-08-07,2023,1,LAA,SF,3.0,8.0,0
2023-08-07,2023,1,DET,MIN,3.0,9.0,0
2023-08-07,2023,1,CWS,NYY,5.0,1.0,1
2023-08-07,2023,1,ATH,TEX,3.0,5.0,0
2023-08-07,2023,1,PIT,ATL,7.0,6.0,1
2023-08-07,2023,1,BOS,KC,6.0,2.0,1
2023-08-07,2023,1,SD,LAD,7.0,13.0,0
2023-08-08,2023,1,CWS,NYY,1.0,7.0,0
2023-08-08,2023,1,LAA,SF,7.0,5.0,1
2023-08-08,2023,2,PHI,WSH,4.0,5.0,0
2023-08-08,2023,1,MIL,COL,3.0,7.0,0
2023-08-08,2023,1,ATH,TEX,1.0,6.0,0
2023-08-08,2023,1,CIN,MIA,2.0,3.0,0
2023-08-08,2023,1,NYM,CHC,2.0,3.0,0
2023-08-08,2023,1,DET,MIN,6.0,0.0,1
2023-08-08,2023,1,BOS,KC,3.0,9.0,0
2023-08-08,2023,1,PHI,WSH,8.0,4.0,1
2023-08-08,2023,1,TB,STL,4.0,2.0,1
2023-08-08,2023,1,BAL,HOU,6.0,7.0,0
2023-08-08,2023,1,PIT,ATL,6.0,8.0,0
2023-08-08,2023,1,SEA,SD,2.0,0.0,1
2023-08-08,2023,1,CLE,TOR,1.0,0.0,1
2023-08-08,2023,1,ARI,LAD,4.0,5.0,0
2023-08-09,2023,1,PIT,ATL,5.0,6.0,0
2023-08-09,2023,1,SEA,SD,6.0,1.0,1
2023-08-09,2023,1,NYM,CHC,4.0,3.0,1
2023-08-09,2023,1,LAA,SF,4.0,1.0,1
2023-08-09,2023,1,DET,MIN,9.0,5.0,1
2023-08-09,2023,1,ATH,TEX,2.0,0.0,1
2023-08-09,2023,1,CIN,MIA,4.0,5.0,0
2023-08-09,2023,1,TB,STL,4.0,6.0,0
2023-08-09,2023,1,CWS,NYY,9.0,2.0,1
2023-08-09,2023,1,PHI,WSH,7.0,0.0,1
2023-08-09,2023,1,MIL,COL,7.0,6.0,1
2023-08-09,2023,1,BOS,KC,4.0,3.0,1
2023-08-09,2023,1,BAL,HOU,2.0,8.0,0
2023-08-09,2023,1,ARI,LAD,0.0,2.0,0
2023-08-09,2023,1,CLE,TOR,0.0,1.0,0
2023-08-10,2023,1,TB,STL,2.0,5.0,0
2023-08-10,2023,1,LAD,COL,2.0,1.0,1
2023-08-10,2023,1,BOS,KC,2.0,0.0,1
2023-08-10,2023,1,BAL,HOU,5.0,4.0,1
2023-08-10,2023,1,CLE,TOR,4.0,3.0,1
2023-08-10,2023,1,PHI,WSH,6.0,2.0,1
2023-08-10,2023,1,PIT,ATL,7.0,5.0,1
2023-08-10,2023,1,DET,MIN,3.0,0.0,1
2023-08-11,2023,1,WSH,ATH,8.0,2.0,1
2023-08-11,2023,1,SF,TEX,1.0,2.0,0
2023-08-11,2023,1,MIA,NYY,4.0,9.0,0
2023-08-11,2023,1,HOU,LAA,11.0,3.0,1
2023-08-11,2023,1,CWS,MIL,6.0,7.0,0
2023-08-11,2023,1,NYM,ATL,0.0,7.0,0
2023-08-11,2023,1,ARI,SD,5.0,10.0,0
2023-08-11,2023,1,BOS,DET,5.0,2.0,1
2023-08-11,2023,1,TB,CLE,9.0,8.0,1
2023-08-11,2023,1,PIT,CIN,2.0,9.0,0
2023-08-11,2023,1,LAD,COL,6.0,1.0,1
2023-08-11,2023,1,SEA,BAL,9.0,2.0,1
2023-08-11,2023,1,PHI,MIN,13.0,2.0,1
2023-08-11,2023,1,TOR,CHC,2.0,6.0,0
2023-08-11,2023,1,KC,STL,12.0,8.0,1
2023-08-12,2023,1,WSH,ATH,3.0,2.0,1
2023-08-12,2023,1,PHI,MIN,1.0,8.0,0
2023-08-12,2023,1,BOS,DET,2.0,6.0,0
2023-08-12,2023,1,MIA,NYY,3.0,1.0,1
2023-08-12,2023,1,SEA,BAL,0.0,1.0,0
2023-08-12,2023,1,LAD,COL,4.0,1.0,1
2023-08-12,2023,1,NYM,ATL,3.0,21.0,0
2023-08-12,2023,2,NYM,ATL,0.0,6.0,0
2023-08-12,2023,1,TB,CLE,6.0,5.0,1
2023-08-12,2023,1,ARI,SD,3.0,0.0,1
2023-08-12,2023,1,HOU,LAA,11.0,3.0,1
2023-08-12,2023,1,TOR,CHC,4.0,5.0,0
2023-08-12,2023,1,CWS,MIL,2.0,3.0,0
2023-08-12,2023,1,KC,STL,4.0,5.0,0
2023-08-12,2023,1,SF,TEX,3.0,9.0,0
2023-08-13,2023,1,WSH,ATH,8.0,7.0,1
2023-08-13,2023,1,ARI,SD,5.0,4.0,1
2023-08-13,2023,1,SF,TEX,3.0,2.0,1
2023-08-13,2023,1,HOU,LAA,1.0,2.0,0
2023-08-13,2023,1,PIT,CIN,4.0,2.0,1
2023-08-13,2023,1,PHI,MIN,0.0,3.0,0
2023-08-13,2023,2,PIT,CIN,5.0,6.0,0
2023-08-13,2023,1,CWS,MIL,3.0,7.0,0
2023-08-13,2023,1,TB,CLE,2.0,9.0,0
2023-08-13,2023,1,LAD,COL,8.0,3.0,1
2023-08-13,2023,1,MIA,NYY,8.0,7.0,1
2023-08-13,2023,1,NYM,ATL,7.0,6.0,1
2023-08-13,2023,1,BOS,DET,6.0,3.0,1
2023-08-13,2023,1,SEA,BAL,3.0,5.0,0
2023-08-13,2023,1,TOR,CHC,11.0,4.0,1
2023-08-14,2023,1,MIA,HOU,5.0,1.0,1
2023-08-14,2023,1,TEX,LAA,12.0,0.0,1
2023-08-14,2023,1,SF,TB,2.0,10.0,0
2023-08-14,2023,1,STL,ATH,7.0,5.0,1
2023-08-14,2023,1,NYM,PIT,7.0,2.0,1
2023-08-14,2023,1,ATL,NYY,11.0,3.0,1
2023-08-14,2023,1,KC,SEA,7.0,6.0,1
2023-08-14,2023,1,COL,ARI,6.0,4.0,1
2023-08-14,2023,1,SD,BAL,1.0,4.0,0
2023-08-15,2023,1,WSH,BOS,4.0,5.0,0
2023-08-15,2023,1,NYM,PIT,4.0,7.0,0
2023-08-15,2023,1,TEX,LAA,7.0,3.0,1
2023-08-15,2023,1,MIA,HOU,5.0,6.0,0
2023-08-15,2023,1,SF,TB,7.0,0.0,1
2023-08-15,2023,1,COL,ARI,5.0,8.0,0
2023-08-15,2023,1,KC,SEA,8.0,10.0,0
2023-08-15,2023,1,SD,BAL,10.0,3.0,1
2023-08-15,2023,1,ATL,NYY,5.0,0.0,1
2023-08-15,2023,1,LAD,MIL,6.0,2.0,1
2023-08-15,2023,1,CIN,CLE,0.0,3.0,0
2023-08-15,2023,1,STL,ATH,6.0,2.0,1
2023-08-15,2023,1,MIN,DET,5.0,3.0,1
2023-08-15,2023,1,CHC,CWS,3.0,5.0,0
2023-08-15,2023,1,TOR,PHI,2.0,1.0,1
2023-08-16,2023,1,SD,BAL,5.0,2.0,1
2023-08-16,2023,1,CIN,CLE,7.0,2.0,1
2023-08-16,2023,1,CHC,CWS,4.0,3.0,1
2023-08-16,2023,1,WSH,BOS,6.0,2.0,1
2023-08-16,2023,1,MIN,DET,7.0,8.0,0
2023-08-16,2023,1,STL,ATH,0.0,8.0,0
2023-08-16,2023,1,MIA,HOU,5.0,12.0,0
2023-08-16,2023,1,TOR,PHI,4.0,9.0,0
2023-08-16,2023,1,TEX,LAA,0.0,2.0,0
2023-08-16,2023,1,COL,ARI,7.0,9.0,0
2023-08-16,2023,1,ATL,NYY,2.0,0.0,1
2023-08-16,2023,1,KC,SEA,5.0,6.0,0
2023-08-16,2023,1,SF,TB,1.0,6.0,0
2023-08-16,2023,1,LAD,MIL,7.0,1.0,1
2023-08-16,2023,1,NYM,PIT,8.0,3.0,1
2023-08-17,2023,1,KC,SEA,4.0,6.0,0
2023-08-17,2023,1,LAD,MIL,1.0,0.0,1
2023-08-17,2023,1,SD,ARI,1.0,3.0,0
2023-08-17,2023,1,STL,NYM,2.0,4.0,0
2023-08-17,2023,1,WSH,BOS,10.0,7.0,1
2023-08-18,2023,1,CHC,KC,3.0,4.0,0
2023-08-18,2023,1,SD,ARI,4.0,0.0,1
2023-08-18,2023,1,MIN,PIT,5.0,1.0,1
2023-08-18,2023,1,LAD,MIA,3.0,11.0,0
2023-08-18,2023,1,NYY,BOS,3.0,8.0,0
2023-08-18,2023,1,STL,NYM,1.0,7.0,0
2023-08-18,2023,1,COL,CWS,14.0,1.0,1
2023-08-18,2023,2,CLE,DET,4.0,1.0,1
2023-08-18,2023,1,CLE,DET,2.0,4.0,0
2023-08-18,2023,1,ATH,BAL,4.0,9.0,0
2023-08-18,2023,1,CIN,TOR,1.0,0.0,1
2023-08-18,2023,1,ATL,SF,4.0,0.0,1
2023-08-18,2023,1,LAA,TB,6.0,9.0,0
2023-08-18,2023,1,TEX,MIL,8.0,9.0,0
2023-08-18,2023,1,WSH,PHI,8.0,7.0,1
2023-08-18,2023,1,HOU,SEA,0.0,2.0,0
2023-08-19,2023,2,LAD,MIA,3.0,1.0,1
2023-08-19,2023,1,MIN,PIT,4.0,7.0,0
2023-08-19,2023,1,CHC,KC,6.0,4.0,1
2023-08-19,2023,1,CIN,TOR,3.0,4.0,0
2023-08-19,2023,1,LAD,MIA,3.0,1.0,1
2023-08-19,2023,1,NYY,BOS,1.0,8.0,0
2023-08-19,2023,1,TEX,MIL,1.0,6.0,0
2023-08-19,2023,1,STL,NYM,2.0,13.0,0
2023-08-19,2023,1,ATL,SF,6.0,5.0,1
2023-08-19,2023,1,WSH,PHI,3.0,12.0,0
2023-08-19,2023,1,ATH,BAL,2.0,7.0,0
2023-08-19,2023,1,COL,CWS,11.0,5.0,1
2023-08-19,2023,1,CLE,DET,3.0,4.0,0
2023-08-19,2023,1,SD,ARI,4.0,6.0,0
2023-08-19,2023,2,SD,ARI,1.0,8.0,0
2023-08-19,2023,1,LAA,TB,7.0,6.0,1
2023-08-19,2023,1,HOU,SEA,3.0,10.0,0
2023-08-19,2023,2,LAA,TB,4.0,18.0,0
2023-08-20,2023,1,CIN,TOR,3.0,10.0,0
2023-08-20,2023,1,CHC,KC,4.0,3.0,1
2023-08-20,2023,1,NYY,BOS,5.0,6.0,0
2023-08-20,2023,1,MIN,PIT,2.0,0.0,1
2023-08-20,2023,1,COL,CWS,5.0,10.0,0
2023-08-20,2023,1,ATH,BAL,1.0,12.0,0
2023-08-20,2023,1,TEX,MIL,2.0,6.0,0
2023-08-20,2023,1,ATL,SF,3.0,4.0,0
2023-08-20,2023,1,WSH,PHI,4.0,3.0,1
2023-08-20,2023,1,CLE,DET,1.0,4.0,0
2023-08-20,2023,1,HOU,SEA,6.0,7.0,0
2023-08-20,2023,1,STL,NYM,7.0,3.0,1
2023-08-21,2023,1,ATL,NYM,4.0,10.0,0
2023-08-21,2023,1,ARI,TEX,4.0,3.0,1
2023-08-21,2023,1,PHI,SF,10.0,4.0,1
2023-08-21,2023,1,CWS,SEA,2.0,14.0,0
2023-08-21,2023,1,ATH,KC,6.0,4.0,1
2023-08-21,2023,1,PIT,STL,11.0,1.0,1
2023-08-21,2023,1,HOU,BOS,9.0,4.0,1
2023-08-21,2023,1,SD,MIA,6.0,2.0,1
2023-08-21,2023,1,DET,CHC,6.0,7.0,0
2023-08-22,2023,1,CWS,SEA,3.0,6.0,0
2023-08-22,2023,1,HOU,BOS,7.0,3.0,1
2023-08-22,2023,1,DET,CHC,8.0,6.0,1
2023-08-22,2023,1,PIT,STL,6.0,3.0,1
2023-08-22,2023,1,SD,MIA,0.0,3.0,0
2023-08-22,2023,1,ARI,TEX,6.0,3.0,1
2023-08-22,2023,1,ATH,KC,5.0,4.0,1
2023-08-22,2023,1,TB,COL,12.0,4.0,1
2023-08-22,2023,1,BAL,TOR,3.0,6.0,0
2023-08-22,2023,1,NYY,WSH,1.0,2.0,0
2023-08-22,2023,1,ATL,NYM,3.0,2.0,1
2023-08-22,2023,1,PHI,SF,4.0,3.0,1
2023-08-22,2023,1,MIL,MIN,7.0,3.0,1
2023-08-22,2023,1,CLE,LAD,8.0,3.0,1
2023-08-22,2023,1,LAA,CIN,3.0,4.0,0
2023-08-23,2023,1,BAL,TOR,7.0,0.0,1
2023-08-23,2023,1,LAA,CIN,4.0,9.0,0
2023-08-23,2023,1,TB,COL,6.0,5.0,1
2023-08-23,2023,1,ATH,KC,0.0,4.0,0
2023-08-23,2023,2,LAA,CIN,3.0,7.0,0
2023-08-23,2023,1,CLE,LAD,1.0,6.0,0
2023-08-23,2023,1,PIT,STL,4.0,6.0,0
2023-08-23,2023,1,ATL,NYM,7.0,0.0,1
2023-08-23,2023,1,DET,CHC,4.0,6.0,0
2023-08-23,2023,1,PHI,SF,6.0,8.0,0
2023-08-23,2023,1,MIL,MIN,8.0,7.0,1
2023-08-23,2023,1,HOU,BOS,5.0,7.0,0
2023-08-23,2023,1,CWS,SEA,5.0,4.0,1
2023-08-23,2023,1,NYY,WSH,9.0,1.0,1
2023-08-23,2023,1,SD,MIA,4.0,0.0,1
2023-08-24,2023,1,HOU,BOS,1.0,17.0,0
2023-08-24,2023,1,BAL,TOR,5.0,3.0,1
2023-08-24,2023,1,MIN,TEX,7.0,5.0,1
2023-08-24,2023,1,NYY,WSH,5.0,6.0,0
2023-08-24,2023,1,PIT,CHC,4.0,5.0,0
2023-08-24,2023,1,CWS,ATH,5.0,8.0,0
2023-08-24,2023,1,TB,COL,5.0,3.0,1
2023-08-24,2023,1,ARI,CIN,3.0,2.0,1
2023-08-24,2023,1,CLE,LAD,3.0,9.0,0
2023-08-25,2023,1,BAL,COL,5.0,4.0,1
2023-08-25,2023,1,TOR,CLE,2.0,5.0,0
2023-08-25,2023,1,MIN,TEX,12.0,2.0,1
2023-08-25,2023,1,TB,NYY,2.0,6.0,0
2023-08-25,2023,1,BOS,LAD,4.0,7.0,0
2023-08-25,2023,1,NYM,LAA,1.0,3.0,0
2023-08-25,2023,1,PHI,STL,7.0,2.0,1
2023-08-25,2023,1,MIA,WSH,4.0,7.0,0
2023-08-25,2023,1,PIT,CHC,2.0,1.0,1
2023-08-25,2023,1,CWS,ATH,4.0,12.0,0
2023-08-25,2023,1,SF,ATL,1.0,5.0,0
2023-08-25,2023,1,ARI,CIN,10.0,8.0,1
2023-08-25,2023,1,DET,HOU,4.0,1.0,1
2023-08-25,2023,1,MIL,SD,7.0,3.0,1
2023-08-25,2023,1,SEA,KC,7.0,5.0,1
2023-08-26,2023,1,BOS,LAD,8.0,5.0,1
2023-08-26,2023,1,MIA,WSH,2.0,3.0,0
2023-08-26,2023,1,CWS,ATH,6.0,2.0,1
2023-08-26,2023,1,MIN,TEX,2.0,6.0,0
2023-08-26,2023,1,PHI,STL,12.0,1.0,1
2023-08-26,2023,1,MIL,SD,5.0,4.0,1
2023-08-26,2023,1,DET,HOU,2.0,9.0,0
2023-08-26,2023,1,ARI,CIN,7.0,8.0,0
2023-08-26,2023,1,TB,NYY,3.0,0.0,1
2023-08-26,2023,1,SF,ATL,3.0,7.0,0
2023-08-26,2023,1,PIT,CHC,6.0,10.0,0
2023-08-26,2023,1,BAL,COL,5.0,4.0,1
2023-08-26,2023,1,TOR,CLE,8.0,3.0,1
2023-08-26,2023,1,NYM,LAA,3.0,5.0,0
2023-08-26,2023,1,SEA,KC,15.0,2.0,1
2023-08-27,2023,1,ARI,CIN,5.0,2.0,1
2023-08-27,2023,1,CWS,ATH,6.0,1.0,1
2023-08-27,2023,1,PIT,CHC,1.0,10.0,0
2023-08-27,2023,1,BAL,COL,3.0,4.0,0
2023-08-27,2023,1,MIA,WSH,2.0,1.0,1
2023-08-27,2023,1,PHI,STL,3.0,0.0,1
2023-08-27,2023,1,BOS,LAD,4.0,7.0,0
2023-08-27,2023,1,NYM,LAA,3.0,2.0,1
2023-08-27,2023,1,SEA,KC,3.0,2.0,1
2023-08-27,2023,1,SF,ATL,8.0,5.0,1
2023-08-27,2023,1,TB,NYY,7.0,4.0,1
2023-08-27,2023,1,MIL,SD,10.0,6.0,1
2023-08-27,2023,1,TOR,CLE,7.0,10.0,0
2023-08-27,2023,1,MIN,TEX,7.0,6.0,1
2023-08-27,2023,1,DET,HOU,4.0,17.0,0
2023-08-28,2023,1,DET,NYY,1.0,4.0,0
2023-08-28,2023,1,STL,SD,1.0,4.0,0
2023-08-28,2023,1,KC,PIT,0.0,5.0,0
2023-08-28,2023,1,TOR,WSH,6.0,3.0,1
2023-08-28,2023,1,CHC,MIL,2.0,6.0,0
2023-08-28,2023,1,LAD,ARI,7.0,4.0,1
2023-08-28,2023,1,BOS,HOU,5.0,13.0,0
2023-08-28,2023,1,MIN,CLE,10.0,6.0,1
2023-08-28,2023,1,BAL,CWS,9.0,0.0,1
2023-08-28,2023,1,SF,CIN,4.0,1.0,1
2023-08-28,2023,1,SEA,ATH,7.0,0.0,1
2023-08-28,2023,1,NYM,TEX,3.0,4.0,0
2023-08-28,2023,1,COL,ATL,4.0,14.0,0
2023-08-28,2023,1,PHI,LAA,6.0,4.0,1
2023-08-29,2023,1,SF,CIN,6.0,1.0,1
2023-08-29,2023,1,PHI,LAA,12.0,7.0,1
2023-08-29,2023,1,KC,PIT,3.0,6.0,0
2023-08-29,2023,1,DET,NYY,2.0,4.0,0
2023-08-29,2023,1,LAD,ARI,9.0,1.0,1
2023-08-29,2023,1,COL,ATL,1.0,3.0,0
2023-08-29,2023,1,MIA,TB,2.0,11.0,0
2023-08-29,2023,1,NYM,TEX,1.0,2.0,0
2023-08-29,2023,1,BAL,CWS,9.0,3.0,1
2023-08-29,2023,1,TOR,WSH,4.0,5.0,0
2023-08-29,2023,1,BOS,HOU,2.0,6.0,0
2023-08-29,2023,1,STL,SD,6.0,5.0,1
2023-08-29,2023,1,MIN,CLE,2.0,4.0,0
2023-08-29,2023,1,CHC,MIL,1.0,0.0,1
2023-08-29,2023,1,SEA,ATH,1.0,3.0,0
2023-08-30,2023,1,TOR,WSH,7.0,0.0,1
2023-08-30,2023,1,SF,CIN,1.0,4.0,0
2023-08-30,2023,1,LAD,ARI,7.0,0.0,1
2023-08-30,2023,1,PHI,LAA,8.0,10.0,0
2023-08-30,2023,1,CHC,MIL,3.0,2.0,1
2023-08-30,2023,1,COL,ATL,3.0,7.0,0
2023-08-30,2023,1,SEA,ATH,5.0,4.0,1
2023-08-30,2023,1,MIA,TB,0.0,3.0,0
2023-08-30,2023,1,NYM,TEX,6.0,5.0,1
2023-08-30,2023,1,KC,PIT,1.0,4.0,0
2023-08-30,2023,1,BOS,HOU,4.0,7.0,0
2023-08-30,2023,1,MIN,CLE,2.0,5.0,0
2023-08-30,2023,1,BAL,CWS,5.0,10.0,0
2023-08-30,2023,1,STL,SD,5.0,4.0,1
2023-08-30,2023,1,DET,NYY,2.0,6.0,0
2023-08-31,2023,1,LAD,ATL,7.0,8.0,0
2023-08-31,2023,1,SD,SF,2.0,7.0,0
2023-08-31,2023,1,WSH,MIA,1.0,6.0,0
2023-08-31,2023,1,DET,NYY,4.0,3.0,1
2023-09-01,2023,1,NYM,SEA,2.0,1.0,1
2023-09-01,2023,1,CWS,DET,2.0,4.0,0
2023-09-01,2023,1,HOU,NYY,2.0,6.0,0
2023-09-01,2023,1,STL,PIT,2.0,4.0,0
2023-09-01,2023,1,SD,SF,7.0,3.0,1
2023-09-01,2023,1,MIL,PHI,7.0,5.0,1
2023-09-01,2023,1,ARI,BAL,4.0,2.0,1
2023-09-01,2023,1,KC,BOS,13.0,2.0,1
2023-09-01,2023,1,ATH,LAA,9.0,2.0,1
2023-09-01,2023,1,CLE,TB,3.0,2.0,1
2023-09-01,2023,2,CIN,CHC,3.0,2.0,1
2023-09-01,2023,1,COL,TOR,9.0,13.0,0
2023-09-01,2023,1,TEX,MIN,1.0,5.0,0
2023-09-01,2023,1,LAD,ATL,3.0,6.0,0
2023-09-01,2023,1,WSH,MIA,5.0,8.0,0
2023-09-01,2023,1,CIN,CHC,2.0,6.0,0
2023-09-02,2023,1,CIN,CHC,2.0,1.0,1
2023-09-02,2023,1,COL,TOR,8.0,7.0,1
2023-09-02,2023,1,ARI,BAL,3.0,7.0,0
2023-09-02,2023,1,STL,PIT,6.0,7.0,0
2023-09-02,2023,1,TEX,MIN,7.0,9.0,0
2023-09-02,2023,1,CLE,TB,7.0,6.0,1
2023-09-02,2023,1,CWS,DET,0.0,10.0,0
2023-09-02,2023,1,WSH,MIA,5.0,11.0,0
2023-09-02,2023,1,ATH,LAA,2.0,1.0,1
2023-09-02,2023,1,NYM,SEA,7.0,8.0,0
2023-09-02,2023,1,HOU,NYY,4.0,5.0,0
2023-09-02,2023,1,MIL,PHI,7.0,5.0,1
2023-09-02,2023,1,LAD,ATL,2.0,4.0,0
2023-09-02,2023,1,SD,SF,6.0,1.0,1
2023-09-02,2023,1,KC,BOS,5.0,9.0,0
2023-09-03,2023,1,STL,PIT,6.0,4.0,1
2023-09-03,2023,1,CLE,TB,2.0,6.0,0
2023-09-03,2023,1,ATH,LAA,10.0,6.0,1
2023-09-03,2023,1,CWS,DET,2.0,3.0,0
2023-09-03,2023,1,TEX,MIN,6.0,5.0,1
2023-09-03,2023,1,KC,BOS,3.0,7.0,0
2023-09-03,2023,1,HOU,NYY,1.0,6.0,0
2023-09-03,2023,1,LAD,ATL,3.0,1.0,1
2023-09-03,2023,1,COL,TOR,5.0,7.0,0
2023-09-03,2023,1,MIL,PHI,2.0,4.0,0
2023-09-03,2023,1,NYM,SEA,6.0,3.0,1
2023-09-03,2023,1,SD,SF,4.0,0.0,1
2023-09-03,2023,1,WSH,MIA,4.0,6.0,0
2023-09-03,2023,1,ARI,BAL,5.0,8.0,0
2023-09-03,2023,1,CIN,CHC,7.0,15.0,0
2023-09-04,2023,1,TB,BOS,3.0,7.0,0
2023-09-04,2023,1,ATH,TOR,5.0,6.0,0
2023-09-04,2023,1,KC,CWS,12.0,1.0,1
2023-09-04,2023,1,LAA,BAL,3.0,6.0,0
2023-09-04,2023,1,CHC,SF,5.0,0.0,1
2023-09-04,2023,1,TEX,HOU,6.0,13.0,0
2023-09-04,2023,1,PIT,MIL,4.0,2.0,1
2023-09-04,2023,1,SD,PHI,7.0,9.0,0
2023-09-04,2023,1,ARI,COL,4.0,2.0,1
2023-09-04,2023,1,CIN,SEA,6.0,3.0,1
2023-09-04,2023,1,CLE,MIN,6.0,20.0,0
2023-09-05,2023,1,SD,PHI,8.0,0.0,1
2023-09-05,2023,1,TB,BOS,8.0,6.0,1
2023-09-05,2023,1,KC,CWS,7.0,6.0,1
2023-09-05,2023,1,ARI,COL,2.0,3.0,0
2023-09-05,2023,1,CHC,SF,11.0,8.0,1
2023-09-05,2023,1,LAA,BAL,4.0,5.0,0
2023-09-05,2023,1,NYY,DET,5.0,1.0,1
2023-09-05,2023,1,MIA,LAD,6.0,3.0,1
2023-09-05,2023,1,WSH,NYM,5.0,11.0,0
2023-09-05,2023,1,ATL,STL,6.0,10.0,0
2023-09-05,2023,1,ATH,TOR,1.0,7.0,0
2023-09-05,2023,1,CIN,SEA,7.0,6.0,1
2023-09-05,2023,1,PIT,MIL,3.0,7.0,0
2023-09-05,2023,1,TEX,HOU,1.0,14.0,0
2023-09-05,2023,1,CLE,MIN,3.0,8.0,0
2023-09-06,2023,1,CLE,MIN,2.0,1.0,1
2023-09-06,2023,1,NYY,DET,4.0,3.0,1
2023-09-06,2023,1,MIA,LAD,11.0,4.0,1
2023-09-06,2023,1,ARI,COL,12.0,5.0,1
2023-09-06,2023,1,ATL,STL,6.0,11.0,0
2023-09-06,2023,1,KC,CWS,4.0,6.0,0
2023-09-06,2023,1,TB,BOS,3.0,1.0,1
2023-09-06,2023,1,TEX,HOU,3.0,12.0,0
2023-09-06,2023,1,CIN,SEA,4.0,8.0,0
2023-09-06,2023,1,SD,PHI,1.0,5.0,0
2023-09-06,2023,1,ATH,TOR,5.0,2.0,1
2023-09-06,2023,1,CHC,SF,8.0,2.0,1
2023-09-06,2023,1,WSH,NYM,3.0,2.0,1
2023-09-06,2023,1,LAA,BAL,3.0,10.0,0
2023-09-06,2023,1,PIT,MIL,5.0,4.0,1
2023-09-07,2023,1,CHC,ARI,2.0,6.0,0
2023-09-07,2023,1,MIA,LAD,0.0,10.0,0
2023-09-07,2023,1,TB,SEA,0.0,1.0,0
2023-09-07,2023,1,LAA,CLE,3.0,2.0,1
2023-09-07,2023,1,NYY,DET,3.0,10.0,0
2023-09-07,2023,1,ATL,STL,8.0,5.0,1
2023-09-08,2023,1,LAA,CLE,3.0,6.0,0
2023-09-08,2023,1,TOR,KC,5.0,4.0,1
2023-09-08,2023,1,CHC,ARI,0.0,1.0,0
2023-09-08,2023,1,BOS,BAL,2.0,11.0,0
2023-09-08,2023,1,NYY,MIL,2.0,8.0,0
2023-09-08,2023,1,PHI,MIA,2.0,3.0,0
2023-09-08,2023,1,ATL,PIT,8.0,2.0,1
2023-09-08,2023,1,SF,COL,9.0,8.0,1
2023-09-08,2023,1,DET,CWS,0.0,6.0,0
2023-09-08,2023,1,WSH,LAD,5.0,8.0,0
2023-09-08,2023,1,MIN,NYM,5.0,2.0,1
2023-09-08,2023,1,TEX,ATH,3.0,6.0,0
2023-09-08,2023,1,TB,SEA,7.0,4.0,1
2023-09-08,2023,1,HOU,SD,2.0,11.0,0
2023-09-08,2023,1,CIN,STL,4.0,9.0,0
2023-09-09,2023,1,TEX,ATH,3.0,2.0,1
2023-09-09,2023,1,TB,SEA,7.0,5.0,1
2023-09-09,2023,1,BOS,BAL,12.0,13.0,0
2023-09-09,2023,1,WSH,LAD,7.0,6.0,1
2023-09-09,2023,1,CHC,ARI,2.0,3.0,0
2023-09-09,2023,1,LAA,CLE,6.0,2.0,1
2023-09-09,2023,1,PHI,MIA,8.0,4.0,1
2023-09-09,2023,1,CIN,STL,3.0,4.0,0
2023-09-09,2023,1,ATL,PIT,4.0,8.0,0
2023-09-09,2023,1,NYY,MIL,2.0,9.0,0
2023-09-09,2023,1,DET,CWS,3.0,1.0,1
2023-09-09,2023,1,MIN,NYM,8.0,4.0,1
2023-09-09,2023,1,HOU,SD,7.0,5.0,1
2023-09-09,2023,1,TOR,KC,5.0,1.0,1
2023-09-09,2023,1,SF,COL,9.0,1.0,1
2023-09-10,2023,1,ATL,PIT,5.0,2.0,1
2023-09-10,2023,1,WSH,LAD,3.0,7.0,0
2023-09-10,2023,1,SF,COL,6.0,3.0,1
2023-09-10,2023,1,HOU,SD,12.0,2.0,1
2023-09-10,2023,1,TEX,ATH,9.0,4.0,1
2023-09-10,2023,1,DET,CWS,3.0,2.0,1
2023-09-10,2023,1,TB,SEA,6.0,3.0,1
2023-09-10,2023,1,CHC,ARI,5.0,2.0,1
2023-09-10,2023,1,BOS,BAL,7.0,3.0,1
2023-09-10,2023,1,PHI,MIA,4.0,5.0,0
2023-09-10,2023,1,NYY,MIL,4.0,3.0,1
2023-09-10,2023,1,LAA,CLE,2.0,1.0,1
2023-09-10,2023,1,CIN,STL,7.0,1.0,1
2023-09-10,2023,1,TOR,KC,5.0,2.0,1
2023-09-10,2023,1,MIN,NYM,0.0,2.0,0
2023-09-11,2023,1,PHI,ATL,8.0,10.0,0
2023-09-11,2023,2,PHI,ATL,7.0,5.0,1
2023-09-11,2023,1,PIT,WSH,2.0,6.0,0
2023-09-11,2023,1,BAL,STL,11.0,5.0,1
2023-09-11,2023,1,NYM,ARI,3.0,4.0,0
2023-09-11,2023,1,LAD,SD,8.0,11.0,0
2023-09-11,2023,1,TOR,TEX,4.0,10.0,0
2023-09-11,2023,1,HOU,ATH,0.0,4.0,0
2023-09-11,2023,1,MIL,MIA,12.0,0.0,1
2023-09-11,2023,1,SF,CLE,5.0,4.0,1
2023-09-11,2023,1,COL,CHC,4.0,5.0,0
2023-09-11,2023,1,SEA,LAA,5.0,8.0,0
2023-09-11,2023,1,MIN,TB,4.0,7.0,0
2023-09-12,2023,1,COL,CHC,6.0,4.0,1
2023-09-12,2023,1,SEA,LAA,8.0,0.0,1
2023-09-12,2023,1,BOS,NYY,2.0,3.0,0
2023-09-12,2023,2,CWS,KC,10.0,11.0,0
2023-09-12,2023,1,SF,CLE,1.0,3.0,0
2023-09-12,2023,1,PIT,WSH,5.0,1.0,1
2023-09-12,2023,1,MIL,MIA,3.0,1.0,1
2023-09-12,2023,1,MIN,TB,3.0,2.0,1
2023-09-12,2023,1,LAD,SD,11.0,2.0,1
2023-09-12,2023,1,CWS,KC,6.0,2.0,1
2023-09-12,2023,1,DET,CIN,5.0,6.0,0
2023-09-12,2023,1,HOU,ATH,2.0,6.0,0
2023-09-12,2023,2,BOS,NYY,1.0,4.0,0
2023-09-12,2023,1,PHI,ATL,6.0,7.0,0
2023-09-12,2023,1,NYM,ARI,7.0,4.0,1
2023-09-12,2023,1,BAL,STL,2.0,5.0,0
2023-09-12,2023,1,TOR,TEX,3.0,6.0,0
2023-09-13,2023,1,LAD,SD,1.0,6.0,0
2023-09-13,2023,1,MIN,TB,4.0,5.0,0
2023-09-13,2023,1,NYM,ARI,7.0,1.0,1
2023-09-13,2023,1,SEA,LAA,3.0,2.0,1
2023-09-13,2023,1,HOU,ATH,6.0,2.0,1
2023-09-13,2023,1,DET,CIN,3.0,4.0,0
2023-09-13,2023,1,PIT,WSH,7.0,6.0,1
2023-09-13,2023,1,MIL,MIA,0.0,2.0,0
2023-09-13,2023,1,COL,CHC,7.0,3.0,1
2023-09-13,2023,1,TOR,TEX,0.0,10.0,0
2023-09-13,2023,1,PHI,ATL,1.0,4.0,0
2023-09-13,2023,1,BAL,STL,0.0,1.0,0
2023-09-13,2023,1,CWS,KC,1.0,7.0,0
2023-09-13,2023,1,SF,CLE,6.0,5.0,1
2023-09-14,2023,1,CWS,MIN,2.0,10.0,0
2023-09-14,2023,1,PIT,WSH,2.0,0.0,1
2023-09-14,2023,1,BOS,NYY,5.0,0.0,1
2023-09-14,2023,1,NYM,ARI,11.0,1.0,1
2023-09-14,2023,1,BAL,TB,3.0,4.0,0
2023-09-14,2023,1,DET,CIN,8.0,2.0,1
2023-09-14,2023,1,MIL,MIA,4.0,2.0,1
2023-09-14,2023,1,TOR,TEX,2.0,9.0,0
2023-09-14,2023,2,BOS,NYY,5.0,8.0,0
2023-09-15,2023,1,SEA,LAD,3.0,6.0,0
2023-09-15,2023,1,MIL,WSH,5.0,3.0,1
2023-09-15,2023,1,PIT,NYY,5.0,7.0,0
2023-09-15,2023,1,NYM,CIN,3.0,5.0,0
2023-09-15,2023,1,CWS,MIN,2.0,10.0,0
2023-09-15,2023,1,STL,PHI,4.0,5.0,0
2023-09-15,2023,1,TOR,BOS,3.0,0.0,1
2023-09-15,2023,1,ATH,SD,3.0,8.0,0
2023-09-15,2023,1,ARI,CHC,6.0,4.0,1
2023-09-15,2023,1,KC,HOU,4.0,2.0,1
2023-09-15,2023,1,BAL,TB,1.0,7.0,0
2023-09-15,2023,1,MIA,ATL,9.0,6.0,1
2023-09-15,2023,1,LAA,DET,2.0,11.0,0
2023-09-15,2023,1,COL,SF,3.0,2.0,1
2023-09-15,2023,1,CLE,TEX,12.0,3.0,1
2023-09-16,2023,1,SEA,LAD,2.0,6.0,0
2023-09-16,2023,1,CWS,MIN,7.0,6.0,1
2023-09-16,2023,1,ATH,SD,2.0,5.0,0
2023-09-16,2023,1,NYM,CIN,2.0,3.0,0
2023-09-16,2023,1,STL,PHI,1.0,6.0,0
2023-09-16,2023,1,ARI,CHC,7.0,6.0,1
2023-09-16,2023,1,KC,HOU,10.0,8.0,1
2023-09-16,2023,1,BAL,TB,8.0,0.0,1
2023-09-16,2023,1,TOR,BOS,4.0,3.0,1
2023-09-16,2023,1,MIL,WSH,9.0,5.0,1
2023-09-16,2023,1,CLE,TEX,2.0,1.0,1
2023-09-16,2023,2,COL,SF,5.0,2.0,1
2023-09-16,2023,1,COL,SF,9.0,5.0,1
2023-09-16,2023,1,MIA,ATL,11.0,5.0,1
2023-09-16,2023,1,LAA,DET,4.0,5.0,0
2023-09-16,2023,1,PIT,NYY,3.0,6.0,0
2023-09-17,2023,1,BAL,TB,5.0,4.0,1
2023-09-17,2023,1,LAA,DET,3.0,5.0,0
2023-09-17,2023,1,KC,HOU,1.0,7.0,0
2023-09-17,2023,1,PIT,NYY,3.0,2.0,1
2023-09-17,2023,1,STL,PHI,6.0,5.0,1
2023-09-17,2023,1,ATH,SD,1.0,10.0,0
2023-09-17,2023,1,SEA,LAD,1.0,6.0,0
2023-09-17,2023,1,MIA,ATL,16.0,2.0,1
2023-09-17,2023,1,MIL,WSH,1.0,2.0,0
2023-09-17,2023,1,CWS,MIN,0.0,4.0,0
2023-09-17,2023,1,CLE,TEX,9.0,2.0,1
2023-09-17,2023,1,NYM,CIN,8.0,4.0,1
2023-09-17,2023,1,ARI,CHC,6.0,2.0,1
2023-09-17,2023,1,TOR,BOS,3.0,2.0,1
2023-09-17,2023,1,COL,SF,10.0,11.0,0
2023-09-18,2023,1,STL,MIL,1.0,0.0,1
2023-09-18,2023,1,CIN,MIN,7.0,3.0,1
2023-09-18,2023,1,TEX,BOS,2.0,4.0,0
2023-09-18,2023,1,ATH,SEA,0.0,5.0,0
2023-09-18,2023,1,HOU,BAL,7.0,8.0,0
2023-09-18,2023,1,WSH,CWS,1.0,6.0,0
2023-09-18,2023,1,ATL,PHI,1.0,7.0,0
2023-09-18,2023,1,KC,CLE,6.0,4.0,1
2023-09-18,2023,1,MIA,NYM,1.0,2.0,0
2023-09-18,2023,1,SD,COL,11.0,9.0,1
2023-09-18,2023,1,LAD,DET,8.0,3.0,1
2023-09-19,2023,1,CIN,MIN,0.0,7.0,0
2023-09-19,2023,1,MIA,NYM,4.0,3.0,1
2023-09-19,2023,1,WSH,CWS,4.0,3.0,1
2023-09-19,2023,1,ARI,SF,8.0,4.0,1
2023-09-19,2023,1,TB,LAA,6.0,2.0,1
2023-09-19,2023,1,CHC,PIT,14.0,1.0,1
2023-09-19,2023,1,NYY,TOR,1.0,7.0,0
2023-09-19,2023,1,ATL,PHI,9.0,3.0,1
2023-09-19,2023,1,LAD,DET,3.0,2.0,1
2023-09-19,2023,1,STL,MIL,3.0,7.0,0
2023-09-19,2023,1,SD,COL,2.0,0.0,1
2023-09-19,2023,1,KC,CLE,7.0,6.0,1
2023-09-19,2023,1,HOU,BAL,5.0,9.0,0
2023-09-19,2023,1,TEX,BOS,6.0,4.0,1
2023-09-19,2023,1,ATH,SEA,2.0,7.0,0
2023-09-20,2023,1,SD,COL,3.0,2.0,1
2023-09-20,2023,1,STL,MIL,2.0,8.0,0
2023-09-20,2023,1,HOU,BAL,2.0,1.0,1
2023-09-20,2023,1,KC,CLE,6.0,2.0,1
2023-09-20,2023,1,ATL,PHI,5.0,6.0,0
2023-09-20,2023,1,WSH,CWS,13.0,3.0,1
2023-09-20,2023,1,TB,LAA,3.0,8.0,0
2023-09-20,2023,1,ARI,SF,7.0,1.0,1
2023-09-20,2023,1,CHC,PIT,7.0,13.0,0
2023-09-20,2023,1,MIA,NYM,3.0,8.0,0
2023-09-20,2023,1,NYY,TOR,1.0,6.0,0
2023-09-20,2023,1,ATH,SEA,3.0,6.0,0
2023-09-20,2023,1,CIN,MIN,3.0,5.0,0
2023-09-20,2023,1,LAD,DET,2.0,4.0,0
2023-09-20,2023,1,TEX,BOS,15.0,5.0,1
2023-09-21,2023,1,STL,MIL,0.0,6.0,0
2023-09-21,2023,1,PHI,NYM,5.0,4.0,1
2023-09-21,2023,1,TB,LAA,5.0,4.0,1
2023-09-21,2023,1,CHC,PIT,6.0,8.0,0
2023-09-21,2023,1,ATH,DET,3.0,7.0,0
2023-09-21,2023,1,WSH,ATL,3.0,10.0,0
2023-09-21,2023,1,NYY,TOR,5.0,3.0,1
2023-09-21,2023,1,CLE,BAL,5.0,2.0,1
2023-09-21,2023,1,LAD,SF,7.0,2.0,1
2023-09-22,2023,1,CLE,BAL,9.0,8.0,1
2023-09-22,2023,1,CHC,COL,6.0,0.0,1
2023-09-22,2023,1,ATH,DET,8.0,2.0,1
2023-09-22,2023,1,NYY,ARI,7.0,1.0,1
2023-09-22,2023,1,LAD,SF,1.0,5.0,0
2023-09-22,2023,1,BOS,CWS,3.0,2.0,1
2023-09-22,2023,1,SD,STL,4.0,2.0,1
2023-09-22,2023,1,HOU,KC,5.0,7.0,0
2023-09-22,2023,1,MIN,LAA,8.0,6.0,1
2023-09-22,2023,1,MIA,MIL,1.0,16.0,0
2023-09-22,2023,1,TB,TOR,2.0,6.0,0
2023-09-22,2023,1,WSH,ATL,6.0,9.0,0
2023-09-22,2023,1,PHI,NYM,5.0,4.0,1
2023-09-22,2023,1,CIN,PIT,5.0,7.0,0
2023-09-22,2023,1,TEX,SEA,8.0,5.0,1
2023-09-23,2023,1,SD,STL,2.0,5.0,0
2023-09-23,2023,1,HOU,KC,2.0,3.0,0
2023-09-23,2023,1,TEX,SEA,2.0,0.0,1
2023-09-23,2023,1,CIN,PIT,12.0,13.0,0
2023-09-23,2023,1,MIN,LAA,0.0,1.0,0
2023-09-23,2023,1,BOS,CWS,0.0,1.0,0
2023-09-23,2023,1,MIA,MIL,5.0,4.0,1
2023-09-23,2023,1,ATH,DET,4.0,1.0,1
2023-09-23,2023,1,PHI,NYM,7.0,5.0,1
2023-09-23,2023,1,CLE,BAL,1.0,2.0,0
2023-09-23,2023,1,LAD,SF,7.0,0.0,1
2023-09-23,2023,1,TB,TOR,7.0,6.0,1
2023-09-23,2023,1,CHC,COL,6.0,3.0,1
2023-09-24,2023,1,NYY,ARI,1.0,7.0,0
2023-09-24,2023,2,WSH,ATL,5.0,8.0,0
2023-09-24,2023,1,WSH,ATL,3.0,2.0,1
2023-09-24,2023,1,MIA,MIL,6.0,1.0,1
2023-09-24,2023,1,TEX,SEA,9.0,8.0,1
2023-09-24,2023,1,ATH,DET,0.0,2.0,0
2023-09-24,2023,1,CLE,BAL,1.0,5.0,0
2023-09-24,2023,1,CHC,COL,4.0,3.0,1
2023-09-24,2023,1,SD,STL,12.0,2.0,1
2023-09-24,2023,1,HOU,KC,5.0,6.0,0
2023-09-24,2023,1,BOS,CWS,2.0,3.0,0
2023-09-24,2023,1,TB,TOR,5.0,9.0,0
2023-09-24,2023,1,CIN,PIT,4.0,2.0,1
2023-09-24,2023,1,LAD,SF,3.0,2.0,1
2023-09-24,2023,1,PHI,NYM,5.0,2.0,1
2023-09-24,2023,1,MIN,LAA,9.0,3.0,1
2023-09-25,2023,1,NYY,ARI,6.0,4.0,1
2023-09-25,2023,1,SF,SD,2.0,1.0,1
2023-09-25,2023,1,SEA,HOU,1.0,5.0,0
2023-09-25,2023,1,LAA,TEX,1.0,5.0,0
2023-09-26,2023,1,MIN,ATH,11.0,3.0,1
2023-09-26,2023,1,SF,SD,0.0,4.0,0
2023-09-26,2023,1,DET,KC,6.0,3.0,1
2023-09-26,2023,1,SEA,HOU,6.0,2.0,1
2023-09-26,2023,2,COL,LAD,2.0,11.0,0
2023-09-26,2023,1,LAA,TEX,9.0,3.0,1
2023-09-26,2023,1,ATL,CHC,7.0,6.0,1
2023-09-26,2023,1,BOS,TB,7.0,9.0,0
2023-09-26,2023,1,PHI,PIT,3.0,2.0,1
2023-09-26,2023,1,COL,LAD,4.0,1.0,1
2023-09-26,2023,1,MIL,STL,1.0,4.0,0
2023-09-26,2023,1,BAL,WSH,1.0,0.0,1
2023-09-26,2023,1,TOR,NYY,0.0,2.0,0
2023-09-26,2023,1,CWS,ARI,4.0,15.0,0
2023-09-26,2023,1,CLE,CIN,7.0,11.0,0
2023-09-27,2023,1,BAL,WSH,5.0,1.0,1
2023-09-27,2023,1,CWS,ARI,0.0,3.0,0
2023-09-27,2023,1,MIL,STL,3.0,2.0,1
2023-09-27,2023,1,MIN,ATH,6.0,4.0,1
2023-09-27,2023,1,SEA,HOU,3.0,8.0,0
2023-09-27,2023,1,NYM,MIA,11.0,2.0,1
2023-09-27,2023,1,COL,LAD,2.0,8.0,0
2023-09-27,2023,2,NYM,MIA,2.0,4.0,0
2023-09-27,2023,1,DET,KC,8.0,0.0,1
2023-09-27,2023,1,BOS,TB,0.0,5.0,0
2023-09-27,2023,1,TOR,NYY,0.0,6.0,0
2023-09-27,2023,1,ATL,CHC,6.0,5.0,1
2023-09-27,2023,1,PHI,PIT,7.0,6.0,1
2023-09-27,2023,1,LAA,TEX,0.0,5.0,0
2023-09-27,2023,1,CLE,CIN,4.0,3.0,1
2023-09-27,2023,1,SF,SD,2.0,5.0,0
2023-09-28,2023,1,NYM,MIA,1.0,0.0,1
2023-09-28,2023,1,ATL,CHC,5.0,3.0,1
2023-09-28,2023,1,PHI,PIT,2.0,3.0,0
2023-09-28,2023,1,SEA,TEX,3.0,2.0,1
2023-09-28,2023,1,MIN,ATH,1.0,2.0,0
2023-09-28,2023,1,DET,KC,7.0,3.0,1
2023-09-28,2023,1,CWS,ARI,3.0,1.0,1
2023-09-28,2023,1,MIL,STL,3.0,0.0,1
2023-09-28,2023,1,COL,LAD,14.0,5.0,1
2023-09-28,2023,1,TOR,NYY,6.0,0.0,1
2023-09-28,2023,1,BAL,BOS,2.0,0.0,1
2023-09-29,2023,1,LAA,ATH,5.0,1.0,1
2023-09-29,2023,1,ATL,WSH,6.0,10.0,0
2023-09-29,2023,1,BAL,BOS,0.0,3.0,0
2023-09-29,2023,1,TOR,TB,11.0,4.0,1
2023-09-29,2023,1,PIT,MIA,3.0,4.0,0
2023-09-29,2023,1,STL,CIN,2.0,19.0,0
2023-09-29,2023,1,KC,NYY,12.0,5.0,1
2023-09-29,2023,1,COL,MIN,6.0,7.0,0
2023-09-29,2023,1,MIL,CHC,4.0,3.0,1
2023-09-29,2023,1,SEA,TEX,8.0,0.0,1
2023-09-29,2023,1,ARI,HOU,1.0,2.0,0
2023-09-29,2023,1,DET,CLE,5.0,7.0,0
2023-09-29,2023,1,SF,LAD,2.0,6.0,0
2023-09-29,2023,1,CWS,SD,2.0,3.0,0
2023-09-30,2023,1,BAL,BOS,5.0,2.0,1
2023-09-30,2023,1,NYM,PHI,4.0,3.0,1
2023-09-30,2023,2,NYM,PHI,11.0,4.0,1
2023-09-30,2023,1,MIL,CHC,6.0,10.0,0
2023-09-30,2023,1,ATL,WSH,5.0,3.0,1
2023-09-30,2023,1,LAA,ATH,3.0,7.0,0
2023-09-30,2023,1,TOR,TB,5.0,7.0,0
2023-09-30,2023,1,STL,CIN,15.0,6.0,1
2023-09-30,2023,1,COL,MIN,6.0,14.0,0
2023-09-30,2023,1,ARI,HOU,0.0,1.0,0
2023-09-30,2023,1,CWS,SD,1.0,6.0,0
2023-09-30,2023,1,DET,CLE,8.0,0.0,1
2023-09-30,2023,1,SEA,TEX,1.0,6.0,0
2023-09-30,2023,1,PIT,MIA,3.0,7.0,0
2023-09-30,2023,1,KC,NYY,2.0,5.0,0
2023-09-30,2023,1,SF,LAD,2.0,1.0,1
2024-03-20,2024,1,SD,LAD,2.0,5.0,0
2024-03-21,2024,1,LAD,SD,11.0,15.0,0
2024-03-28,2024,1,ATH,CLE,0.0,8.0,0
2024-03-28,2024,1,LAD,STL,7.0,1.0,1
2024-03-28,2024,1,SEA,BOS,4.0,6.0,0
2024-03-28,2024,1,CWS,DET,0.0,1.0,0
2024-03-28,2024,1,CIN,WSH,8.0,2.0,1
2024-03-28,2024,1,MIA,PIT,5.0,6.0,0
2024-03-28,2024,1,TB,TOR,2.0,8.0,0
2024-03-28,2024,1,BAL,LAA,11.0,3.0,1
2024-03-28,2024,1,HOU,NYY,4.0,5.0,0
2024-03-28,2024,1,SD,SF,6.0,4.0,1
2024-03-28,2024,1,TEX,CHC,4.0,3.0,1
2024-03-28,2024,1,ARI,COL,16.0,1.0,1
2024-03-28,2024,1,KC,MIN,1.0,4.0,0
2024-03-29,2024,1,TB,TOR,8.0,2.0,1
2024-03-29,2024,1,HOU,NYY,1.0,7.0,0
2024-03-29,2024,1,SEA,BOS,1.0,0.0,1
2024-03-29,2024,1,ARI,COL,7.0,3.0,1
2024-03-29,2024,1,LAD,STL,6.0,3.0,1
2024-03-29,2024,1,SD,SF,3.0,8.0,0
2024-03-29,2024,1,NYM,MIL,1.0,3.0,0
2024-03-29,2024,1,ATH,CLE,4.0,6.0,0
2024-03-29,2024,1,MIA,PIT,2.0,7.0,0
2024-03-29,2024,1,PHI,ATL,3.0,9.0,0
2024-03-30,2024,1,SEA,BOS,4.0,3.0,1
2024-03-30,2024,1,HOU,NYY,3.0,5.0,0
2024-03-30,2024,1,SD,SF,6.0,9.0,0
2024-03-30,2024,1,ATH,CLE,3.0,12.0,0
2024-03-30,2024,1,KC,MIN,1.0,5.0,0
2024-03-30,2024,1,NYM,MIL,6.0,7.0,0
2024-03-30,2024,1,ARI,COL,4.0,9.0,0
2024-03-30,2024,1,TEX,CHC,11.0,2.0,1
2024-03-30,2024,1,PHI,ATL,4.0,12.0,0
2024-03-30,2024,1,MIA,PIT,3.0,9.0,0
2024-03-30,2024,1,BAL,LAA,13.0,4.0,1
2024-03-30,2024,1,LAD,STL,5.0,6.0,0
2024-03-30,2024,1,TB,TOR,5.0,1.0,1
2024-03-30,2024,1,CIN,WSH,6.0,7.0,0
2024-03-30,2024,1,CWS,DET,6.0,7.0,0
2024-03-31,2024,1,CIN,WSH,6.0,5.0,1
2024-03-31,2024,1,BAL,LAA,1.0,4.0,0
2024-03-31,2024,1,SEA,BOS,1.0,5.0,0
2024-03-31,2024,1,CWS,DET,2.0,3.0,0
2024-03-31,2024,1,HOU,NYY,3.0,4.0,0
2024-03-31,2024,1,LAD,STL,5.0,4.0,1
2024-03-31,2024,1,KC,MIN,11.0,0.0,1
2024-03-31,2024,1,ATH,CLE,4.0,3.0,1
2024-03-31,2024,1,TEX,CHC,5.0,9.0,0
2024-03-31,2024,1,TB,TOR,2.0,9.0,0
2024-03-31,2024,1,PHI,ATL,5.0,4.0,1
2024-03-31,2024,1,SD,SF,13.0,4.0,1
2024-03-31,2024,1,ARI,COL,5.0,1.0,1
2024-03-31,2024,1,NYM,MIL,1.0,4.0,0
2024-03-31,2024,1,MIA,PIT,7.0,9.0,0
2024-04-01,2024,1,NYM,DET,0.0,5.0,0
2024-04-01,2024,1,CHC,COL,5.0,0.0,1
2024-04-01,2024,1,MIA,LAA,4.0,7.0,0
2024-04-01,2024,1,PHI,CIN,3.0,6.0,0
2024-04-01,2024,1,CWS,ATL,0.0,9.0,0
2024-04-01,2024,1,LAD,SF,8.0,3.0,1
2024-04-01,2024,1,TB,TEX,3.0,9.0,0
2024-04-01,2024,1,SEA,CLE,5.0,4.0,1
2024-04-01,2024,1,HOU,TOR,10.0,0.0,1
2024-04-01,2024,1,ATH,BOS,0.0,9.0,0
2024-04-01,2024,1,ARI,NYY,2.0,5.0,0
2024-04-01,2024,1,SD,STL,2.0,6.0,0
2024-04-01,2024,1,BAL,KC,6.0,4.0,1
2024-04-01,2024,1,WSH,PIT,4.0,8.0,0
2024-04-02,2024,1,ATH,BOS,4.0,5.0,0
2024-04-02,2024,1,CHC,COL,12.0,2.0,1
2024-04-02,2024,1,MIL,MIN,3.0,2.0,1
2024-04-02,2024,1,LAD,SF,5.0,4.0,1
2024-04-02,2024,1,SD,STL,2.0,5.0,0
2024-04-02,2024,1,PHI,CIN,9.0,4.0,1
2024-04-02,2024,1,ARI,NYY,7.0,0.0,1
2024-04-02,2024,1,CWS,ATL,3.0,2.0,1
2024-04-02,2024,1,HOU,TOR,1.0,2.0,0
2024-04-02,2024,1,SEA,CLE,2.0,5.0,0
2024-04-02,2024,1,TB,TEX,5.0,2.0,1
2024-04-02,2024,1,BAL,KC,1.0,4.0,0
2024-04-02,2024,1,MIA,LAA,1.0,3.0,0
2024-04-03,2024,1,ARI,NYY,5.0,6.0,0
2024-04-03,2024,1,ATH,BOS,0.0,1.0,0
2024-04-03,2024,1,CHC,COL,9.0,8.0,1
2024-04-03,2024,1,SEA,CLE,0.0,8.0,0
2024-04-03,2024,1,MIL,MIN,3.0,7.0,0
2024-04-03,2024,1,TB,TEX,1.0,4.0,0
2024-04-03,2024,1,MIA,LAA,2.0,10.0,0
2024-04-03,2024,1,HOU,TOR,8.0,0.0,1
2024-04-03,2024,1,PHI,CIN,1.0,4.0,0
2024-04-03,2024,1,WSH,PIT,5.0,3.0,1
2024-04-03,2024,1,BAL,KC,4.0,3.0,1
2024-04-03,2024,1,SD,STL,3.0,2.0,1
2024-04-03,2024,1,LAD,SF,5.0,4.0,1
2024-04-04,2024,1,KC,CWS,10.0,1.0,1
2024-04-04,2024,2,NYM,DET,2.0,1.0,1
2024-04-04,2024,1,WSH,PIT,4.0,7.0,0
2024-04-04,2024,1,MIN,CLE,2.0,4.0,0
2024-04-04,2024,1,NYM,DET,3.0,6.0,0
2024-04-04,2024,1,STL,MIA,8.0,5.0,1
2024-04-05,2024,1,MIL,SEA,6.0,5.0,1
2024-04-05,2024,1,LAA,BOS,6.0,8.0,0
2024-04-05,2024,1,ATL,ARI,6.0,5.0,1
2024-04-05,2024,1,KC,CWS,2.0,1.0,1
2024-04-05,2024,1,TEX,HOU,10.0,2.0,1
2024-04-05,2024,1,DET,ATH,5.0,4.0,1
2024-04-05,2024,1,WSH,PHI,0.0,4.0,0
2024-04-05,2024,1,SF,SD,3.0,2.0,1
2024-04-05,2024,1,PIT,BAL,2.0,5.0,0
2024-04-05,2024,1,COL,TB,10.0,7.0,1
2024-04-05,2024,1,CHC,LAD,9.0,7.0,1
2024-04-05,2024,1,CIN,NYM,2.0,3.0,0
2024-04-05,2024,1,NYY,TOR,0.0,3.0,0
2024-04-06,2024,1,ATL,ARI,9.0,8.0,1
2024-04-06,2024,1,DET,ATH,0.0,4.0,0
2024-04-06,2024,1,PIT,BAL,5.0,4.0,1
2024-04-06,2024,1,CHC,LAD,1.0,4.0,0
2024-04-06,2024,1,KC,CWS,3.0,0.0,1
2024-04-06,2024,1,SF,SD,0.0,4.0,0
2024-04-06,2024,1,COL,TB,6.0,8.0,0
2024-04-06,2024,1,STL,MIA,3.0,1.0,1
2024-04-06,2024,1,MIN,CLE,1.0,3.0,0
2024-04-06,2024,1,MIL,SEA,3.0,5.0,0
2024-04-06,2024,1,NYY,TOR,9.0,8.0,1
2024-04-06,2024,1,LAA,BOS,2.0,1.0,1
2024-04-06,2024,1,TEX,HOU,7.0,2.0,1
2024-04-06,2024,1,CIN,NYM,9.0,6.0,1
2024-04-06,2024,1,WSH,PHI,2.0,5.0,0
2024-04-07,2024,1,COL,TB,2.0,3.0,0
2024-04-07,2024,1,PIT,BAL,3.0,2.0,1
2024-04-07,2024,1,CIN,NYM,1.0,3.0,0
2024-04-07,2024,1,WSH,PHI,3.0,2.0,1
2024-04-07,2024,1,MIL,SEA,12.0,4.0,1
2024-04-07,2024,1,KC,CWS,5.0,3.0,1
2024-04-07,2024,1,TEX,HOU,1.0,3.0,0
2024-04-07,2024,1,STL,MIA,3.0,10.0,0
2024-04-07,2024,1,CHC,LAD,8.0,1.0,1
2024-04-07,2024,1,NYY,TOR,8.0,3.0,1
2024-04-07,2024,1,LAA,BOS,2.0,12.0,0
2024-04-07,2024,1,ATL,ARI,5.0,2.0,1
2024-04-07,2024,1,DET,ATH,1.0,7.0,0
2024-04-07,2024,1,SF,SD,3.0,2.0,1
2024-04-08,2024,1,TOR,SEA,5.0,2.0,1
2024-04-08,2024,1,NYY,MIA,7.0,0.0,1
2024-04-08,2024,1,STL,PHI,3.0,5.0,0
2024-04-08,2024,1,SF,WSH,1.0,8.0,0
2024-04-08,2024,1,COL,ARI,7.0,5.0,1
2024-04-08,2024,1,SD,CHC,9.0,8.0,1
2024-04-08,2024,1,CIN,MIL,10.0,8.0,1
2024-04-08,2024,1,ATL,NYM,7.0,8.0,0
2024-04-08,2024,1,TEX,HOU,5.0,10.0,0
2024-04-08,2024,1,LAA,TB,7.0,1.0,1
2024-04-08,2024,1,MIN,LAD,2.0,4.0,0
2024-04-08,2024,1,CLE,CWS,4.0,0.0,1
2024-04-08,2024,1,PIT,DET,7.0,4.0,1
2024-04-09,2024,1,CIN,MIL,5.0,9.0,0
2024-04-09,2024,1,NYY,MIA,3.0,2.0,1
2024-04-09,2024,1,TEX,ATH,3.0,4.0,0
2024-04-09,2024,1,TOR,SEA,5.0,3.0,1
2024-04-09,2024,1,LAA,TB,4.0,6.0,0
2024-04-09,2024,1,STL,PHI,3.0,0.0,1
2024-04-09,2024,1,MIN,LAD,3.0,6.0,0
2024-04-09,2024,1,SD,CHC,1.0,5.0,0
2024-04-09,2024,1,PIT,DET,3.0,5.0,0
2024-04-09,2024,1,KC,HOU,4.0,3.0,1
2024-04-09,2024,1,SF,WSH,3.0,5.0,0
2024-04-09,2024,1,COL,ARI,2.0,3.0,0
2024-04-09,2024,1,CLE,CWS,5.0,7.0,0
2024-04-09,2024,1,BOS,BAL,1.0,7.0,0
2024-04-09,2024,1,ATL,NYM,6.0,5.0,1
2024-04-10,2024,1,LAA,TB,2.0,4.0,0
2024-04-10,2024,1,STL,PHI,3.0,4.0,0
2024-04-10,2024,1,SD,CHC,10.0,2.0,1
2024-04-10,2024,1,BOS,BAL,5.0,7.0,0
2024-04-10,2024,1,SF,WSH,7.0,1.0,1
2024-04-10,2024,1,TOR,SEA,1.0,6.0,0
2024-04-10,2024,1,CIN,MIL,2.0,7.0,0
2024-04-10,2024,1,COL,ARI,3.0,5.0,0
2024-04-10,2024,1,MIN,LAD,3.0,2.0,1
2024-04-10,2024,1,KC,HOU,11.0,2.0,1
2024-04-10,2024,1,CLE,CWS,7.0,6.0,1
2024-04-10,2024,1,NYY,MIA,2.0,5.0,0
2024-04-10,2024,1,TEX,ATH,6.0,2.0,1
2024-04-11,2024,1,KC,HOU,13.0,3.0,1
2024-04-11,2024,1,BOS,BAL,4.0,9.0,0
2024-04-11,2024,1,TEX,ATH,0.0,1.0,0
2024-04-11,2024,1,ATL,NYM,4.0,16.0,0
2024-04-11,2024,1,PHI,PIT,5.0,1.0,1
2024-04-12,2024,1,HOU,TEX,8.0,12.0,0
2024-04-12,2024,1,SEA,CHC,4.0,2.0,1
2024-04-12,2024,1,TOR,COL,4.0,12.0,0
2024-04-12,2024,1,DET,MIN,8.0,2.0,1
2024-04-12,2024,1,ATH,WSH,2.0,1.0,1
2024-04-12,2024,1,BAL,MIL,1.0,11.0,0
2024-04-12,2024,1,NYM,KC,6.0,1.0,1
2024-04-12,2024,1,PHI,PIT,2.0,5.0,0
2024-04-12,2024,1,MIA,ATL,1.0,8.0,0
2024-04-12,2024,1,BOS,LAA,0.0,7.0,0
2024-04-12,2024,1,CWS,CIN,1.0,11.0,0
2024-04-12,2024,1,ARI,STL,6.0,9.0,0
2024-04-12,2024,1,TB,SF,2.0,1.0,1
2024-04-12,2024,1,LAD,SD,7.0,8.0,0
2024-04-13,2024,1,BOS,LAA,7.0,2.0,1
2024-04-13,2024,1,DET,MIN,5.0,11.0,0
2024-04-13,2024,1,ARI,STL,4.0,2.0,1
2024-04-13,2024,1,TOR,COL,5.0,3.0,1
2024-04-13,2024,1,MIA,ATL,5.0,1.0,1
2024-04-13,2024,1,SEA,CHC,1.0,4.0,0
2024-04-13,2024,2,DET,MIN,1.0,4.0,0
2024-04-13,2024,1,CLE,NYY,2.0,3.0,0
2024-04-13,2024,1,PHI,PIT,4.0,3.0,1
2024-04-13,2024,1,LAD,SD,5.0,2.0,1
2024-04-13,2024,2,CLE,NYY,2.0,8.0,0
2024-04-13,2024,1,BAL,MIL,5.0,11.0,0
2024-04-13,2024,1,HOU,TEX,9.0,2.0,1
2024-04-13,2024,1,ATH,WSH,1.0,3.0,0
2024-04-13,2024,1,TB,SF,2.0,11.0,0
2024-04-13,2024,1,CWS,CIN,0.0,5.0,0
2024-04-13,2024,1,NYM,KC,7.0,11.0,0
2024-04-14,2024,1,LAD,SD,3.0,6.0,0
2024-04-14,2024,1,CWS,CIN,4.0,11.0,0
2024-04-14,2024,1,NYM,KC,2.0,1.0,1
2024-04-14,2024,1,BOS,LAA,5.0,4.0,1
2024-04-14,2024,1,DET,MIN,4.0,3.0,1
2024-04-14,2024,1,ATH,WSH,7.0,6.0,1
2024-04-14,2024,1,SEA,CHC,2.0,3.0,0
2024-04-14,2024,1,CLE,NYY,8.0,7.0,1
2024-04-14,2024,1,PHI,PIT,2.0,9.0,0
2024-04-14,2024,1,HOU,TEX,8.0,5.0,1
2024-04-14,2024,1,MIA,ATL,7.0,9.0,0
2024-04-14,2024,1,BAL,MIL,6.0,4.0,1
2024-04-14,2024,1,TOR,COL,5.0,0.0,1
2024-04-14,2024,1,TB,SF,9.0,4.0,1
2024-04-14,2024,1,ARI,STL,5.0,0.0,1
2024-04-15,2024,1,CWS,KC,0.0,2.0,0
2024-04-15,2024,1,SEA,CIN,9.0,3.0,1
2024-04-15,2024,1,MIA,SF,3.0,4.0,0
2024-04-15,2024,1,BOS,CLE,0.0,6.0,0
2024-04-15,2024,1,DET,TEX,0.0,1.0,0
2024-04-15,2024,1,TB,LAA,3.0,7.0,0
2024-04-15,2024,1,PHI,COL,2.0,1.0,1
2024-04-15,2024,1,ARI,CHC,2.0,3.0,0
2024-04-15,2024,1,MIL,SD,3.0,7.0,0
2024-04-15,2024,1,NYM,PIT,6.0,3.0,1
2024-04-15,2024,1,ATH,STL,1.0,3.0,0
2024-04-15,2024,1,TOR,NYY,3.0,1.0,1
2024-04-15,2024,1,LAD,WSH,4.0,6.0,0
2024-04-15,2024,1,BAL,MIN,7.0,4.0,1
2024-04-15,2024,1,HOU,ATL,1.0,6.0,0
2024-04-16,2024,1,NYM,PIT,3.0,1.0,1
2024-04-16,2024,1,MIL,SD,3.0,6.0,0
2024-04-16,2024,1,TB,LAA,7.0,6.0,1
2024-04-16,2024,1,TOR,NYY,5.0,4.0,1
2024-04-16,2024,1,BAL,MIN,11.0,3.0,1
2024-04-16,2024,1,ATH,STL,2.0,3.0,0
2024-04-16,2024,1,MIA,SF,6.0,3.0,1
2024-04-16,2024,1,HOU,ATL,2.0,6.0,0
2024-04-16,2024,1,ARI,CHC,12.0,11.0,1
2024-04-16,2024,1,DET,TEX,4.0,2.0,1
2024-04-16,2024,1,SEA,CIN,3.0,1.0,1
2024-04-16,2024,1,PHI,COL,5.0,0.0,1
2024-04-16,2024,1,LAD,WSH,6.0,2.0,1
2024-04-16,2024,1,BOS,CLE,7.0,10.0,0
2024-04-17,2024,1,NYM,PIT,9.0,1.0,1
2024-04-17,2024,1,CWS,KC,2.0,4.0,0
2024-04-17,2024,1,PHI,COL,7.0,6.0,1
2024-04-17,2024,2,CWS,KC,2.0,1.0,1
2024-04-17,2024,1,HOU,ATL,4.0,5.0,0
2024-04-17,2024,1,LAD,WSH,0.0,2.0,0
2024-04-17,2024,1,TOR,NYY,4.0,6.0,0
2024-04-17,2024,1,ATH,STL,6.0,3.0,1
2024-04-17,2024,1,SEA,CIN,5.0,1.0,1
2024-04-17,2024,1,BAL,MIN,4.0,2.0,1
2024-04-17,2024,1,TB,LAA,4.0,5.0,0
2024-04-17,2024,1,DET,TEX,4.0,5.0,0
2024-04-17,2024,1,BOS,CLE,2.0,0.0,1
2024-04-17,2024,1,ARI,CHC,3.0,5.0,0
2024-04-17,2024,1,MIL,SD,1.0,0.0,1
2024-04-17,2024,1,MIA,SF,1.0,3.0,0
2024-04-18,2024,1,BOS,CLE,4.0,5.0,0
2024-04-18,2024,1,TB,LAA,2.0,1.0,1
2024-04-18,2024,1,SF,ARI,5.0,0.0,1
2024-04-18,2024,1,DET,TEX,7.0,9.0,0
2024-04-19,2024,1,STL,MIL,1.0,2.0,0
2024-04-19,2024,1,SD,TOR,1.0,5.0,0
2024-04-19,2024,1,PHI,CWS,7.0,0.0,1
2024-04-19,2024,1,NYY,TB,5.0,3.0,1
2024-04-19,2024,1,ATL,TEX,8.0,3.0,1
2024-04-19,2024,1,KC,BAL,9.0,4.0,1
2024-04-19,2024,1,CLE,ATH,10.0,2.0,1
2024-04-19,2024,1,CIN,LAA,7.0,1.0,1
2024-04-19,2024,1,WSH,HOU,3.0,5.0,0
2024-04-19,2024,1,LAD,NYM,4.0,9.0,0
2024-04-19,2024,1,PIT,BOS,1.0,8.0,0
2024-04-19,2024,1,SF,ARI,1.0,17.0,0
2024-04-19,2024,1,MIN,DET,4.0,5.0,0
2024-04-19,2024,1,CHC,MIA,8.0,3.0,1
2024-04-20,2024,1,NYY,TB,0.0,2.0,0
2024-04-20,2024,2,CHC,MIA,5.0,3.0,1
2024-04-20,2024,1,SF,ARI,7.0,3.0,1
2024-04-20,2024,1,KC,BAL,7.0,9.0,0
2024-04-20,2024,1,CHC,MIA,2.0,3.0,0
2024-04-20,2024,1,CIN,LAA,7.0,5.0,1
2024-04-20,2024,1,PIT,BOS,2.0,4.0,0
2024-04-20,2024,1,ATL,TEX,5.0,2.0,1
2024-04-20,2024,1,SD,TOR,2.0,5.0,0
2024-04-20,2024,1,PHI,CWS,9.0,5.0,1
2024-04-20,2024,1,CLE,ATH,6.0,3.0,1
2024-04-20,2024,1,WSH,HOU,5.0,4.0,1
2024-04-20,2024,1,LAD,NYM,4.0,6.0,0
2024-04-20,2024,1,COL,SEA,0.0,7.0,0
2024-04-20,2024,1,MIN,DET,4.0,3.0,1
2024-04-20,2024,1,STL,MIL,5.0,12.0,0
2024-04-21,2024,1,CHC,MIA,3.0,6.0,0
2024-04-21,2024,1,PHI,CWS,8.0,2.0,1
2024-04-21,2024,1,KC,BAL,0.0,5.0,0
2024-04-21,2024,1,PIT,BOS,1.0,6.0,0
2024-04-21,2024,1,CIN,LAA,3.0,0.0,1
2024-04-21,2024,1,SD,TOR,6.0,3.0,1
2024-04-21,2024,1,LAD,NYM,10.0,0.0,1
2024-04-21,2024,1,SF,ARI,3.0,5.0,0
2024-04-21,2024,1,WSH,HOU,6.0,0.0,1
2024-04-21,2024,2,COL,SEA,2.0,10.0,0
2024-04-21,2024,1,COL,SEA,2.0,1.0,1
2024-04-21,2024,1,NYY,TB,5.0,4.0,1
2024-04-21,2024,1,MIN,DET,1.0,6.0,0
2024-04-21,2024,1,CLE,ATH,6.0,2.0,1
2024-04-21,2024,1,STL,MIL,0.0,2.0,0
2024-04-21,2024,1,ATL,TEX,4.0,6.0,0
2024-04-22,2024,1,SF,NYM,5.0,2.0,1
2024-04-22,2024,1,PIT,MIL,4.0,2.0,1
2024-04-22,2024,1,COL,SD,1.0,3.0,0
2024-04-22,2024,1,MIN,CWS,7.0,0.0,1
2024-04-22,2024,1,TB,DET,1.0,7.0,0
2024-04-22,2024,1,CIN,PHI,0.0,7.0,0
2024-04-22,2024,1,LAA,BAL,2.0,4.0,0
2024-04-22,2024,1,NYY,ATH,0.0,2.0,0
2024-04-22,2024,1,STL,ARI,5.0,3.0,1
2024-04-22,2024,1,KC,TOR,3.0,5.0,0
2024-04-22,2024,1,ATL,MIA,3.0,0.0,1
2024-04-23,2024,1,SF,NYM,5.0,1.0,1
2024-04-23,2024,1,PIT,MIL,2.0,1.0,1
2024-04-23,2024,1,WSH,LAD,1.0,4.0,0
2024-04-23,2024,1,KC,TOR,3.0,2.0,1
2024-04-23,2024,1,COL,SD,7.0,4.0,1
2024-04-23,2024,1,NYY,ATH,4.0,3.0,1
2024-04-23,2024,1,ATL,MIA,5.0,0.0,1
2024-04-23,2024,1,LAA,BAL,7.0,4.0,1
2024-04-23,2024,1,CLE,BOS,4.0,1.0,1
2024-04-23,2024,1,TEX,SEA,0.0,4.0,0
2024-04-23,2024,1,MIN,CWS,6.0,5.0,1
2024-04-23,2024,1,STL,ARI,1.0,14.0,0
2024-04-23,2024,1,CIN,PHI,8.0,1.0,1
2024-04-23,2024,1,TB,DET,2.0,4.0,0
2024-04-23,2024,1,CHC,HOU,7.0,2.0,1
2024-04-24,2024,1,COL,SD,2.0,5.0,0
2024-04-24,2024,1,CLE,BOS,0.0,8.0,0
2024-04-24,2024,1,WSH,LAD,2.0,11.0,0
2024-04-24,2024,1,KC,TOR,3.0,2.0,1
2024-04-24,2024,1,NYY,ATH,7.0,3.0,1
2024-04-24,2024,1,TEX,SEA,5.0,1.0,1
2024-04-24,2024,1,PIT,MIL,2.0,3.0,0
2024-04-24,2024,1,CIN,PHI,7.0,4.0,1
2024-04-24,2024,1,ATL,MIA,4.0,3.0,1
2024-04-24,2024,1,TB,DET,7.0,5.0,1
2024-04-24,2024,1,MIN,CWS,6.0,3.0,1
2024-04-24,2024,1,SF,NYM,2.0,8.0,0
2024-04-24,2024,1,CHC,HOU,4.0,3.0,1
2024-04-24,2024,1,LAA,BAL,5.0,6.0,0
2024-04-24,2024,1,STL,ARI,5.0,1.0,1
2024-04-25,2024,1,CIN,PHI,0.0,5.0,0
2024-04-25,2024,1,CLE,BOS,6.0,4.0,1
2024-04-25,2024,1,TEX,SEA,3.0,4.0,0
2024-04-25,2024,1,CHC,HOU,3.0,1.0,1
2024-04-25,2024,1,MIN,CWS,6.0,3.0,1
2024-04-25,2024,1,PIT,MIL,5.0,7.0,0
2024-04-25,2024,1,COL,SD,10.0,9.0,1
2024-04-25,2024,1,NYY,ATH,1.0,3.0,0
2024-04-25,2024,1,WSH,LAD,1.0,2.0,0
2024-04-25,2024,1,KC,TOR,2.0,1.0,1
2024-04-26,2024,1,BOS,CHC,1.0,7.0,0
2024-04-26,2024,1,DET,KC,0.0,8.0,0
2024-04-26,2024,1,TOR,LAD,2.0,12.0,0
2024-04-26,2024,1,CWS,TB,9.0,4.0,1
2024-04-26,2024,1,LAA,MIN,3.0,5.0,0
2024-04-26,2024,1,SD,PHI,3.0,9.0,0
2024-04-26,2024,1,MIL,NYY,7.0,6.0,1
2024-04-26,2024,1,BAL,ATH,2.0,3.0,0
2024-04-26,2024,1,TEX,CIN,2.0,1.0,1
2024-04-26,2024,1,SEA,ARI,6.0,1.0,1
2024-04-26,2024,1,ATL,CLE,6.0,2.0,1
2024-04-26,2024,1,MIA,WSH,1.0,3.0,0
2024-04-26,2024,1,SF,PIT,3.0,0.0,1
2024-04-26,2024,1,NYM,STL,2.0,4.0,0
2024-04-27,2024,1,MIL,NYY,3.0,15.0,0
2024-04-27,2024,1,TEX,CIN,4.0,8.0,0
2024-04-27,2024,1,SEA,ARI,3.0,1.0,1
2024-04-27,2024,1,TOR,LAD,2.0,4.0,0
2024-04-27,2024,1,COL,HOU,4.0,12.0,0
2024-04-27,2024,1,ATL,CLE,2.0,4.0,0
2024-04-27,2024,1,CWS,TB,8.0,7.0,1
2024-04-27,2024,1,NYM,STL,4.0,7.0,0
2024-04-27,2024,1,BAL,ATH,7.0,0.0,1
2024-04-27,2024,1,LAA,MIN,5.0,16.0,0
2024-04-27,2024,1,DET,KC,6.0,5.0,1
2024-04-27,2024,1,MIA,WSH,4.0,11.0,0
2024-04-27,2024,1,SF,PIT,3.0,4.0,0
2024-04-27,2024,1,SD,PHI,1.0,5.0,0
2024-04-27,2024,1,BOS,CHC,17.0,0.0,1
2024-04-28,2024,1,MIL,NYY,5.0,15.0,0
2024-04-28,2024,1,TEX,CIN,4.0,3.0,1
2024-04-28,2024,1,NYM,STL,4.0,2.0,1
2024-04-28,2024,1,SEA,ARI,2.0,3.0,0
2024-04-28,2024,1,MIA,WSH,9.0,12.0,0
2024-04-28,2024,1,BAL,ATH,6.0,7.0,0
2024-04-28,2024,1,SF,PIT,3.0,2.0,1
2024-04-28,2024,1,DET,KC,4.0,1.0,1
2024-04-28,2024,1,TOR,LAD,3.0,1.0,1
2024-04-28,2024,1,BOS,CHC,5.0,4.0,1
2024-04-28,2024,1,SD,PHI,6.0,8.0,0
2024-04-28,2024,1,COL,HOU,2.0,8.0,0
2024-04-28,2024,1,LAA,MIN,5.0,11.0,0
2024-04-28,2024,1,ATL,CLE,4.0,3.0,1
2024-04-28,2024,1,CWS,TB,4.0,2.0,1
2024-04-29,2024,1,CWS,MIN,2.0,3.0,0
2024-04-29,2024,1,SD,CIN,2.0,5.0,0
2024-04-29,2024,1,MIL,TB,0.0,1.0,0
2024-04-29,2024,1,BAL,NYY,2.0,0.0,1
2024-04-29,2024,1,TOR,KC,6.0,5.0,1
2024-04-29,2024,1,ATH,PIT,5.0,1.0,1
2024-04-29,2024,1,NYM,CHC,1.0,3.0,0
2024-04-29,2024,1,MIA,WSH,2.0,7.0,0
2024-04-29,2024,1,SEA,ATL,2.0,1.0,1
2024-04-29,2024,1,LAA,PHI,6.0,5.0,1
2024-04-29,2024,1,ARI,LAD,4.0,8.0,0
2024-04-30,2024,1,NYM,CHC,4.0,2.0,1
2024-04-30,2024,1,ARI,LAD,4.0,3.0,1
2024-04-30,2024,2,DET,STL,11.0,6.0,1
2024-04-30,2024,1,DET,STL,1.0,2.0,0
2024-04-30,2024,1,SD,CIN,6.0,4.0,1
2024-04-30,2024,1,BOS,SF,4.0,0.0,1
2024-04-30,2024,1,MIL,TB,8.0,2.0,1
2024-04-30,2024,1,MIA,COL,7.0,6.0,1
2024-04-30,2024,1,SEA,ATL,3.0,2.0,1
2024-04-30,2024,1,LAA,PHI,5.0,7.0,0
2024-04-30,2024,1,CWS,MIN,5.0,6.0,0
2024-04-30,2024,1,HOU,CLE,10.0,9.0,1
2024-04-30,2024,1,TOR,KC,1.0,4.0,0
2024-04-30,2024,1,ATH,PIT,5.0,2.0,1
2024-04-30,2024,1,BAL,NYY,4.0,2.0,1
2024-04-30,2024,1,TEX,WSH,7.0,1.0,1
2024-05-01,2024,1,SEA,ATL,2.0,5.0,0
2024-05-01,2024,1,ATH,PIT,4.0,0.0,1
2024-05-01,2024,1,HOU,CLE,2.0,3.0,0
2024-05-01,2024,1,MIA,COL,4.0,1.0,1
2024-05-01,2024,1,DET,STL,4.0,1.0,1
2024-05-01,2024,1,NYM,CHC,0.0,1.0,0
2024-05-01,2024,1,TOR,KC,1.0,6.0,0
2024-05-01,2024,1,BOS,SF,6.0,2.0,1
2024-05-01,2024,1,TEX,WSH,0.0,1.0,0
2024-05-01,2024,1,SD,CIN,6.0,2.0,1
2024-05-01,2024,1,LAA,PHI,1.0,2.0,0
2024-05-01,2024,1,ARI,LAD,0.0,8.0,0
2024-05-01,2024,1,MIL,TB,7.0,1.0,1
2024-05-01,2024,1,CWS,MIN,5.0,10.0,0
2024-05-01,2024,1,BAL,NYY,0.0,2.0,0
2024-05-02,2024,1,TEX,WSH,6.0,0.0,1
2024-05-02,2024,1,HOU,CLE,8.0,2.0,1
2024-05-02,2024,1,MIA,COL,5.0,4.0,1
2024-05-02,2024,1,NYM,CHC,7.0,6.0,1
2024-05-02,2024,1,BOS,SF,1.0,3.0,0
2024-05-02,2024,1,BAL,NYY,7.0,2.0,1
2024-05-03,2024,1,ATH,MIA,3.0,1.0,1
2024-05-03,2024,1,ARI,SD,1.0,7.0,0
2024-05-03,2024,1,HOU,SEA,5.0,3.0,1
2024-05-03,2024,1,WSH,TOR,9.0,3.0,1
2024-05-03,2024,1,CIN,BAL,0.0,3.0,0
2024-05-03,2024,1,KC,TEX,7.0,1.0,1
2024-05-03,2024,1,NYY,DET,2.0,1.0,1
2024-05-03,2024,1,STL,CWS,3.0,0.0,1
2024-05-03,2024,1,MIN,BOS,5.0,2.0,1
2024-05-03,2024,1,LAD,ATL,4.0,3.0,1
2024-05-03,2024,1,PIT,COL,2.0,3.0,0
2024-05-03,2024,1,PHI,SF,4.0,3.0,1
2024-05-03,2024,1,CLE,LAA,0.0,6.0,0
2024-05-03,2024,1,CHC,MIL,1.0,3.0,0
2024-05-03,2024,1,TB,NYM,10.0,8.0,1
2024-05-04,2024,1,WSH,TOR,3.0,6.0,0
2024-05-04,2024,1,STL,CWS,5.0,6.0,0
2024-05-04,2024,1,MIN,BOS,3.0,1.0,1
2024-05-04,2024,1,LAD,ATL,11.0,2.0,1
2024-05-04,2024,1,ARI,SD,1.0,13.0,0
2024-05-04,2024,1,HOU,SEA,0.0,5.0,0
2024-05-04,2024,1,CLE,LAA,7.0,1.0,1
2024-05-04,2024,1,NYY,DET,5.0,3.0,1
2024-05-04,2024,1,CIN,BAL,1.0,2.0,0
2024-05-04,2024,1,KC,TEX,4.0,15.0,0
2024-05-04,2024,1,TB,NYM,3.0,1.0,1
2024-05-04,2024,1,PIT,COL,1.0,0.0,1
2024-05-04,2024,1,PHI,SF,14.0,3.0,1
2024-05-04,2024,1,ATH,MIA,20.0,4.0,1
2024-05-04,2024,1,CHC,MIL,6.0,5.0,1
2024-05-05,2024,1,CIN,BAL,1.0,11.0,0
2024-05-05,2024,1,CHC,MIL,5.0,0.0,1
2024-05-05,2024,1,NYY,DET,5.0,2.0,1
2024-05-05,2024,1,ATH,MIA,3.0,12.0,0
2024-05-05,2024,1,TB,NYM,7.0,6.0,1
2024-05-05,2024,1,ARI,SD,11.0,4.0,1
2024-05-05,2024,1,STL,CWS,1.0,5.0,0
2024-05-05,2024,1,PIT,COL,5.0,3.0,1
2024-05-05,2024,1,CLE,LAA,4.0,1.0,1
2024-05-05,2024,1,WSH,TOR,11.0,8.0,1
2024-05-05,2024,1,KC,TEX,2.0,3.0,0
2024-05-05,2024,1,HOU,SEA,4.0,5.0,0
2024-05-05,2024,1,LAD,ATL,5.0,1.0,1
2024-05-05,2024,1,PHI,SF,5.0,4.0,1
2024-05-05,2024,1,MIN,BOS,2.0,9.0,0
2024-05-06,2024,1,CLE,DET,2.0,1.0,1
2024-05-06,2024,1,LAD,MIA,6.0,3.0,1
2024-05-06,2024,1,STL,NYM,3.0,4.0,0
2024-05-06,2024,1,ATH,TEX,2.0,4.0,0
2024-05-06,2024,1,KC,MIL,3.0,2.0,1
2024-05-06,2024,1,PHI,SF,6.0,1.0,1
2024-05-06,2024,1,MIN,SEA,3.0,1.0,1
2024-05-06,2024,1,CHC,SD,3.0,6.0,0
2024-05-06,2024,1,PIT,LAA,4.0,1.0,1
2024-05-06,2024,1,TB,CWS,8.0,2.0,1
2024-05-07,2024,1,ATL,BOS,4.0,2.0,1
2024-05-07,2024,1,PIT,LAA,0.0,9.0,0
2024-05-07,2024,1,KC,MIL,5.0,6.0,0
2024-05-07,2024,1,ATH,TEX,8.0,15.0,0
2024-05-07,2024,1,TB,CWS,5.0,1.0,1
2024-05-07,2024,1,NYY,HOU,10.0,3.0,1
2024-05-07,2024,1,LAD,MIA,8.0,2.0,1
2024-05-07,2024,1,PHI,TOR,10.0,1.0,1
2024-05-07,2024,1,CHC,SD,3.0,2.0,1
2024-05-07,2024,1,CLE,DET,7.0,11.0,0
2024-05-07,2024,1,WSH,BAL,3.0,0.0,1
2024-05-07,2024,1,CIN,ARI,2.0,6.0,0
2024-05-07,2024,1,STL,NYM,5.0,7.0,0
2024-05-07,2024,1,COL,SF,0.0,5.0,0
2024-05-07,2024,1,MIN,SEA,6.0,10.0,0
2024-05-08,2024,1,CIN,ARI,3.0,4.0,0
2024-05-08,2024,1,CHC,SD,0.0,3.0,0
2024-05-08,2024,1,TB,CWS,1.0,4.0,0
2024-05-08,2024,1,PHI,TOR,3.0,5.0,0
2024-05-08,2024,1,CLE,DET,5.0,4.0,1
2024-05-08,2024,1,KC,MIL,6.0,4.0,1
2024-05-08,2024,1,PIT,LAA,4.0,5.0,0
2024-05-08,2024,1,MIN,SEA,6.0,3.0,1
2024-05-08,2024,1,LAD,MIA,3.0,1.0,1
2024-05-08,2024,1,ATH,TEX,9.0,4.0,1
2024-05-08,2024,2,ATH,TEX,11.0,12.0,0
2024-05-08,2024,1,NYY,HOU,9.0,4.0,1
2024-05-08,2024,1,ATL,BOS,5.0,0.0,1
2024-05-08,2024,1,WSH,BAL,6.0,7.0,0
2024-05-08,2024,1,COL,SF,6.0,8.0,0
2024-05-09,2024,1,MIL,STL,7.0,1.0,1
2024-05-09,2024,1,CIN,ARI,4.0,5.0,0
2024-05-09,2024,1,CWS,CLE,3.0,2.0,1
2024-05-09,2024,1,NYY,HOU,3.0,4.0,0
2024-05-09,2024,1,LAA,KC,4.0,10.0,0
2024-05-09,2024,1,MIN,SEA,11.0,1.0,1
2024-05-09,2024,1,COL,SF,9.0,1.0,1
2024-05-10,2024,1,PIT,CHC,2.0,7.0,0
2024-05-10,2024,1,CWS,CLE,6.0,3.0,1
2024-05-10,2024,1,NYM,ATL,2.0,4.0,0
2024-05-10,2024,1,MIL,STL,11.0,2.0,1
2024-05-10,2024,1,SF,CIN,2.0,4.0,0
2024-05-10,2024,1,BOS,WSH,1.0,5.0,0
2024-05-10,2024,1,BAL,ARI,4.0,2.0,1
2024-05-10,2024,1,LAA,KC,1.0,2.0,0
2024-05-10,2024,1,DET,HOU,2.0,5.0,0
2024-05-10,2024,1,TOR,MIN,2.0,3.0,0
2024-05-10,2024,1,COL,TEX,4.0,2.0,1
2024-05-10,2024,1,MIA,PHI,2.0,8.0,0
2024-05-10,2024,1,SD,LAD,2.0,1.0,1
2024-05-10,2024,1,SEA,ATH,8.0,1.0,1
2024-05-10,2024,1,TB,NYY,0.0,2.0,0
2024-05-11,2024,1,SD,LAD,0.0,5.0,0
2024-05-11,2024,1,BAL,ARI,5.0,4.0,1
2024-05-11,2024,1,SEA,ATH,1.0,8.0,0
2024-05-11,2024,1,NYM,ATL,1.0,4.0,0
2024-05-11,2024,1,BOS,WSH,4.0,2.0,1
2024-05-11,2024,1,LAA,KC,9.0,3.0,1
2024-05-11,2024,1,DET,HOU,8.0,2.0,1
2024-05-11,2024,1,MIL,STL,5.0,3.0,1
2024-05-11,2024,1,SF,CIN,5.0,1.0,1
2024-05-11,2024,1,MIA,PHI,3.0,8.0,0
2024-05-11,2024,1,PIT,CHC,10.0,9.0,1
2024-05-11,2024,1,TOR,MIN,10.0,8.0,1
2024-05-11,2024,1,COL,TEX,8.0,3.0,1
2024-05-11,2024,1,CWS,CLE,3.0,1.0,1
2024-05-11,2024,1,TB,NYY,7.0,2.0,1
2024-05-12,2024,1,MIL,STL,3.0,4.0,0
2024-05-12,2024,1,CWS,CLE,0.0,7.0,0
2024-05-12,2024,1,BOS,WSH,3.0,2.0,1
2024-05-12,2024,1,LAA,KC,2.0,4.0,0
2024-05-12,2024,1,BAL,ARI,2.0,9.0,0
2024-05-12,2024,1,COL,TEX,3.0,1.0,1
2024-05-12,2024,1,TB,NYY,6.0,10.0,0
2024-05-12,2024,1,TOR,MIN,1.0,5.0,0
2024-05-12,2024,1,NYM,ATL,4.0,3.0,1
2024-05-12,2024,1,SEA,ATH,8.0,4.0,1
2024-05-12,2024,1,PIT,CHC,4.0,5.0,0
2024-05-12,2024,1,MIA,PHI,7.0,6.0,1
2024-05-12,2024,1,SF,CIN,6.0,5.0,1
2024-05-12,2024,1,SD,LAD,4.0,0.0,1
2024-05-12,2024,1,DET,HOU,3.0,9.0,0
2024-05-13,2024,1,BOS,TB,3.0,5.0,0
2024-05-13,2024,1,SEA,KC,6.0,2.0,1
2024-05-13,2024,1,HOU,ATH,9.0,2.0,1
2024-05-13,2024,1,MIL,PIT,6.0,8.0,0
2024-05-13,2024,1,TEX,CLE,0.0,7.0,0
2024-05-13,2024,1,DET,MIA,6.0,5.0,1
2024-05-13,2024,1,SF,LAD,4.0,6.0,0
2024-05-13,2024,1,ARI,CIN,6.0,5.0,1
2024-05-13,2024,1,NYM,PHI,4.0,5.0,0
2024-05-13,2024,1,LAA,STL,5.0,10.0,0
2024-05-13,2024,1,SD,COL,4.0,5.0,0
2024-05-13,2024,1,ATL,CHC,2.0,0.0,1
2024-05-13,2024,1,BAL,TOR,2.0,3.0,0
2024-05-14,2024,1,ATL,CHC,7.0,0.0,1
2024-05-14,2024,1,SD,COL,3.0,6.0,0
2024-05-14,2024,1,MIL,PIT,4.0,3.0,1
2024-05-14,2024,1,DET,MIA,0.0,1.0,0
2024-05-14,2024,1,SF,LAD,2.0,10.0,0
2024-05-14,2024,1,ARI,CIN,2.0,6.0,0
2024-05-14,2024,1,CWS,WSH,3.0,6.0,0
2024-05-14,2024,2,CWS,WSH,4.0,0.0,1
2024-05-14,2024,1,BOS,TB,5.0,4.0,1
2024-05-14,2024,1,SEA,KC,2.0,4.0,0
2024-05-14,2024,1,TEX,CLE,4.0,7.0,0
2024-05-14,2024,1,NYM,PHI,0.0,4.0,0
2024-05-14,2024,1,HOU,ATH,2.0,1.0,1
2024-05-14,2024,1,LAA,STL,6.0,7.0,0
2024-05-14,2024,1,MIN,NYY,1.0,5.0,0
2024-05-15,2024,1,MIN,NYY,0.0,4.0,0
2024-05-15,2024,1,SEA,KC,4.0,2.0,1
2024-05-15,2024,1,SD,COL,0.0,8.0,0
2024-05-15,2024,1,MIL,PIT,10.0,2.0,1
2024-05-15,2024,1,PHI,NYM,10.0,5.0,1
2024-05-15,2024,1,ARI,CIN,2.0,1.0,1
2024-05-15,2024,1,BAL,TOR,3.0,2.0,1
2024-05-15,2024,1,TEX,CLE,4.0,0.0,1
2024-05-15,2024,1,SF,LAD,4.0,1.0,1
2024-05-15,2024,1,LAA,STL,7.0,2.0,1
2024-05-15,2024,1,DET,MIA,0.0,2.0,0
2024-05-15,2024,1,HOU,ATH,3.0,0.0,1
2024-05-15,2024,1,CWS,WSH,2.0,0.0,1
2024-05-15,2024,1,ATL,CHC,1.0,7.0,0
2024-05-15,2024,1,BOS,TB,3.0,4.0,0
2024-05-16,2024,1,LAD,CIN,2.0,7.0,0
2024-05-16,2024,1,HOU,ATH,8.0,1.0,1
2024-05-16,2024,1,BOS,TB,5.0,7.0,0
2024-05-16,2024,1,PHI,NYM,5.0,6.0,0
2024-05-16,2024,1,CHC,PIT,4.0,5.0,0
2024-05-16,2024,1,MIN,NYY,0.0,5.0,0
2024-05-17,2024,1,SF,COL,10.0,5.0,1
2024-05-17,2024,1,ARI,DET,0.0,13.0,0
2024-05-17,2024,1,TOR,TB,3.0,4.0,0
2024-05-17,2024,1,KC,ATH,6.0,2.0,1
2024-05-17,2024,1,LAD,CIN,7.0,3.0,1
2024-05-17,2024,1,HOU,MIL,5.0,4.0,1
2024-05-17,2024,1,CHC,PIT,3.0,9.0,0
2024-05-17,2024,1,ATL,SD,1.0,3.0,0
2024-05-17,2024,1,PHI,WSH,4.0,2.0,1
2024-05-17,2024,1,MIA,NYM,8.0,0.0,1
2024-05-17,2024,1,NYY,CWS,4.0,2.0,1
2024-05-17,2024,1,STL,BOS,10.0,6.0,1
2024-05-17,2024,1,CLE,MIN,3.0,2.0,1
2024-05-17,2024,1,TEX,LAA,3.0,9.0,0
2024-05-17,2024,1,BAL,SEA,9.0,2.0,1
2024-05-18,2024,1,PHI,WSH,4.0,3.0,1
2024-05-18,2024,1,KC,ATH,5.0,3.0,1
2024-05-18,2024,1,SF,COL,14.0,4.0,1
2024-05-18,2024,1,ARI,DET,3.0,8.0,0
2024-05-18,2024,1,BAL,SEA,3.0,4.0,0
2024-05-18,2024,1,TOR,TB,4.0,5.0,0
2024-05-18,2024,1,LAD,CIN,4.0,0.0,1
2024-05-18,2024,1,CHC,PIT,1.0,0.0,1
2024-05-18,2024,1,CLE,MIN,11.0,4.0,1
2024-05-18,2024,1,STL,BOS,7.0,2.0,1
2024-05-18,2024,1,NYY,CWS,6.0,1.0,1
2024-05-18,2024,1,TEX,LAA,3.0,2.0,1
2024-05-18,2024,1,HOU,MIL,2.0,4.0,0
2024-05-18,2024,1,MIA,NYM,10.0,9.0,1
2024-05-19,2024,1,CHC,PIT,2.0,3.0,0
2024-05-19,2024,1,CLE,MIN,5.0,2.0,1
2024-05-19,2024,1,HOU,MIL,9.0,4.0,1
2024-05-19,2024,1,TEX,LAA,1.0,4.0,0
2024-05-19,2024,1,ATL,SD,1.0,9.0,0
2024-05-19,2024,1,STL,BOS,3.0,11.0,0
2024-05-19,2024,1,BAL,SEA,6.0,3.0,1
2024-05-19,2024,1,MIA,NYM,3.0,7.0,0
2024-05-19,2024,1,ARI,DET,6.0,4.0,1
2024-05-19,2024,1,PHI,WSH,11.0,5.0,1
2024-05-19,2024,1,LAD,CIN,3.0,2.0,1
2024-05-19,2024,1,SF,COL,4.0,1.0,1
2024-05-19,2024,1,KC,ATH,8.0,4.0,1
2024-05-19,2024,1,NYY,CWS,7.0,2.0,1
2024-05-19,2024,1,TOR,TB,5.0,2.0,1
2024-05-20,2024,2,ATL,SD,3.0,0.0,1
2024-05-20,2024,1,LAD,ARI,6.0,4.0,1
2024-05-20,2024,1,TB,BOS,0.0,5.0,0
2024-05-20,2024,1,HOU,LAA,7.0,9.0,0
2024-05-20,2024,1,CLE,NYM,3.0,1.0,1
2024-05-20,2024,1,KC,DET,8.0,3.0,1
2024-05-20,2024,1,ATL,SD,5.0,6.0,0
2024-05-20,2024,1,TOR,CWS,9.0,3.0,1
2024-05-20,2024,1,MIA,MIL,3.0,2.0,1
2024-05-20,2024,1,STL,BAL,6.0,3.0,1
2024-05-20,2024,1,NYY,SEA,4.0,5.0,0
2024-05-20,2024,1,WSH,MIN,12.0,3.0,1
2024-05-21,2024,1,WSH,MIN,0.0,10.0,0
2024-05-21,2024,1,HOU,LAA,6.0,5.0,1
2024-05-21,2024,1,NYY,SEA,3.0,6.0,0
2024-05-21,2024,1,PHI,TEX,5.0,2.0,1
2024-05-21,2024,1,CLE,NYM,7.0,6.0,1
2024-05-21,2024,1,CIN,SD,2.0,0.0,1
2024-05-21,2024,1,PIT,SF,7.0,6.0,1
2024-05-21,2024,1,STL,BAL,3.0,1.0,1
2024-05-21,2024,1,LAD,ARI,3.0,7.0,0
2024-05-21,2024,1,TB,BOS,2.0,5.0,0
2024-05-21,2024,1,ATH,COL,5.0,4.0,1
2024-05-21,2024,1,KC,DET,10.0,3.0,1
2024-05-21,2024,1,MIA,MIL,5.0,7.0,0
2024-05-21,2024,1,TOR,CWS,0.0,5.0,0
2024-05-21,2024,1,CHC,ATL,4.0,3.0,1
2024-05-22,2024,1,WSH,MIN,2.0,3.0,0
2024-05-22,2024,1,CIN,SD,3.0,7.0,0
2024-05-22,2024,1,ATH,COL,3.0,4.0,0
2024-05-22,2024,1,CLE,NYM,6.0,3.0,1
2024-05-22,2024,1,NYY,SEA,7.0,3.0,1
2024-05-22,2024,1,CHC,ATL,2.0,9.0,0
2024-05-22,2024,1,KC,DET,8.0,3.0,1
2024-05-22,2024,1,PIT,SF,5.0,9.0,0
2024-05-22,2024,1,TOR,CWS,9.0,2.0,1
2024-05-22,2024,1,TB,BOS,5.0,8.0,0
2024-05-22,2024,1,LAD,ARI,0.0,6.0,0
2024-05-22,2024,1,STL,BAL,5.0,4.0,1
2024-05-22,2024,1,PHI,TEX,11.0,4.0,1
2024-05-22,2024,1,MIA,MIL,1.0,0.0,1
2024-05-22,2024,1,HOU,LAA,1.0,2.0,0
2024-05-23,2024,1,CWS,BAL,6.0,8.0,0
2024-05-23,2024,1,ATH,COL,10.0,9.0,1
2024-05-23,2024,1,PHI,TEX,5.0,2.0,1
2024-05-23,2024,1,CIN,SD,4.0,6.0,0
2024-05-23,2024,1,DET,TOR,1.0,9.0,0
2024-05-23,2024,1,NYY,SEA,5.0,0.0,1
2024-05-23,2024,1,PIT,SF,6.0,7.0,0
2024-05-23,2024,1,CHC,ATL,0.0,3.0,0
2024-05-24,2024,1,BOS,MIL,2.0,7.0,0
2024-05-24,2024,1,PIT,ATL,11.0,5.0,1
2024-05-24,2024,1,CWS,BAL,4.0,6.0,0
2024-05-24,2024,1,DET,TOR,6.0,2.0,1
2024-05-24,2024,1,COL,PHI,3.0,2.0,1
2024-05-24,2024,1,WSH,SEA,6.0,1.0,1
2024-05-24,2024,1,ARI,MIA,0.0,3.0,0
2024-05-24,2024,1,LAA,CLE,4.0,10.0,0
2024-05-24,2024,1,CIN,LAD,9.0,6.0,1
2024-05-24,2024,1,MIN,TEX,3.0,2.0,1
2024-05-24,2024,1,ATH,HOU,3.0,6.0,0
2024-05-24,2024,1,TB,KC,1.0,8.0,0
2024-05-24,2024,1,SD,NYY,0.0,8.0,0
2024-05-24,2024,1,NYM,SF,7.0,8.0,0
2024-05-25,2024,1,LAA,CLE,3.0,4.0,0
2024-05-25,2024,1,WSH,SEA,3.0,1.0,1
2024-05-25,2024,1,PIT,ATL,4.0,1.0,1
2024-05-25,2024,1,SD,NYY,1.0,4.0,0
2024-05-25,2024,1,MIN,TEX,5.0,3.0,1
2024-05-25,2024,1,COL,PHI,4.0,8.0,0
2024-05-25,2024,1,STL,CHC,7.0,6.0,1
2024-05-25,2024,1,TB,KC,4.0,7.0,0
2024-05-25,2024,1,CIN,LAD,3.0,1.0,1
2024-05-25,2024,1,BOS,MIL,3.0,6.0,0
2024-05-25,2024,1,ATH,HOU,3.0,1.0,1
2024-05-25,2024,1,NYM,SF,2.0,7.0,0
2024-05-25,2024,1,DET,TOR,2.0,1.0,1
2024-05-25,2024,1,CWS,BAL,3.0,5.0,0
2024-05-25,2024,1,ARI,MIA,3.0,2.0,1
2024-05-26,2024,1,TB,KC,4.0,1.0,1
2024-05-26,2024,1,SD,NYY,5.0,2.0,1
2024-05-26,2024,1,DET,TOR,14.0,11.0,1
2024-05-26,2024,1,MIN,TEX,2.0,6.0,0
2024-05-26,2024,1,CWS,BAL,1.0,4.0,0
2024-05-26,2024,1,COL,PHI,5.0,2.0,1
2024-05-26,2024,1,NYM,SF,4.0,3.0,1
2024-05-26,2024,1,STL,CHC,4.0,3.0,1
2024-05-26,2024,1,PIT,ATL,1.0,8.0,0
2024-05-26,2024,1,LAA,CLE,4.0,5.0,0
2024-05-26,2024,1,CIN,LAD,4.0,1.0,1
2024-05-26,2024,1,ARI,MIA,1.0,3.0,0
2024-05-26,2024,1,BOS,MIL,2.0,1.0,1
2024-05-26,2024,1,ATH,HOU,2.0,5.0,0
2024-05-26,2024,1,WSH,SEA,5.0,9.0,0
2024-05-27,2024,1,ATL,WSH,4.0,8.0,0
2024-05-27,2024,1,SD,MIA,2.0,1.0,1
2024-05-27,2024,1,CIN,STL,3.0,1.0,1
2024-05-27,2024,1,BAL,BOS,11.0,3.0,1
2024-05-27,2024,1,CWS,TOR,1.0,5.0,0
2024-05-27,2024,1,MIN,KC,6.0,5.0,1
2024-05-27,2024,1,COL,CLE,8.0,6.0,1
2024-05-27,2024,1,SF,PHI,8.0,4.0,1
2024-05-27,2024,1,MIL,CHC,5.0,1.0,1
2024-05-27,2024,1,SEA,HOU,3.0,2.0,1
2024-05-28,2024,1,SF,PHI,1.0,0.0,1
2024-05-28,2024,1,TB,ATH,0.0,3.0,0
2024-05-28,2024,1,MIL,CHC,3.0,6.0,0
2024-05-28,2024,1,SEA,HOU,4.0,2.0,1
2024-05-28,2024,1,CIN,STL,1.0,7.0,0
2024-05-28,2024,1,SD,MIA,4.0,0.0,1
2024-05-28,2024,1,ATL,WSH,2.0,0.0,1
2024-05-28,2024,1,TEX,ARI,4.0,2.0,1
2024-05-28,2024,1,BAL,BOS,3.0,8.0,0
2024-05-28,2024,2,NYM,LAD,0.0,3.0,0
2024-05-28,2024,1,NYM,LAD,2.0,5.0,0
2024-05-28,2024,1,COL,CLE,7.0,13.0,0
2024-05-28,2024,1,MIN,KC,4.0,2.0,1
2024-05-28,2024,1,LAA,NYY,4.0,3.0,1
2024-05-28,2024,1,CWS,TOR,2.0,7.0,0
2024-05-29,2024,1,SD,MIA,1.0,9.0,0
2024-05-29,2024,1,LAA,NYY,1.0,2.0,0
2024-05-29,2024,1,BAL,BOS,6.0,1.0,1
2024-05-29,2024,1,SEA,HOU,2.0,1.0,1
2024-05-29,2024,2,DET,PIT,2.0,10.0,0
2024-05-29,2024,1,TB,ATH,4.0,3.0,1
2024-05-29,2024,1,SF,PHI,1.0,6.0,0
2024-05-29,2024,1,DET,PIT,8.0,0.0,1
2024-05-29,2024,1,CWS,TOR,1.0,3.0,0
2024-05-29,2024,1,MIN,KC,1.0,6.0,0
2024-05-29,2024,1,NYM,LAD,3.0,10.0,0
2024-05-29,2024,1,MIL,CHC,10.0,6.0,1
2024-05-29,2024,1,COL,CLE,7.0,4.0,1
2024-05-29,2024,1,TEX,ARI,6.0,1.0,1
2024-05-29,2024,1,CIN,STL,3.0,5.0,0
2024-05-29,2024,1,ATL,WSH,2.0,7.0,0
2024-05-30,2024,1,NYM,ARI,3.0,2.0,1
2024-05-30,2024,1,ATL,WSH,1.0,3.0,0
2024-05-30,2024,1,LAA,NYY,3.0,8.0,0
2024-05-30,2024,1,BOS,DET,0.0,5.0,0
2024-05-30,2024,1,TB,ATH,6.0,5.0,1
2024-05-30,2024,1,MIL,CHC,6.0,4.0,1
2024-05-30,2024,1,MIN,KC,7.0,6.0,1
2024-05-30,2024,1,SEA,HOU,0.0,4.0,0
2024-05-31,2024,1,KC,SD,8.0,11.0,0
2024-05-31,2024,1,ATL,ATH,4.0,2.0,1
2024-05-31,2024,1,MIL,CWS,12.0,5.0,1
2024-05-31,2024,1,BAL,TB,3.0,1.0,1
2024-05-31,2024,1,BOS,DET,7.0,3.0,1
2024-05-31,2024,1,MIA,TEX,8.0,2.0,1
2024-05-31,2024,1,SF,NYY,2.0,6.0,0
2024-05-31,2024,1,LAD,COL,1.0,4.0,0
2024-05-31,2024,1,SEA,LAA,5.0,4.0,1
2024-05-31,2024,1,PHI,STL,4.0,2.0,1
2024-05-31,2024,1,HOU,MIN,1.0,6.0,0
2024-05-31,2024,1,CHC,CIN,4.0,5.0,0
2024-05-31,2024,1,CLE,WSH,7.0,1.0,1
2024-05-31,2024,1,NYM,ARI,10.0,9.0,1
2024-05-31,2024,1,TOR,PIT,5.0,3.0,1
2024-06-01,2024,1,BAL,TB,9.0,5.0,1
2024-06-01,2024,1,HOU,MIN,5.0,2.0,1
2024-06-01,2024,1,MIA,TEX,0.0,7.0,0
2024-06-01,2024,1,ATL,ATH,9.0,11.0,0
2024-06-01,2024,1,PHI,STL,6.0,1.0,1
2024-06-01,2024,1,SF,NYY,3.0,7.0,0
2024-06-01,2024,1,BOS,DET,6.0,3.0,1
2024-06-01,2024,1,TOR,PIT,1.0,8.0,0
2024-06-01,2024,1,NYM,ARI,5.0,10.0,0
2024-06-01,2024,1,SEA,LAA,9.0,0.0,1
2024-06-01,2024,1,CHC,CIN,7.0,5.0,1
2024-06-01,2024,1,MIL,CWS,4.0,3.0,1
2024-06-01,2024,1,KC,SD,3.0,7.0,0
2024-06-01,2024,1,LAD,COL,4.0,1.0,1
2024-06-01,2024,1,CLE,WSH,3.0,2.0,1
2024-06-02,2024,1,ATL,ATH,3.0,1.0,1
2024-06-02,2024,1,KC,SD,4.0,3.0,1
2024-06-02,2024,1,BAL,TB,3.0,4.0,0
2024-06-02,2024,1,TOR,PIT,5.0,4.0,1
2024-06-02,2024,1,PHI,STL,4.0,5.0,0
2024-06-02,2024,1,MIL,CWS,6.0,3.0,1
2024-06-02,2024,1,HOU,MIN,3.0,4.0,0
2024-06-02,2024,1,CLE,WSH,2.0,5.0,0
2024-06-02,2024,1,LAD,COL,4.0,0.0,1
2024-06-02,2024,1,CHC,CIN,2.0,5.0,0
2024-06-02,2024,1,NYM,ARI,4.0,5.0,0
2024-06-02,2024,1,SEA,LAA,5.0,1.0,1
2024-06-02,2024,1,MIA,TEX,0.0,6.0,0
2024-06-02,2024,1,BOS,DET,4.0,8.0,0
2024-06-02,2024,1,SF,NYY,5.0,7.0,0
2024-06-03,2024,1,WSH,NYM,7.0,8.0,0
2024-06-03,2024,1,ARI,SF,4.0,2.0,1
2024-06-03,2024,1,TEX,DET,1.0,2.0,0
2024-06-03,2024,1,TOR,BAL,2.0,7.0,0
2024-06-03,2024,1,PHI,MIL,3.0,1.0,1
2024-06-03,2024,1,LAA,SD,2.0,1.0,1
2024-06-03,2024,1,HOU,STL,7.0,4.0,1
2024-06-03,2024,1,COL,CIN,3.0,13.0,0
2024-06-04,2024,1,TEX,DET,1.0,3.0,0
2024-06-04,2024,1,MIA,TB,5.0,9.0,0
2024-06-04,2024,1,ARI,SF,8.0,5.0,1
2024-06-04,2024,1,CLE,KC,8.0,5.0,1
2024-06-04,2024,1,COL,CIN,1.0,4.0,0
2024-06-04,2024,1,ATH,SEA,3.0,4.0,0
2024-06-04,2024,1,WSH,NYM,3.0,6.0,0
2024-06-04,2024,1,TOR,BAL,1.0,10.0,0
2024-06-04,2024,1,HOU,STL,8.0,5.0,1
2024-06-04,2024,1,PHI,MIL,2.0,1.0,1
2024-06-04,2024,1,PIT,LAD,1.0,0.0,1
2024-06-04,2024,1,LAA,SD,4.0,2.0,1
2024-06-04,2024,1,BOS,ATL,3.0,8.0,0
2024-06-04,2024,1,NYY,MIN,5.0,1.0,1
2024-06-04,2024,1,CHC,CWS,7.0,6.0,1
2024-06-05,2024,1,NYY,MIN,9.0,5.0,1
2024-06-05,2024,1,TEX,DET,9.0,1.0,1
2024-06-05,2024,1,ATH,SEA,2.0,1.0,1
2024-06-05,2024,1,PHI,MIL,2.0,0.0,1
2024-06-05,2024,1,MIA,TB,3.0,5.0,0
2024-06-05,2024,1,PIT,LAD,10.0,6.0,1
2024-06-05,2024,1,LAA,SD,3.0,2.0,1
2024-06-05,2024,1,TOR,BAL,3.0,2.0,1
2024-06-05,2024,1,HOU,STL,2.0,4.0,0
2024-06-05,2024,1,WSH,NYM,1.0,9.0,0
2024-06-05,2024,1,ARI,SF,3.0,9.0,0
2024-06-05,2024,1,CHC,CWS,7.0,6.0,1
2024-06-05,2024,1,COL,CIN,7.0,12.0,0
2024-06-05,2024,1,BOS,ATL,9.0,0.0,1
2024-06-06,2024,1,STL,COL,2.0,3.0,0
2024-06-06,2024,1,WSH,ATL,2.0,5.0,0
2024-06-06,2024,1,CWS,BOS,2.0,14.0,0
2024-06-06,2024,1,PIT,LAD,7.0,11.0,0
2024-06-06,2024,1,TOR,BAL,6.0,5.0,1
2024-06-06,2024,1,SD,ARI,3.0,4.0,0
2024-06-06,2024,1,CLE,KC,3.0,4.0,0
2024-06-06,2024,1,NYY,MIN,8.0,5.0,1
2024-06-06,2024,1,ATH,SEA,0.0,3.0,0
2024-06-06,2024,1,CIN,CHC,8.0,4.0,1
2024-06-07,2024,1,LAA,HOU,1.0,7.0,0
2024-06-07,2024,1,ATH,TOR,2.0,1.0,1
2024-06-07,2024,1,PIT,MIN,3.0,0.0,1
2024-06-07,2024,1,WSH,ATL,2.0,1.0,1
2024-06-07,2024,1,CIN,CHC,3.0,2.0,1
2024-06-07,2024,1,CWS,BOS,7.0,2.0,1
2024-06-07,2024,1,STL,COL,8.0,5.0,1
2024-06-07,2024,1,KC,SEA,10.0,9.0,1
2024-06-07,2024,1,SD,ARI,10.0,3.0,1
2024-06-07,2024,1,DET,MIL,0.0,10.0,0
2024-06-07,2024,1,NYY,LAD,1.0,2.0,0
2024-06-07,2024,1,TB,BAL,3.0,6.0,0
2024-06-07,2024,1,TEX,SF,2.0,5.0,0
2024-06-07,2024,1,MIA,CLE,3.0,2.0,1
2024-06-08,2024,1,CIN,CHC,4.0,3.0,1
2024-06-08,2024,1,DET,MIL,4.0,5.0,0
2024-06-08,2024,1,TEX,SF,1.0,3.0,0
2024-06-08,2024,1,WSH,ATL,7.0,3.0,1
2024-06-08,2024,1,TB,BAL,0.0,5.0,0
2024-06-08,2024,1,LAA,HOU,1.0,6.0,0
2024-06-08,2024,1,CWS,BOS,6.0,1.0,1
2024-06-08,2024,1,ATH,TOR,0.0,7.0,0
2024-06-08,2024,1,NYY,LAD,3.0,11.0,0
2024-06-08,2024,1,STL,COL,5.0,6.0,0
2024-06-08,2024,1,MIA,CLE,0.0,8.0,0
2024-06-08,2024,1,KC,SEA,8.0,4.0,1
2024-06-08,2024,1,NYM,PHI,2.0,7.0,0
2024-06-08,2024,1,SD,ARI,13.0,1.0,1
2024-06-08,2024,1,PIT,MIN,4.0,0.0,1
2024-06-09,2024,1,LAA,HOU,9.0,7.0,1
2024-06-09,2024,1,CIN,CHC,2.0,4.0,0
2024-06-09,2024,1,STL,COL,5.0,1.0,1
2024-06-09,2024,1,ATH,TOR,4.0,6.0,0
2024-06-09,2024,1,KC,SEA,5.0,6.0,0
2024-06-09,2024,1,CWS,BOS,4.0,6.0,0
2024-06-09,2024,1,PIT,MIN,5.0,11.0,0
2024-06-09,2024,1,TB,BAL,2.0,9.0,0
2024-06-09,2024,1,PHI,NYM,5.0,6.0,0
2024-06-09,2024,1,MIA,CLE,3.0,6.0,0
2024-06-09,2024,1,SD,ARI,3.0,9.0,0
2024-06-09,2024,1,TEX,SF,7.0,2.0,1
2024-06-09,2024,1,DET,MIL,10.0,2.0,1
2024-06-09,2024,1,WSH,ATL,8.0,5.0,1
2024-06-09,2024,1,NYY,LAD,6.0,4.0,1
2024-06-10,2024,1,MIN,COL,5.0,0.0,1
2024-06-10,2024,1,SD,ATH,6.0,1.0,1
2024-06-10,2024,1,KC,NYY,2.0,4.0,0
2024-06-10,2024,1,MIL,TOR,3.0,1.0,1
2024-06-10,2024,1,SF,HOU,4.0,3.0,1
2024-06-10,2024,1,SEA,CWS,8.0,4.0,1
2024-06-10,2024,1,TB,BAL,2.0,5.0,0
2024-06-11,2024,1,MIN,COL,4.0,5.0,0
2024-06-11,2024,1,TB,CHC,5.0,2.0,1
2024-06-11,2024,1,SD,ATH,4.0,3.0,1
2024-06-11,2024,1,NYM,MIA,2.0,4.0,0
2024-06-11,2024,1,SEA,CWS,4.0,3.0,1
2024-06-11,2024,1,DET,WSH,4.0,5.0,0
2024-06-11,2024,1,STL,PIT,1.0,2.0,0
2024-06-11,2024,1,MIL,TOR,0.0,3.0,0
2024-06-11,2024,1,LAD,TEX,15.0,2.0,1
2024-06-11,2024,1,BOS,PHI,1.0,4.0,0
2024-06-11,2024,1,ARI,LAA,9.0,4.0,1
2024-06-11,2024,1,CIN,CLE,3.0,5.0,0
2024-06-11,2024,1,BAL,ATL,4.0,0.0,1
2024-06-11,2024,1,KC,NYY,1.0,10.0,0
2024-06-11,2024,1,SF,HOU,1.0,3.0,0
2024-06-12,2024,1,SD,ATH,5.0,4.0,1
2024-06-12,2024,1,BOS,PHI,8.0,6.0,1
2024-06-12,2024,1,CIN,CLE,4.0,2.0,1
2024-06-12,2024,1,SEA,CWS,2.0,1.0,1
2024-06-12,2024,1,NYM,MIA,10.0,4.0,1
2024-06-12,2024,1,SF,HOU,5.0,3.0,1
2024-06-12,2024,1,TB,CHC,3.0,4.0,0
2024-06-12,2024,1,KC,NYY,5.0,11.0,0
2024-06-12,2024,1,BAL,ATL,4.0,2.0,1
2024-06-12,2024,1,STL,PIT,4.0,2.0,1
2024-06-12,2024,1,LAD,TEX,2.0,3.0,0
2024-06-12,2024,1,MIL,TOR,5.0,4.0,1
2024-06-12,2024,1,DET,WSH,5.0,7.0,0
2024-06-12,2024,1,MIN,COL,17.0,9.0,1
2024-06-12,2024,1,ARI,LAA,3.0,8.0,0
2024-06-13,2024,1,ARI,LAA,11.0,1.0,1
2024-06-13,2024,1,KC,NYY,4.0,3.0,1
2024-06-13,2024,1,TB,CHC,3.0,2.0,1
2024-06-13,2024,1,SEA,CWS,2.0,3.0,0
2024-06-13,2024,1,NYM,MIA,3.0,2.0,1
2024-06-13,2024,1,LAD,TEX,1.0,3.0,0
2024-06-13,2024,1,BOS,PHI,9.0,3.0,1
2024-06-13,2024,1,BAL,ATL,3.0,6.0,0
2024-06-13,2024,1,STL,PIT,4.0,3.0,1
2024-06-13,2024,1,MIN,ATH,6.0,2.0,1
2024-06-13,2024,1,DET,WSH,7.0,2.0,1
2024-06-14,2024,1,ATL,TB,7.0,3.0,1
2024-06-14,2024,1,BOS,NYY,1.0,8.0,0
2024-06-14,2024,1,SF,LAA,6.0,8.0,0
2024-06-14,2024,1,MIL,CIN,5.0,6.0,0
2024-06-14,2024,1,HOU,DET,4.0,0.0,1
2024-06-14,2024,1,SEA,TEX,3.0,2.0,1
2024-06-14,2024,1,TOR,CLE,1.0,3.0,0
2024-06-14,2024,1,CHC,STL,0.0,3.0,0
2024-06-14,2024,1,BAL,PHI,3.0,5.0,0
2024-06-14,2024,1,NYM,SD,2.0,1.0,1
2024-06-14,2024,1,LAD,KC,4.0,3.0,1
2024-06-14,2024,1,MIN,ATH,6.0,5.0,1
2024-06-14,2024,1,WSH,MIA,8.0,1.0,1
2024-06-14,2024,1,COL,PIT,2.0,5.0,0
2024-06-14,2024,1,ARI,CWS,7.0,1.0,1
2024-06-15,2024,1,NYM,SD,5.0,1.0,1
2024-06-15,2024,1,BOS,NYY,8.0,4.0,1
2024-06-15,2024,1,CHC,STL,5.0,1.0,1
2024-06-15,2024,1,HOU,DET,5.0,13.0,0
2024-06-15,2024,1,COL,PIT,16.0,4.0,1
2024-06-15,2024,1,MIL,CIN,3.0,1.0,1
2024-06-15,2024,1,BAL,PHI,6.0,2.0,1
2024-06-15,2024,1,LAD,KC,2.0,7.0,0
2024-06-15,2024,1,SEA,TEX,7.0,5.0,1
2024-06-15,2024,1,TOR,CLE,5.0,0.0,1
2024-06-15,2024,1,WSH,MIA,4.0,0.0,1
2024-06-15,2024,1,ARI,CWS,2.0,9.0,0
2024-06-15,2024,1,ATL,TB,9.0,2.0,1
2024-06-15,2024,1,SF,LAA,3.0,4.0,0
2024-06-16,2024,1,LAD,KC,3.0,0.0,1
2024-06-16,2024,1,CHC,STL,1.0,2.0,0
2024-06-16,2024,1,ATL,TB,6.0,8.0,0
2024-06-16,2024,1,MIL,CIN,5.0,4.0,1
2024-06-16,2024,1,COL,PIT,2.0,8.0,0
2024-06-16,2024,1,SEA,TEX,5.0,0.0,1
2024-06-16,2024,2,MIN,ATH,8.0,7.0,1
2024-06-16,2024,1,BAL,PHI,8.0,3.0,1
2024-06-16,2024,1,NYM,SD,11.0,6.0,1
2024-06-16,2024,1,SF,LAA,13.0,6.0,1
2024-06-16,2024,1,MIN,ATH,6.0,2.0,1
2024-06-16,2024,1,BOS,NYY,9.0,3.0,1
2024-06-16,2024,1,ARI,CWS,12.0,5.0,1
2024-06-16,2024,1,WSH,MIA,3.0,1.0,1
2024-06-16,2024,1,HOU,DET,4.0,1.0,1
2024-06-16,2024,1,TOR,CLE,7.0,6.0,1
2024-06-17,2024,1,PHI,SD,9.0,2.0,1
2024-06-17,2024,1,MIA,STL,6.0,7.0,0
2024-06-17,2024,1,ATL,DET,2.0,1.0,1
2024-06-17,2024,1,PIT,CIN,4.0,1.0,1
2024-06-17,2024,1,LAA,MIL,5.0,3.0,1
2024-06-17,2024,1,TOR,BOS,3.0,7.0,0
2024-06-17,2024,1,COL,LAD,5.0,9.0,0
2024-06-17,2024,1,TEX,NYM,2.0,14.0,0
2024-06-17,2024,1,CHC,SF,6.0,7.0,0
2024-06-18,2024,1,TEX,NYM,6.0,7.0,0
2024-06-18,2024,1,PHI,SD,4.0,3.0,1
2024-06-18,2024,1,ATL,DET,2.0,1.0,1
2024-06-18,2024,1,CHC,SF,5.0,2.0,1
2024-06-18,2024,1,WSH,ARI,0.0,5.0,0
2024-06-18,2024,1,CWS,HOU,2.0,0.0,1
2024-06-18,2024,1,MIA,STL,9.0,8.0,1
2024-06-18,2024,1,ATH,KC,7.0,5.0,1
2024-06-18,2024,1,TOR,BOS,3.0,4.0,0
2024-06-18,2024,1,LAA,MIL,3.0,6.0,0
2024-06-18,2024,1,CLE,SEA,5.0,8.0,0
2024-06-18,2024,1,PIT,CIN,1.0,2.0,0
2024-06-18,2024,1,COL,LAD,9.0,11.0,0
2024-06-18,2024,1,NYY,BAL,4.0,2.0,1
2024-06-18,2024,1,MIN,TB,7.0,6.0,1
2024-06-19,2024,1,COL,LAD,7.0,6.0,1
2024-06-19,2024,1,CWS,HOU,1.0,4.0,0
2024-06-19,2024,1,PIT,CIN,1.0,0.0,1
2024-06-19,2024,1,CHC,SF,6.0,5.0,1
2024-06-19,2024,1,CLE,SEA,8.0,0.0,1
2024-06-19,2024,1,ATH,KC,5.0,1.0,1
2024-06-19,2024,1,TEX,NYM,5.0,3.0,1
2024-06-19,2024,1,WSH,ARI,3.0,1.0,1
2024-06-19,2024,1,MIN,TB,2.0,3.0,0
2024-06-19,2024,1,TOR,BOS,3.0,7.0,0
2024-06-19,2024,1,PHI,SD,2.0,5.0,0
2024-06-19,2024,1,NYY,BAL,6.0,7.0,0
2024-06-19,2024,1,LAA,MIL,0.0,2.0,0
2024-06-19,2024,1,MIA,STL,4.0,3.0,1
2024-06-19,2024,1,ATL,DET,7.0,0.0,1
2024-06-20,2024,1,WSH,ARI,2.0,5.0,0
2024-06-20,2024,1,COL,LAD,3.0,5.0,0
2024-06-20,2024,1,CWS,HOU,3.0,5.0,0
2024-06-20,2024,1,CLE,SEA,6.0,3.0,1
2024-06-20,2024,1,SD,MIL,7.0,6.0,1
2024-06-20,2024,1,ATH,KC,2.0,3.0,0
2024-06-20,2024,1,MIN,TB,6.0,7.0,0
2024-06-20,2024,1,NYY,BAL,5.0,17.0,0
2024-06-20,2024,1,STL,SF,6.0,5.0,1
2024-06-21,2024,1,HOU,BAL,14.0,11.0,1
2024-06-21,2024,1,PIT,TB,3.0,10.0,0
2024-06-21,2024,1,CIN,BOS,5.0,2.0,1
2024-06-21,2024,1,PHI,ARI,4.0,5.0,0
2024-06-21,2024,1,DET,CWS,2.0,1.0,1
2024-06-21,2024,1,ATH,MIN,6.0,5.0,1
2024-06-21,2024,1,NYY,ATL,1.0,8.0,0
2024-06-21,2024,1,COL,WSH,5.0,11.0,0
2024-06-21,2024,1,CHC,NYM,1.0,11.0,0
2024-06-21,2024,1,TEX,KC,6.0,2.0,1
2024-06-21,2024,1,LAD,LAA,2.0,3.0,0
2024-06-21,2024,1,SD,MIL,9.0,5.0,1
2024-06-21,2024,1,CLE,TOR,7.0,1.0,1
2024-06-21,2024,1,MIA,SEA,3.0,2.0,1
2024-06-22,2024,1,PHI,ARI,12.0,1.0,1
2024-06-22,2024,1,DET,CWS,1.0,5.0,0
2024-06-22,2024,1,HOU,BAL,5.0,1.0,1
2024-06-22,2024,1,MIA,SEA,0.0,9.0,0
2024-06-22,2024,1,SD,MIL,6.0,4.0,1
2024-06-22,2024,1,CLE,TOR,6.0,3.0,1
2024-06-22,2024,1,ATH,MIN,2.0,10.0,0
2024-06-22,2024,1,LAD,LAA,7.0,2.0,1
2024-06-22,2024,1,CHC,NYM,8.0,1.0,1
2024-06-22,2024,1,PIT,TB,4.0,3.0,1
2024-06-22,2024,1,NYY,ATL,8.0,3.0,1
2024-06-22,2024,1,TEX,KC,6.0,0.0,1
2024-06-22,2024,1,CIN,BOS,3.0,4.0,0
2024-06-22,2024,1,COL,WSH,8.0,7.0,1
2024-06-22,2024,1,STL,SF,9.0,4.0,1
2024-06-23,2024,1,DET,CWS,11.0,2.0,1
2024-06-23,2024,1,CLE,TOR,6.0,5.0,1
2024-06-23,2024,1,MIA,SEA,6.0,4.0,1
2024-06-23,2024,1,NYY,ATL,1.0,3.0,0
2024-06-23,2024,1,COL,WSH,1.0,2.0,0
2024-06-23,2024,1,STL,SF,5.0,3.0,1
2024-06-23,2024,1,PIT,TB,1.0,3.0,0
2024-06-23,2024,1,HOU,BAL,8.0,1.0,1
2024-06-23,2024,1,CIN,BOS,4.0,7.0,0
2024-06-23,2024,1,PHI,ARI,4.0,1.0,1
2024-06-23,2024,1,TEX,KC,4.0,0.0,1
2024-06-23,2024,1,SD,MIL,2.0,6.0,0
2024-06-23,2024,1,CHC,NYM,2.0,5.0,0
2024-06-23,2024,1,ATH,MIN,0.0,3.0,0
2024-06-24,2024,1,BAL,CLE,2.0,3.0,0
2024-06-24,2024,1,SF,CHC,5.0,4.0,1
2024-06-24,2024,1,STL,ATL,4.0,3.0,1
2024-06-24,2024,1,CIN,PIT,11.0,5.0,1
2024-06-24,2024,1,TB,SEA,4.0,3.0,1
2024-06-24,2024,1,BOS,TOR,7.0,6.0,1
2024-06-24,2024,1,MIL,TEX,6.0,3.0,1
2024-06-24,2024,1,CWS,LAD,0.0,3.0,0
2024-06-24,2024,1,LAA,ATH,5.0,1.0,1
2024-06-24,2024,1,KC,MIA,4.0,1.0,1
2024-06-24,2024,1,SD,WSH,7.0,6.0,1
2024-06-24,2024,1,DET,PHI,1.0,8.0,0
2024-06-25,2024,1,BAL,CLE,8.0,10.0,0
2024-06-25,2024,1,CWS,LAD,3.0,4.0,0
2024-06-25,2024,1,SD,WSH,9.0,7.0,1
2024-06-25,2024,1,DET,PHI,4.0,1.0,1
2024-06-25,2024,1,CIN,PIT,5.0,9.0,0
2024-06-25,2024,1,LAA,ATH,7.0,5.0,1
2024-06-25,2024,1,HOU,COL,5.0,2.0,1
2024-06-25,2024,1,TB,SEA,11.0,3.0,1
2024-06-25,2024,1,SF,CHC,5.0,1.0,1
2024-06-25,2024,1,MIL,TEX,3.0,1.0,1
2024-06-25,2024,1,BOS,TOR,4.0,9.0,0
2024-06-25,2024,1,KC,MIA,1.0,2.0,0
2024-06-25,2024,1,NYM,NYY,9.0,7.0,1
2024-06-25,2024,1,ARI,MIN,5.0,4.0,1
2024-06-26,2024,1,LAA,ATH,5.0,2.0,1
2024-06-26,2024,1,CWS,LAD,0.0,4.0,0
2024-06-26,2024,1,BOS,TOR,1.0,4.0,0
2024-06-26,2024,1,BAL,CLE,4.0,2.0,1
2024-06-26,2024,1,DET,PHI,2.0,6.0,0
2024-06-26,2024,1,KC,MIA,5.0,1.0,1
2024-06-26,2024,1,CIN,PIT,1.0,6.0,0
2024-06-26,2024,1,SD,WSH,8.0,5.0,1
2024-06-26,2024,1,ARI,MIN,3.0,8.0,0
2024-06-26,2024,2,STL,ATL,4.0,1.0,1
2024-06-26,2024,1,MIL,TEX,6.0,5.0,1
2024-06-26,2024,1,NYM,NYY,12.0,2.0,1
2024-06-26,2024,1,SF,CHC,4.0,3.0,1
2024-06-26,2024,1,HOU,COL,7.0,1.0,1
2024-06-26,2024,1,STL,ATL,2.0,6.0,0
2024-06-26,2024,1,TB,SEA,2.0,5.0,0
2024-06-27,2024,1,CWS,ATL,1.0,0.0,1
2024-06-27,2024,1,BAL,TEX,11.0,2.0,1
2024-06-27,2024,1,SF,CHC,3.0,5.0,0
2024-06-27,2024,1,STL,CIN,4.0,11.0,0
2024-06-27,2024,1,PHI,MIA,4.0,7.0,0
2024-06-27,2024,1,TOR,NYY,9.0,2.0,1
2024-06-27,2024,1,LAA,DET,5.0,0.0,1
2024-06-27,2024,1,ARI,MIN,6.0,13.0,0
2024-06-27,2024,1,KC,CLE,2.0,1.0,1
2024-06-28,2024,1,LAA,DET,5.0,2.0,1
2024-06-28,2024,1,TB,WSH,3.0,1.0,1
2024-06-28,2024,1,NYM,HOU,7.0,2.0,1
2024-06-28,2024,1,BAL,TEX,2.0,1.0,1
2024-06-28,2024,1,BOS,SD,2.0,9.0,0
2024-06-28,2024,1,STL,CIN,1.0,0.0,1
2024-06-28,2024,1,KC,CLE,10.0,3.0,1
2024-06-28,2024,1,SEA,MIN,3.0,2.0,1
2024-06-28,2024,1,MIL,CHC,4.0,2.0,1
2024-06-28,2024,1,TOR,NYY,5.0,16.0,0
2024-06-28,2024,1,ATL,PIT,6.0,1.0,1
2024-06-28,2024,1,PHI,MIA,2.0,0.0,1
2024-06-28,2024,1,ARI,ATH,4.0,9.0,0
2024-06-28,2024,1,SF,LAD,5.0,3.0,1
2024-06-28,2024,1,CWS,COL,5.0,3.0,1
2024-06-29,2024,1,TOR,NYY,9.0,3.0,1
2024-06-29,2024,1,ATL,PIT,2.0,1.0,1
2024-06-29,2024,1,PHI,MIA,2.0,3.0,0
2024-06-29,2024,1,BOS,SD,1.0,11.0,0
2024-06-29,2024,1,TB,WSH,1.0,8.0,0
2024-06-29,2024,1,ARI,ATH,3.0,0.0,1
2024-06-29,2024,1,NYM,HOU,6.0,9.0,0
2024-06-29,2024,1,SEA,MIN,1.0,5.0,0
2024-06-29,2024,1,SF,LAD,7.0,14.0,0
2024-06-29,2024,1,MIL,CHC,3.0,5.0,0
2024-06-29,2024,1,BAL,TEX,6.0,5.0,1
2024-06-29,2024,1,STL,CIN,4.0,9.0,0
2024-06-29,2024,1,LAA,DET,6.0,5.0,1
2024-06-29,2024,1,KC,CLE,2.0,7.0,0
2024-06-29,2024,1,CWS,COL,11.0,3.0,1
2024-06-30,2024,1,SEA,MIN,3.0,5.0,0
2024-06-30,2024,1,TOR,NYY,1.0,8.0,0
2024-06-30,2024,1,PHI,MIA,7.0,6.0,1
2024-06-30,2024,1,ARI,ATH,5.0,1.0,1
2024-06-30,2024,1,BOS,SD,4.0,1.0,1
2024-06-30,2024,1,TB,WSH,5.0,0.0,1
2024-06-30,2024,1,SF,LAD,10.0,4.0,1
2024-06-30,2024,1,STL,CIN,2.0,0.0,1
2024-06-30,2024,1,NYM,HOU,5.0,10.0,0
2024-06-30,2024,1,CWS,COL,4.0,5.0,0
2024-06-30,2024,1,LAA,DET,6.0,7.0,0
2024-06-30,2024,1,MIL,CHC,7.0,1.0,1
2024-06-30,2024,1,BAL,TEX,2.0,11.0,0
2024-06-30,2024,1,KC,CLE,6.0,2.0,1
2024-06-30,2024,1,ATL,PIT,2.0,4.0,0
2024-07-01,2024,1,TOR,HOU,1.0,3.0,0
2024-07-01,2024,1,WSH,NYM,7.0,9.0,0
2024-07-01,2024,1,COL,MIL,8.0,7.0,1
2024-07-02,2024,1,MIA,BOS,3.0,8.0,0
2024-07-02,2024,1,MIN,DET,5.0,3.0,1
2024-07-02,2024,1,ATH,LAA,7.0,5.0,1
2024-07-02,2024,1,WSH,NYM,2.0,7.0,0
2024-07-02,2024,1,CHC,PHI,4.0,6.0,0
2024-07-02,2024,1,LAD,ARI,6.0,5.0,1
2024-07-02,2024,1,KC,TB,1.0,5.0,0
2024-07-02,2024,1,COL,MIL,3.0,4.0,0
2024-07-02,2024,1,SEA,BAL,0.0,2.0,0
2024-07-02,2024,1,PIT,STL,4.0,7.0,0
2024-07-02,2024,1,TEX,SD,7.0,0.0,1
2024-07-02,2024,1,ATL,SF,3.0,5.0,0
2024-07-02,2024,1,TOR,HOU,7.0,6.0,1
2024-07-02,2024,1,NYY,CIN,4.0,5.0,0
2024-07-02,2024,1,CLE,CWS,7.0,6.0,1
2024-07-03,2024,1,LAD,ARI,4.0,12.0,0
2024-07-03,2024,1,MIA,BOS,2.0,7.0,0
2024-07-03,2024,1,NYY,CIN,2.0,3.0,0
2024-07-03,2024,1,MIN,DET,2.0,9.0,0
2024-07-03,2024,1,KC,TB,4.0,2.0,1
2024-07-03,2024,1,PIT,STL,5.0,4.0,1
2024-07-03,2024,1,WSH,NYM,7.0,5.0,1
2024-07-03,2024,1,TOR,HOU,2.0,9.0,0
2024-07-03,2024,1,TEX,SD,4.0,6.0,0
2024-07-03,2024,1,ATH,LAA,5.0,0.0,1
2024-07-03,2024,1,CLE,CWS,2.0,8.0,0
2024-07-03,2024,1,ATL,SF,3.0,1.0,1
2024-07-03,2024,1,COL,MIL,0.0,3.0,0
2024-07-03,2024,1,CHC,PHI,3.0,5.0,0
2024-07-03,2024,1,SEA,BAL,1.0,4.0,0
2024-07-04,2024,1,COL,MIL,4.0,3.0,1
2024-07-04,2024,1,TOR,HOU,3.0,5.0,0
2024-07-04,2024,1,CHC,PHI,10.0,2.0,1
2024-07-04,2024,1,LAD,ARI,3.0,9.0,0
2024-07-04,2024,1,KC,TB,8.0,10.0,0
2024-07-04,2024,1,SEA,BAL,7.0,3.0,1
2024-07-04,2024,1,TEX,SD,1.0,3.0,0
2024-07-04,2024,1,MIA,BOS,5.0,6.0,0
2024-07-04,2024,1,NYY,CIN,4.0,8.0,0
2024-07-04,2024,1,ATH,LAA,5.0,0.0,1
2024-07-04,2024,1,MIN,DET,12.0,3.0,1
2024-07-04,2024,1,CLE,CWS,8.0,4.0,1
2024-07-04,2024,1,WSH,NYM,1.0,0.0,1
2024-07-04,2024,1,PIT,STL,2.0,3.0,0
2024-07-04,2024,1,ATL,SF,2.0,4.0,0
2024-07-05,2024,1,ATH,BAL,2.0,3.0,0
2024-07-05,2024,1,CHC,LAA,5.0,1.0,1
2024-07-05,2024,1,CLE,SF,2.0,4.0,0
2024-07-05,2024,1,COL,KC,4.0,2.0,1
2024-07-05,2024,1,LAD,MIL,8.0,5.0,1
2024-07-05,2024,1,TEX,TB,3.0,0.0,1
2024-07-05,2024,1,ATL,PHI,6.0,8.0,0
2024-07-05,2024,1,PIT,NYM,14.0,2.0,1
2024-07-05,2024,1,CIN,DET,4.0,5.0,0
2024-07-05,2024,1,NYY,BOS,3.0,5.0,0
2024-07-05,2024,1,MIA,CWS,2.0,3.0,0
2024-07-05,2024,1,SD,ARI,10.0,8.0,1
2024-07-05,2024,1,WSH,STL,6.0,7.0,0
2024-07-05,2024,1,SEA,TOR,2.0,1.0,1
2024-07-05,2024,1,MIN,HOU,12.0,13.0,0
2024-07-06,2024,1,ATL,PHI,5.0,1.0,1
2024-07-06,2024,1,MIN,HOU,9.0,3.0,1
2024-07-06,2024,1,CLE,SF,5.0,4.0,1
2024-07-06,2024,1,MIA,CWS,4.0,3.0,1
2024-07-06,2024,1,WSH,STL,14.0,6.0,1
2024-07-06,2024,1,SD,ARI,5.0,7.0,0
2024-07-06,2024,1,COL,KC,3.0,1.0,1
2024-07-06,2024,1,LAD,MIL,5.0,3.0,1
2024-07-06,2024,1,ATH,BAL,19.0,8.0,1
2024-07-06,2024,1,PIT,NYM,2.0,5.0,0
2024-07-06,2024,1,NYY,BOS,14.0,4.0,1
2024-07-06,2024,1,CHC,LAA,0.0,7.0,0
2024-07-06,2024,1,SEA,TOR,4.0,5.0,0
2024-07-06,2024,1,TEX,TB,4.0,3.0,1
2024-07-06,2024,1,CIN,DET,3.0,5.0,0
2024-07-07,2024,1,ATH,BAL,3.0,6.0,0
2024-07-07,2024,1,CHC,LAA,5.0,0.0,1
2024-07-07,2024,1,MIA,CWS,7.0,4.0,1
2024-07-07,2024,1,ATL,PHI,6.0,0.0,1
2024-07-07,2024,1,CLE,SF,5.0,4.0,1
2024-07-07,2024,1,PIT,NYM,2.0,3.0,0
2024-07-07,2024,1,MIN,HOU,3.0,2.0,1
2024-07-07,2024,1,SD,ARI,1.0,9.0,0
2024-07-07,2024,1,SEA,TOR,4.0,5.0,0
2024-07-07,2024,1,NYY,BOS,0.0,3.0,0
2024-07-07,2024,1,WSH,STL,3.0,8.0,0
2024-07-07,2024,1,LAD,MIL,2.0,9.0,0
2024-07-07,2024,1,CIN,DET,1.0,5.0,0
2024-07-07,2024,1,TEX,TB,13.0,2.0,1
2024-07-07,2024,1,COL,KC,1.0,10.0,0
2024-07-08,2024,1,ARI,ATL,4.0,5.0,0
2024-07-08,2024,1,WSH,STL,0.0,6.0,0
2024-07-08,2024,1,PIT,NYM,8.0,2.0,1
2024-07-08,2024,1,CWS,MIN,6.0,8.0,0
2024-07-08,2024,1,CIN,COL,6.0,0.0,1
2024-07-08,2024,1,LAA,TEX,4.0,9.0,0
2024-07-08,2024,1,DET,CLE,1.0,0.0,1
2024-07-09,2024,1,MIL,PIT,2.0,12.0,0
2024-07-09,2024,1,HOU,MIA,4.0,3.0,1
2024-07-09,2024,1,DET,CLE,8.0,9.0,0
2024-07-09,2024,1,ARI,ATL,2.0,6.0,0
2024-07-09,2024,1,LAA,TEX,4.0,5.0,0
2024-07-09,2024,1,BAL,CHC,2.0,9.0,0
2024-07-09,2024,1,TB,NYY,5.0,3.0,1
2024-07-09,2024,1,CIN,COL,12.0,6.0,1
2024-07-09,2024,1,BOS,ATH,12.0,9.0,1
2024-07-09,2024,1,SF,TOR,4.0,3.0,1
2024-07-09,2024,1,SD,SEA,3.0,8.0,0
2024-07-09,2024,1,PHI,LAD,10.0,1.0,1
2024-07-09,2024,1,NYM,WSH,7.0,5.0,1
2024-07-10,2024,1,NYM,WSH,6.0,2.0,1
2024-07-10,2024,1,DET,CLE,5.0,4.0,1
2024-07-10,2024,1,CIN,COL,5.0,6.0,0
2024-07-10,2024,2,CWS,MIN,2.0,3.0,0
2024-07-10,2024,1,SD,SEA,0.0,2.0,0
2024-07-10,2024,1,LAA,TEX,7.0,2.0,1
2024-07-10,2024,2,STL,KC,5.0,8.0,0
2024-07-10,2024,1,STL,KC,4.0,6.0,0
2024-07-10,2024,1,HOU,MIA,9.0,1.0,1
2024-07-10,2024,1,CWS,MIN,3.0,1.0,1
2024-07-10,2024,1,SF,TOR,6.0,10.0,0
2024-07-10,2024,1,ARI,ATL,7.0,5.0,1
2024-07-10,2024,1,BAL,CHC,0.0,4.0,0
2024-07-10,2024,1,BOS,ATH,2.0,5.0,0
2024-07-10,2024,1,MIL,PIT,9.0,0.0,1
2024-07-10,2024,1,TB,NYY,1.0,2.0,0
2024-07-10,2024,1,PHI,LAD,4.0,3.0,1
2024-07-11,2024,1,ARI,ATL,1.0,0.0,1
2024-07-11,2024,1,BAL,CHC,0.0,8.0,0
2024-07-11,2024,1,DET,CLE,10.0,1.0,1
2024-07-11,2024,1,BOS,ATH,7.0,0.0,1
2024-07-11,2024,1,NYM,WSH,7.0,0.0,1
2024-07-11,2024,1,LAA,SEA,0.0,11.0,0
2024-07-11,2024,1,PHI,LAD,5.0,1.0,1
2024-07-11,2024,1,SF,TOR,3.0,5.0,0
2024-07-11,2024,1,CIN,COL,8.0,1.0,1
2024-07-11,2024,1,HOU,MIA,6.0,3.0,1
2024-07-11,2024,1,TB,NYY,5.0,4.0,1
2024-07-11,2024,1,MIL,PIT,0.0,1.0,0
2024-07-12,2024,1,ARI,TOR,5.0,4.0,1
2024-07-12,2024,1,PHI,ATH,2.0,6.0,0
2024-07-12,2024,1,DET,LAD,3.0,4.0,0
2024-07-12,2024,1,CIN,MIA,7.0,4.0,1
2024-07-12,2024,1,NYM,COL,7.0,6.0,1
2024-07-12,2024,1,BAL,NYY,1.0,4.0,0
2024-07-12,2024,1,BOS,KC,1.0,6.0,0
2024-07-12,2024,1,HOU,TEX,6.0,3.0,1
2024-07-12,2024,1,SF,MIN,7.0,1.0,1
2024-07-12,2024,1,STL,CHC,1.0,5.0,0
2024-07-12,2024,1,CWS,PIT,1.0,4.0,0
2024-07-12,2024,1,SD,ATL,1.0,6.0,0
2024-07-12,2024,1,MIL,WSH,2.0,5.0,0
2024-07-12,2024,1,TB,CLE,2.0,0.0,1
2024-07-12,2024,1,LAA,SEA,6.0,5.0,1
2024-07-13,2024,2,STL,CHC,5.0,4.0,1
2024-07-13,2024,1,STL,CHC,11.0,3.0,1
2024-07-13,2024,1,DET,LAD,11.0,9.0,1
2024-07-13,2024,1,CIN,MIA,10.0,6.0,1
2024-07-13,2024,1,TB,CLE,2.0,4.0,0
2024-07-13,2024,1,ARI,TOR,12.0,1.0,1
2024-07-13,2024,1,PHI,ATH,11.0,5.0,1
2024-07-13,2024,1,HOU,TEX,1.0,2.0,0
2024-07-13,2024,1,SF,MIN,2.0,4.0,0
2024-07-13,2024,1,BAL,NYY,1.0,6.0,0
2024-07-13,2024,1,CWS,PIT,2.0,6.0,0
2024-07-13,2024,1,BOS,KC,5.0,0.0,1
2024-07-13,2024,1,LAA,SEA,2.0,1.0,1
2024-07-13,2024,1,NYM,COL,7.0,3.0,1
2024-07-13,2024,1,MIL,WSH,5.0,6.0,0
2024-07-13,2024,1,SD,ATL,4.0,0.0,1
2024-07-14,2024,1,ARI,TOR,7.0,8.0,0
2024-07-14,2024,1,LAA,SEA,3.0,2.0,1
2024-07-14,2024,1,CIN,MIA,2.0,3.0,0
2024-07-14,2024,1,STL,CHC,3.0,8.0,0
2024-07-14,2024,1,TB,CLE,2.0,0.0,1
2024-07-14,2024,1,CWS,PIT,4.0,9.0,0
2024-07-14,2024,1,SF,MIN,3.0,2.0,1
2024-07-14,2024,1,NYM,COL,5.0,8.0,0
2024-07-14,2024,1,DET,LAD,4.0,3.0,1
2024-07-14,2024,1,MIL,WSH,9.0,3.0,1
2024-07-14,2024,1,BAL,NYY,6.0,5.0,1
2024-07-14,2024,1,HOU,TEX,2.0,4.0,0
2024-07-14,2024,1,BOS,KC,5.0,4.0,1
2024-07-14,2024,1,PHI,ATH,3.0,18.0,0
2024-07-14,2024,1,SD,ATL,3.0,6.0,0
2024-07-19,2024,1,MIA,NYM,6.0,4.0,1
2024-07-19,2024,1,ATH,LAA,13.0,3.0,1
2024-07-19,2024,1,LAD,BOS,4.0,1.0,1
2024-07-19,2024,1,CLE,SD,7.0,0.0,1
2024-07-19,2024,1,NYY,TB,6.0,1.0,1
2024-07-19,2024,1,KC,CWS,7.0,1.0,1
2024-07-19,2024,1,PIT,PHI,8.0,7.0,1
2024-07-19,2024,1,SEA,HOU,0.0,3.0,0
2024-07-19,2024,1,WSH,CIN,8.0,5.0,1
2024-07-19,2024,1,TEX,BAL,1.0,9.0,0
2024-07-19,2024,1,TOR,DET,4.0,5.0,0
2024-07-19,2024,1,COL,SF,7.0,3.0,1
2024-07-19,2024,1,CHC,ARI,2.0,5.0,0
2024-07-20,2024,1,NYY,TB,1.0,9.0,0
2024-07-20,2024,1,SEA,HOU,2.0,4.0,0
2024-07-20,2024,1,COL,SF,4.0,3.0,1
2024-07-20,2024,1,KC,CWS,6.0,1.0,1
2024-07-20,2024,1,CLE,SD,0.0,7.0,0
2024-07-20,2024,1,TEX,BAL,4.0,8.0,0
2024-07-20,2024,2,ATL,STL,5.0,9.0,0
2024-07-20,2024,1,ATL,STL,3.0,2.0,1
2024-07-20,2024,1,CHC,ARI,0.0,3.0,0
2024-07-20,2024,1,LAD,BOS,7.0,6.0,1
2024-07-20,2024,1,PIT,PHI,4.0,1.0,1
2024-07-20,2024,1,MIN,MIL,4.0,8.0,0
2024-07-20,2024,1,WSH,CIN,5.0,4.0,1
2024-07-20,2024,1,TOR,DET,3.0,7.0,0
2024-07-20,2024,1,MIA,NYM,0.0,1.0,0
2024-07-20,2024,1,ATH,LAA,8.0,2.0,1
2024-07-21,2024,1,NYY,TB,4.0,6.0,0
2024-07-21,2024,1,TEX,BAL,3.0,2.0,1
2024-07-21,2024,1,SEA,HOU,6.0,4.0,1
2024-07-21,2024,1,COL,SF,2.0,3.0,0
2024-07-21,2024,1,KC,CWS,4.0,1.0,1
2024-07-21,2024,1,CLE,SD,1.0,2.0,0
2024-07-21,2024,1,MIN,MIL,7.0,8.0,0
2024-07-21,2024,1,CHC,ARI,2.0,1.0,1
2024-07-21,2024,1,TOR,DET,5.0,4.0,1
2024-07-21,2024,1,WSH,CIN,5.0,2.0,1
2024-07-21,2024,1,ATL,STL,2.0,6.0,0
2024-07-21,2024,1,LAD,BOS,9.0,6.0,1
2024-07-21,2024,1,MIA,NYM,4.0,2.0,1
2024-07-21,2024,1,ATH,LAA,5.0,8.0,0
2024-07-21,2024,1,PIT,PHI,0.0,6.0,0
2024-07-22,2024,1,COL,BOS,9.0,8.0,1
2024-07-22,2024,1,ATH,HOU,4.0,0.0,1
2024-07-22,2024,1,PIT,STL,2.0,1.0,1
2024-07-22,2024,1,ATL,CIN,1.0,4.0,0
2024-07-22,2024,1,KC,ARI,10.0,4.0,1
2024-07-22,2024,1,MIN,PHI,7.0,2.0,1
2024-07-22,2024,1,LAD,SF,3.0,2.0,1
2024-07-22,2024,1,MIA,NYM,4.0,6.0,0
2024-07-22,2024,1,CLE,DET,2.0,8.0,0
2024-07-22,2024,1,SEA,LAA,1.0,3.0,0
2024-07-22,2024,1,CHC,MIL,3.0,1.0,1
2024-07-22,2024,1,TEX,CWS,4.0,3.0,1
2024-07-22,2024,1,NYY,TB,9.0,1.0,1
2024-07-23,2024,1,CLE,DET,5.0,4.0,1
2024-07-23,2024,1,TOR,TB,2.0,4.0,0
2024-07-23,2024,1,COL,BOS,0.0,6.0,0
2024-07-23,2024,1,LAD,SF,5.0,2.0,1
2024-07-23,2024,1,ATH,HOU,8.0,2.0,1
2024-07-23,2024,1,TEX,CWS,3.0,2.0,1
2024-07-23,2024,1,KC,ARI,2.0,6.0,0
2024-07-23,2024,1,WSH,SD,0.0,4.0,0
2024-07-23,2024,1,NYY,NYM,2.0,3.0,0
2024-07-23,2024,1,MIN,PHI,0.0,3.0,0
2024-07-23,2024,1,MIA,BAL,6.0,3.0,1
2024-07-23,2024,1,SEA,LAA,1.0,5.0,0
2024-07-23,2024,1,PIT,STL,1.0,2.0,0
2024-07-23,2024,1,CHC,MIL,0.0,1.0,0
2024-07-24,2024,1,TEX,CWS,10.0,2.0,1
2024-07-24,2024,1,MIA,BAL,6.0,3.0,1
2024-07-24,2024,1,PIT,STL,5.0,0.0,1
2024-07-24,2024,1,WSH,SD,3.0,12.0,0
2024-07-24,2024,1,ATH,HOU,1.0,8.0,0
2024-07-24,2024,1,LAD,SF,3.0,8.0,0
2024-07-24,2024,1,CLE,DET,2.0,1.0,1
2024-07-24,2024,1,MIN,PHI,5.0,4.0,1
2024-07-24,2024,1,NYY,NYM,3.0,12.0,0
2024-07-24,2024,1,CHC,MIL,2.0,3.0,0
2024-07-24,2024,1,SEA,LAA,1.0,2.0,0
2024-07-24,2024,1,KC,ARI,6.0,8.0,0
2024-07-24,2024,1,COL,BOS,20.0,7.0,1
2024-07-24,2024,1,ATL,CIN,4.0,9.0,0
2024-07-24,2024,1,TOR,TB,6.0,3.0,1
2024-07-25,2024,1,WSH,SD,0.0,3.0,0
2024-07-25,2024,1,CLE,DET,0.0,3.0,0
2024-07-25,2024,1,MIA,BAL,6.0,7.0,0
2024-07-25,2024,1,TEX,CWS,2.0,1.0,1
2024-07-25,2024,1,LAA,ATH,5.0,6.0,0
2024-07-25,2024,1,LAD,SF,6.0,4.0,1
2024-07-25,2024,1,TOR,TB,0.0,13.0,0
2024-07-25,2024,1,NYM,ATL,3.0,2.0,1
2024-07-26,2024,1,KC,CHC,6.0,0.0,1
2024-07-26,2024,1,TOR,TEX,6.0,5.0,1
2024-07-26,2024,1,SF,COL,11.0,4.0,1
2024-07-26,2024,1,PHI,CLE,1.0,3.0,0
2024-07-26,2024,1,MIL,MIA,2.0,6.0,0
2024-07-26,2024,1,BAL,SD,4.0,6.0,0
2024-07-26,2024,1,BOS,NYY,9.0,7.0,1
2024-07-26,2024,1,DET,MIN,3.0,9.0,0
2024-07-26,2024,1,HOU,LAD,5.0,0.0,1
2024-07-26,2024,1,ARI,PIT,4.0,3.0,1
2024-07-26,2024,1,CWS,SEA,0.0,10.0,0
2024-07-26,2024,1,TB,CIN,2.0,3.0,0
2024-07-26,2024,1,NYM,ATL,8.0,4.0,1
2024-07-26,2024,1,LAA,ATH,4.0,5.0,0
2024-07-26,2024,1,STL,WSH,8.0,10.0,0
2024-07-27,2024,1,KC,CHC,4.0,9.0,0
2024-07-27,2024,1,CWS,SEA,3.0,6.0,0
2024-07-27,2024,2,SF,COL,5.0,0.0,1
2024-07-27,2024,1,HOU,LAD,7.0,6.0,1
2024-07-27,2024,1,BOS,NYY,8.0,11.0,0
2024-07-27,2024,1,LAA,ATH,1.0,3.0,0
2024-07-27,2024,1,TOR,TEX,7.0,3.0,1
2024-07-27,2024,1,PHI,CLE,8.0,0.0,1
2024-07-27,2024,1,STL,WSH,3.0,14.0,0
2024-07-27,2024,1,NYM,ATL,0.0,4.0,0
2024-07-27,2024,1,TB,CIN,4.0,0.0,1
2024-07-27,2024,1,SF,COL,4.0,1.0,1
2024-07-27,2024,1,ARI,PIT,9.0,5.0,1
2024-07-27,2024,1,DET,MIN,7.0,2.0,1
2024-07-27,2024,1,MIL,MIA,3.0,7.0,0
2024-07-27,2024,1,BAL,SD,4.0,9.0,0
2024-07-28,2024,1,TOR,TEX,7.0,3.0,1
2024-07-28,2024,1,CWS,SEA,3.0,6.0,0
2024-07-28,2024,1,LAA,ATH,8.0,6.0,1
2024-07-28,2024,1,MIL,MIA,6.0,2.0,1
2024-07-28,2024,1,NYM,ATL,2.0,9.0,0
2024-07-28,2024,1,HOU,LAD,2.0,6.0,0
2024-07-28,2024,1,BAL,SD,8.0,6.0,1
2024-07-28,2024,1,BOS,NYY,2.0,8.0,0
2024-07-28,2024,1,PHI,CLE,3.0,4.0,0
2024-07-28,2024,1,KC,CHC,3.0,7.0,0
2024-07-28,2024,1,TB,CIN,2.0,1.0,1
2024-07-28,2024,1,STL,WSH,4.0,3.0,1
2024-07-28,2024,1,ARI,PIT,5.0,6.0,0
2024-07-28,2024,1,DET,MIN,0.0,5.0,0
2024-07-28,2024,1,SF,COL,5.0,4.0,1
2024-07-29,2024,1,CWS,KC,5.0,8.0,0
2024-07-29,2024,1,PHI,NYY,4.0,14.0,0
2024-07-29,2024,1,NYM,MIN,15.0,2.0,1
2024-07-29,2024,1,STL,TEX,3.0,6.0,0
2024-07-29,2024,1,DET,CLE,4.0,8.0,0
2024-07-29,2024,1,HOU,PIT,3.0,5.0,0
2024-07-29,2024,1,MIL,ATL,8.0,3.0,1
2024-07-29,2024,1,ARI,WSH,9.0,8.0,1
2024-07-29,2024,2,BAL,TOR,4.0,8.0,0
2024-07-29,2024,1,CIN,CHC,7.0,1.0,1
2024-07-29,2024,1,BOS,SEA,14.0,7.0,1
2024-07-29,2024,1,BAL,TOR,11.0,5.0,1
2024-07-30,2024,1,CIN,CHC,6.0,3.0,1
2024-07-30,2024,1,CWS,KC,3.0,4.0,0
2024-07-30,2024,1,HOU,PIT,2.0,6.0,0
2024-07-30,2024,1,BOS,SEA,6.0,10.0,0
2024-07-30,2024,1,LAA,COL,10.0,7.0,1
2024-07-30,2024,1,NYM,MIN,2.0,0.0,1
2024-07-30,2024,1,DET,CLE,0.0,5.0,0
2024-07-30,2024,1,SD,LAD,6.0,5.0,1
2024-07-30,2024,1,TB,MIA,9.0,3.0,1
2024-07-30,2024,1,ARI,WSH,17.0,0.0,1
2024-07-30,2024,1,MIL,ATL,1.0,5.0,0
2024-07-30,2024,1,STL,TEX,8.0,1.0,1
2024-07-30,2024,1,SF,ATH,2.0,5.0,0
2024-07-30,2024,1,BAL,TOR,6.0,2.0,1
2024-07-30,2024,1,PHI,NYY,6.0,7.0,0
2024-07-31,2024,1,PHI,NYY,5.0,6.0,0
2024-07-31,2024,1,NYM,MIN,3.0,8.0,0
2024-07-31,2024,1,HOU,PIT,5.0,4.0,1
2024-07-31,2024,1,BOS,SEA,3.0,2.0,1
2024-07-31,2024,1,SD,LAD,8.0,1.0,1
2024-07-31,2024,1,TB,MIA,2.0,6.0,0
2024-07-31,2024,1,MIL,ATL,2.0,6.0,0
2024-07-31,2024,1,BAL,TOR,10.0,4.0,1
2024-07-31,2024,1,CWS,KC,3.0,10.0,0
2024-07-31,2024,1,LAA,COL,1.0,2.0,0
2024-07-31,2024,1,CIN,CHC,4.0,13.0,0
2024-07-31,2024,1,STL,TEX,10.0,1.0,1
2024-07-31,2024,1,ARI,WSH,5.0,4.0,1
2024-07-31,2024,1,SF,ATH,1.0,0.0,1
2024-08-01,2024,1,CHC,STL,5.0,4.0,1
2024-08-01,2024,1,ATL,MIA,4.0,2.0,1
2024-08-01,2024,1,DET,KC,1.0,7.0,0
2024-08-01,2024,1,CLE,BAL,10.0,3.0,1
2024-08-01,2024,1,LAA,COL,4.0,5.0,0
2024-08-02,2024,1,WSH,MIL,3.0,8.0,0
2024-08-02,2024,1,DET,KC,2.0,9.0,0
2024-08-02,2024,1,CHC,STL,6.0,3.0,1
2024-08-02,2024,1,HOU,TB,3.0,2.0,1
2024-08-02,2024,1,NYY,TOR,5.0,8.0,0
2024-08-02,2024,1,SEA,PHI,10.0,2.0,1
2024-08-02,2024,1,TEX,BOS,6.0,11.0,0
2024-08-02,2024,1,ATH,LAD,6.0,5.0,1
2024-08-02,2024,1,LAA,NYM,1.0,5.0,0
2024-08-02,2024,1,ATL,MIA,5.0,3.0,1
2024-08-02,2024,1,MIN,CWS,10.0,2.0,1
2024-08-02,2024,1,CIN,SF,0.0,3.0,0
2024-08-02,2024,1,SD,COL,2.0,5.0,0
2024-08-02,2024,1,PIT,ARI,8.0,9.0,0
2024-08-02,2024,1,CLE,BAL,8.0,4.0,1
2024-08-03,2024,1,LAA,NYM,5.0,4.0,1
2024-08-03,2024,1,CIN,SF,6.0,4.0,1
2024-08-03,2024,1,PIT,ARI,4.0,2.0,1
2024-08-03,2024,1,NYY,TOR,8.0,3.0,1
2024-08-03,2024,1,CHC,STL,4.0,5.0,0
2024-08-03,2024,1,HOU,TB,1.0,6.0,0
2024-08-03,2024,1,ATL,MIA,3.0,4.0,0
2024-08-03,2024,1,DET,KC,6.0,5.0,1
2024-08-03,2024,1,WSH,MIL,6.0,4.0,1
2024-08-03,2024,1,CLE,BAL,4.0,7.0,0
2024-08-03,2024,1,ATH,LAD,0.0,10.0,0
2024-08-03,2024,1,TEX,BOS,7.0,4.0,1
2024-08-03,2024,1,MIN,CWS,6.0,2.0,1
2024-08-03,2024,1,SD,COL,3.0,2.0,1
2024-08-03,2024,1,SEA,PHI,6.0,5.0,1
2024-08-04,2024,1,PIT,ARI,5.0,6.0,0
2024-08-04,2024,1,SD,COL,10.0,2.0,1
2024-08-04,2024,1,CIN,SF,2.0,8.0,0
2024-08-04,2024,1,MIN,CWS,13.0,7.0,1
2024-08-04,2024,1,TEX,BOS,2.0,7.0,0
2024-08-04,2024,1,NYY,TOR,4.0,3.0,1
2024-08-04,2024,1,ATH,LAD,2.0,3.0,0
2024-08-04,2024,1,SEA,PHI,0.0,6.0,0
2024-08-04,2024,1,DET,KC,2.0,3.0,0
2024-08-04,2024,1,HOU,TB,0.0,1.0,0
2024-08-04,2024,1,ATL,MIA,0.0,7.0,0
2024-08-04,2024,1,LAA,NYM,3.0,2.0,1
2024-08-04,2024,1,WSH,MIL,4.0,3.0,1
2024-08-04,2024,1,CLE,BAL,5.0,9.0,0
2024-08-04,2024,1,CHC,STL,6.0,2.0,1
2024-08-05,2024,1,KC,BOS,5.0,9.0,0
2024-08-05,2024,1,CLE,ARI,6.0,7.0,0
2024-08-05,2024,1,LAD,PHI,5.0,3.0,1
2024-08-05,2024,1,STL,NYM,0.0,6.0,0
2024-08-05,2024,1,TEX,HOU,4.0,3.0,1
2024-08-05,2024,1,MIA,CIN,3.0,10.0,0
2024-08-05,2024,1,CHC,MIN,0.0,3.0,0
2024-08-05,2024,1,WSH,SF,1.0,4.0,0
2024-08-05,2024,1,ATH,CWS,5.0,1.0,1
2024-08-06,2024,1,MIA,CIN,2.0,8.0,0
2024-08-06,2024,1,CHC,MIN,7.0,3.0,1
2024-08-06,2024,1,STL,TB,4.0,3.0,1
2024-08-06,2024,1,WSH,SF,11.0,5.0,1
2024-08-06,2024,1,KC,BOS,5.0,6.0,0
2024-08-06,2024,1,SEA,DET,2.0,4.0,0
2024-08-06,2024,1,COL,NYM,6.0,3.0,1
2024-08-06,2024,1,ATH,CWS,1.0,5.0,0
2024-08-06,2024,1,PIT,SD,0.0,6.0,0
2024-08-06,2024,1,ATL,MIL,0.0,10.0,0
2024-08-06,2024,1,LAD,PHI,2.0,6.0,0
2024-08-06,2024,1,TEX,HOU,2.0,4.0,0
2024-08-06,2024,1,TOR,BAL,5.0,2.0,1
2024-08-07,2024,1,PIT,SD,8.0,9.0,0
2024-08-07,2024,1,SEA,DET,2.0,6.0,0
2024-08-07,2024,1,MIA,CIN,6.0,4.0,1
2024-08-07,2024,1,CLE,ARI,3.0,7.0,0
2024-08-07,2024,1,ATL,MIL,5.0,8.0,0
2024-08-07,2024,1,KC,BOS,8.0,4.0,1
2024-08-07,2024,1,STL,TB,5.0,2.0,1
2024-08-07,2024,1,LAD,PHI,4.0,9.0,0
2024-08-07,2024,1,TEX,HOU,4.0,6.0,0
2024-08-07,2024,2,CLE,ARI,3.0,5.0,0
2024-08-07,2024,1,ATH,CWS,3.0,2.0,1
2024-08-07,2024,2,NYY,LAA,2.0,8.0,0
2024-08-07,2024,1,NYY,LAA,5.0,2.0,1
2024-08-07,2024,1,COL,NYM,3.0,5.0,0
2024-08-07,2024,1,TOR,BAL,3.0,7.0,0
2024-08-07,2024,1,WSH,SF,4.0,7.0,0
2024-08-07,2024,1,CHC,MIN,8.0,2.0,1
2024-08-08,2024,1,SEA,DET,4.0,3.0,1
2024-08-08,2024,1,PIT,SD,6.0,7.0,0
2024-08-08,2024,1,ARI,PHI,4.0,6.0,0
2024-08-08,2024,1,STL,TB,4.0,6.0,0
2024-08-08,2024,1,WSH,SF,5.0,9.0,0
2024-08-08,2024,1,COL,NYM,1.0,9.0,0
2024-08-08,2024,1,NYY,LAA,4.0,9.0,0
2024-08-08,2024,1,ATL,MIL,7.0,16.0,0
2024-08-08,2024,1,TOR,BAL,7.0,6.0,1
2024-08-08,2024,1,MIA,CIN,4.0,10.0,0
2024-08-09,2024,1,BOS,HOU,4.0,8.0,0
2024-08-09,2024,1,KC,STL,5.0,8.0,0
2024-08-09,2024,1,SEA,NYM,6.0,0.0,1
2024-08-09,2024,1,MIL,CIN,8.0,3.0,1
2024-08-09,2024,1,TOR,ATH,3.0,1.0,1
2024-08-09,2024,1,SF,DET,3.0,2.0,1
2024-08-09,2024,1,MIA,SD,2.0,6.0,0
2024-08-09,2024,1,ARI,PHI,3.0,2.0,1
2024-08-09,2024,1,LAD,PIT,9.0,5.0,1
2024-08-09,2024,1,COL,ATL,6.0,5.0,1
2024-08-09,2024,1,MIN,CLE,4.0,2.0,1
2024-08-09,2024,1,TB,BAL,1.0,4.0,0
2024-08-09,2024,1,WSH,LAA,3.0,2.0,1
2024-08-09,2024,1,CWS,CHC,6.0,7.0,0
2024-08-09,2024,2,MIN,CLE,6.0,3.0,1
2024-08-10,2024,1,MIN,CLE,1.0,2.0,0
2024-08-10,2024,1,COL,ATL,8.0,11.0,0
2024-08-10,2024,1,KC,STL,8.0,3.0,1
2024-08-10,2024,1,CWS,CHC,1.0,3.0,0
2024-08-10,2024,2,NYY,TEX,4.0,9.0,0
2024-08-10,2024,1,NYY,TEX,8.0,0.0,1
2024-08-10,2024,1,WSH,LAA,5.0,4.0,1
2024-08-10,2024,1,SF,DET,3.0,1.0,1
2024-08-10,2024,1,SEA,NYM,4.0,0.0,1
2024-08-10,2024,1,TB,BAL,5.0,7.0,0
2024-08-10,2024,1,LAD,PIT,4.0,1.0,1
2024-08-10,2024,1,TOR,ATH,0.0,1.0,0
2024-08-10,2024,1,ARI,PHI,11.0,1.0,1
2024-08-10,2024,1,MIL,CIN,1.0,0.0,1
2024-08-10,2024,1,MIA,SD,8.0,9.0,0
2024-08-10,2024,1,BOS,HOU,4.0,5.0,0
2024-08-11,2024,1,COL,ATL,9.0,8.0,1
2024-08-11,2024,1,WSH,LAA,4.0,6.0,0
2024-08-11,2024,1,MIL,CIN,3.0,4.0,0
2024-08-11,2024,1,MIN,CLE,3.0,5.0,0
2024-08-11,2024,1,MIA,SD,7.0,6.0,1
2024-08-11,2024,1,NYY,TEX,8.0,7.0,1
2024-08-11,2024,1,ARI,PHI,12.0,5.0,1
2024-08-11,2024,1,BOS,HOU,2.0,10.0,0
2024-08-11,2024,1,TB,BAL,2.0,1.0,1
2024-08-11,2024,1,TOR,ATH,4.0,8.0,0
2024-08-11,2024,1,LAD,PIT,6.0,5.0,1
2024-08-11,2024,1,SF,DET,4.0,5.0,0
2024-08-11,2024,1,SEA,NYM,12.0,1.0,1
2024-08-12,2024,1,CIN,STL,6.0,1.0,1
2024-08-12,2024,1,SD,PIT,2.0,1.0,1
2024-08-12,2024,1,CLE,CHC,9.0,8.0,1
2024-08-12,2024,1,LAA,TOR,2.0,4.0,0
2024-08-12,2024,1,ARI,COL,5.0,4.0,1
2024-08-12,2024,1,SF,ATL,0.0,1.0,0
2024-08-12,2024,1,MIL,LAD,2.0,5.0,0
2024-08-12,2024,1,MIN,KC,8.0,3.0,1
2024-08-12,2024,1,BOS,TEX,5.0,4.0,1
2024-08-12,2024,1,CWS,NYY,12.0,2.0,1
2024-08-12,2024,1,TB,HOU,1.0,6.0,0
2024-08-13,2024,1,ARI,COL,4.0,3.0,1
2024-08-13,2024,1,NYM,ATH,4.0,9.0,0
2024-08-13,2024,1,SF,ATL,3.0,4.0,0
2024-08-13,2024,1,LAA,TOR,1.0,6.0,0
2024-08-13,2024,1,CLE,CHC,2.0,1.0,1
2024-08-13,2024,1,DET,SEA,15.0,1.0,1
2024-08-13,2024,1,TB,HOU,2.0,3.0,0
2024-08-13,2024,1,BOS,TEX,9.0,4.0,1
2024-08-13,2024,1,PHI,MIA,0.0,5.0,0
2024-08-13,2024,1,CWS,NYY,1.0,4.0,0
2024-08-13,2024,1,BAL,WSH,3.0,9.0,0
2024-08-13,2024,1,MIN,KC,13.0,3.0,1
2024-08-13,2024,1,MIL,LAD,2.0,7.0,0
2024-08-13,2024,1,CIN,STL,4.0,1.0,1
2024-08-13,2024,1,SD,PIT,3.0,0.0,1
2024-08-14,2024,1,DET,SEA,3.0,2.0,1
2024-08-14,2024,1,NYM,ATH,9.0,1.0,1
2024-08-14,2024,1,CWS,NYY,2.0,10.0,0
2024-08-14,2024,1,CLE,CHC,6.0,1.0,1
2024-08-14,2024,1,MIL,LAD,5.0,4.0,1
2024-08-14,2024,1,SD,PIT,8.0,2.0,1
2024-08-14,2024,1,MIN,KC,1.0,4.0,0
2024-08-14,2024,1,BAL,WSH,4.0,1.0,1
2024-08-14,2024,1,PHI,MIA,9.0,5.0,1
2024-08-14,2024,1,BOS,TEX,7.0,9.0,0
2024-08-14,2024,1,CIN,STL,9.0,2.0,1
2024-08-14,2024,1,TB,HOU,1.0,2.0,0
2024-08-14,2024,1,LAA,TOR,2.0,9.0,0
2024-08-14,2024,1,SF,ATL,2.0,13.0,0
2024-08-14,2024,1,ARI,COL,11.0,4.0,1
2024-08-15,2024,1,DET,SEA,2.0,1.0,1
2024-08-15,2024,1,NYM,ATH,6.0,7.0,0
2024-08-15,2024,1,TEX,MIN,2.0,3.0,0
2024-08-15,2024,1,BAL,BOS,5.0,1.0,1
2024-08-15,2024,1,PHI,WSH,13.0,3.0,1
2024-08-15,2024,1,MIL,LAD,6.0,4.0,1
2024-08-15,2024,1,SF,ATL,6.0,0.0,1
2024-08-16,2024,1,TEX,MIN,3.0,4.0,0
2024-08-16,2024,1,HOU,CWS,4.0,5.0,0
2024-08-16,2024,1,CHC,TOR,6.0,5.0,1
2024-08-16,2024,1,STL,LAD,6.0,7.0,0
2024-08-16,2024,1,BAL,BOS,10.0,12.0,0
2024-08-16,2024,1,CIN,KC,1.0,7.0,0
2024-08-16,2024,1,LAA,ATL,3.0,2.0,1
2024-08-16,2024,1,PHI,WSH,3.0,2.0,1
2024-08-16,2024,1,COL,SD,7.0,3.0,1
2024-08-16,2024,1,TB,ARI,5.0,4.0,1
2024-08-16,2024,1,PIT,SEA,5.0,3.0,1
2024-08-16,2024,1,NYM,MIA,7.0,3.0,1
2024-08-16,2024,1,DET,NYY,0.0,3.0,0
2024-08-16,2024,1,MIL,CLE,5.0,3.0,1
2024-08-17,2024,1,CHC,TOR,3.0,2.0,1
2024-08-17,2024,1,BAL,BOS,1.0,5.0,0
2024-08-17,2024,1,ATH,SF,2.0,0.0,1
2024-08-17,2024,1,LAA,ATL,3.0,11.0,0
2024-08-17,2024,1,CIN,KC,1.0,13.0,0
2024-08-17,2024,1,PHI,WSH,5.0,1.0,1
2024-08-17,2024,1,TEX,MIN,2.0,5.0,0
2024-08-17,2024,1,MIL,CLE,2.0,1.0,1
2024-08-17,2024,1,PIT,SEA,7.0,2.0,1
2024-08-17,2024,1,COL,SD,3.0,8.0,0
2024-08-17,2024,1,STL,LAD,5.0,2.0,1
2024-08-17,2024,1,HOU,CWS,6.0,1.0,1
2024-08-17,2024,1,DET,NYY,4.0,0.0,1
2024-08-17,2024,1,NYM,MIA,4.0,0.0,1
2024-08-17,2024,1,TB,ARI,6.0,1.0,1
2024-08-18,2024,1,CHC,TOR,0.0,1.0,0
2024-08-18,2024,1,TEX,MIN,6.0,5.0,1
2024-08-18,2024,1,CIN,KC,1.0,8.0,0
2024-08-18,2024,1,HOU,CWS,2.0,0.0,1
2024-08-18,2024,1,LAA,ATL,1.0,3.0,0
2024-08-18,2024,1,PHI,WSH,4.0,6.0,0
2024-08-18,2024,1,DET,NYY,3.0,2.0,1
2024-08-18,2024,1,BAL,BOS,4.0,2.0,1
2024-08-18,2024,1,ATH,SF,2.0,4.0,0
2024-08-18,2024,1,MIL,CLE,2.0,0.0,1
2024-08-18,2024,1,NYM,MIA,2.0,3.0,0
2024-08-18,2024,1,TB,ARI,8.0,7.0,1
2024-08-18,2024,1,COL,SD,3.0,2.0,1
2024-08-18,2024,1,PIT,SEA,3.0,10.0,0
2024-08-18,2024,1,STL,LAD,1.0,2.0,0
2024-08-19,2024,1,MIA,ARI,6.0,9.0,0
2024-08-19,2024,1,TOR,CIN,3.0,6.0,0
2024-08-19,2024,1,SD,MIN,5.0,3.0,1
2024-08-19,2024,1,HOU,BOS,5.0,4.0,1
2024-08-19,2024,1,NYM,BAL,4.0,3.0,1
2024-08-19,2024,1,LAD,SEA,3.0,0.0,1
2024-08-19,2024,1,TEX,PIT,4.0,3.0,1
2024-08-19,2024,1,KC,LAA,5.0,3.0,1
2024-08-19,2024,1,SF,CWS,5.0,3.0,1
2024-08-19,2024,1,ATH,TB,3.0,0.0,1
2024-08-20,2024,1,ATL,PHI,3.0,1.0,1
2024-08-20,2024,1,SF,CWS,4.0,1.0,1
2024-08-20,2024,1,TEX,PIT,0.0,4.0,0
2024-08-20,2024,1,STL,MIL,2.0,3.0,0
2024-08-20,2024,1,TOR,CIN,10.0,3.0,1
2024-08-20,2024,1,MIA,ARI,1.0,3.0,0
2024-08-20,2024,1,NYM,BAL,5.0,9.0,0
2024-08-20,2024,1,WSH,COL,1.0,3.0,0
2024-08-20,2024,1,LAD,SEA,6.0,3.0,1
2024-08-20,2024,1,HOU,BOS,5.0,6.0,0
2024-08-20,2024,1,SD,MIN,7.0,5.0,1
2024-08-20,2024,1,NYY,CLE,5.0,9.0,0
2024-08-20,2024,1,CHC,DET,3.0,1.0,1
2024-08-20,2024,1,ATH,TB,0.0,1.0,0
2024-08-20,2024,1,KC,LAA,5.0,9.0,0
2024-08-21,2024,1,SF,CWS,2.0,6.0,0
2024-08-21,2024,1,WSH,COL,6.0,1.0,1
2024-08-21,2024,1,TEX,PIT,1.0,0.0,1
2024-08-21,2024,1,KC,LAA,3.0,0.0,1
2024-08-21,2024,1,HOU,BOS,1.0,4.0,0
2024-08-21,2024,1,NYY,CLE,8.0,1.0,1
2024-08-21,2024,1,STL,MIL,10.0,6.0,1
2024-08-21,2024,1,TOR,CIN,7.0,11.0,0
2024-08-21,2024,1,NYM,BAL,4.0,3.0,1
2024-08-21,2024,1,SD,MIN,4.0,11.0,0
2024-08-21,2024,1,CHC,DET,2.0,8.0,0
2024-08-21,2024,1,LAD,SEA,8.0,4.0,1
2024-08-21,2024,1,MIA,ARI,8.0,10.0,0
2024-08-21,2024,1,ATH,TB,2.0,4.0,0
2024-08-21,2024,1,ATL,PHI,2.0,3.0,0
2024-08-22,2024,1,CHC,DET,10.0,2.0,1
2024-08-22,2024,1,STL,MIL,3.0,0.0,1
2024-08-22,2024,1,TOR,LAA,5.0,3.0,1
2024-08-22,2024,1,NYY,CLE,6.0,0.0,1
2024-08-22,2024,1,PIT,CIN,7.0,0.0,1
2024-08-22,2024,1,ATH,TB,3.0,1.0,1
2024-08-22,2024,1,SD,NYM,3.0,8.0,0
2024-08-22,2024,1,WSH,COL,8.0,3.0,1
2024-08-22,2024,1,ATL,PHI,3.0,2.0,1
2024-08-22,2024,1,BAL,HOU,0.0,6.0,0
2024-08-23,2024,1,BOS,ARI,2.0,12.0,0
2024-08-23,2024,1,PIT,CIN,6.0,5.0,1
2024-08-23,2024,1,LAD,TB,7.0,3.0,1
2024-08-23,2024,1,CWS,DET,2.0,5.0,0
2024-08-23,2024,1,SEA,SF,6.0,5.0,1
2024-08-23,2024,1,MIA,CHC,3.0,6.0,0
2024-08-23,2024,1,BAL,HOU,7.0,5.0,1
2024-08-23,2024,1,NYY,COL,3.0,0.0,1
2024-08-23,2024,1,SD,NYM,7.0,0.0,1
2024-08-23,2024,1,ATL,WSH,3.0,2.0,1
2024-08-23,2024,1,TOR,LAA,5.0,4.0,1
2024-08-23,2024,1,CLE,TEX,3.0,5.0,0
2024-08-23,2024,1,MIN,STL,1.0,6.0,0
2024-08-23,2024,1,KC,PHI,7.0,4.0,1
2024-08-23,2024,1,ATH,MIL,3.0,11.0,0
2024-08-24,2024,1,MIA,CHC,2.0,14.0,0
2024-08-24,2024,1,ATL,WSH,4.0,2.0,1
2024-08-24,2024,1,BOS,ARI,1.0,4.0,0
2024-08-24,2024,1,PIT,CIN,2.0,10.0,0
2024-08-24,2024,1,LAD,TB,8.0,9.0,0
2024-08-24,2024,1,ATH,MIL,5.0,9.0,0
2024-08-24,2024,1,SEA,SF,3.0,4.0,0
2024-08-24,2024,1,TOR,LAA,3.0,1.0,1
2024-08-24,2024,1,NYY,COL,2.0,9.0,0
2024-08-24,2024,1,SD,NYM,1.0,7.0,0
2024-08-24,2024,1,CLE,TEX,13.0,5.0,1
2024-08-24,2024,1,KC,PHI,2.0,11.0,0
2024-08-24,2024,1,MIN,STL,6.0,0.0,1
2024-08-24,2024,1,CWS,DET,4.0,13.0,0
2024-08-24,2024,1,BAL,HOU,3.0,2.0,1
2024-08-25,2024,1,PIT,CIN,4.0,3.0,1
2024-08-25,2024,1,TOR,LAA,8.0,2.0,1
2024-08-25,2024,1,ATL,WSH,1.0,5.0,0
2024-08-25,2024,1,CLE,TEX,4.0,2.0,1
2024-08-25,2024,1,MIN,STL,2.0,3.0,0
2024-08-25,2024,1,MIA,CHC,7.0,2.0,1
2024-08-25,2024,1,BOS,ARI,5.0,7.0,0
2024-08-25,2024,1,KC,PHI,3.0,11.0,0
2024-08-25,2024,1,CWS,DET,4.0,9.0,0
2024-08-25,2024,1,SD,NYM,3.0,2.0,1
2024-08-25,2024,1,LAD,TB,3.0,1.0,1
2024-08-25,2024,1,BAL,HOU,3.0,6.0,0
2024-08-25,2024,1,ATH,MIL,4.0,3.0,1
2024-08-25,2024,1,SEA,SF,4.0,3.0,1
2024-08-25,2024,1,NYY,COL,10.0,3.0,1
2024-08-26,2024,1,COL,MIA,3.0,2.0,1
2024-08-26,2024,1,CWS,DET,3.0,6.0,0
2024-08-26,2024,1,PHI,HOU,3.0,2.0,1
2024-08-26,2024,2,CLE,KC,4.0,9.0,0
2024-08-26,2024,1,CLE,KC,3.0,4.0,0
2024-08-26,2024,1,MIN,ATL,6.0,10.0,0
2024-08-26,2024,1,BOS,TOR,3.0,7.0,0
2024-08-26,2024,1,SEA,TB,5.0,1.0,1
2024-08-26,2024,1,STL,SD,4.0,7.0,0
2024-08-26,2024,1,PIT,CHC,8.0,18.0,0
2024-08-26,2024,1,WSH,NYY,2.0,5.0,0
2024-08-27,2024,1,PIT,CHC,5.0,9.0,0
2024-08-27,2024,1,CIN,ATH,4.0,5.0,0
2024-08-27,2024,1,MIN,ATL,6.0,8.0,0
2024-08-27,2024,1,BOS,TOR,6.0,3.0,1
2024-08-27,2024,1,SEA,TB,2.0,3.0,0
2024-08-27,2024,1,DET,LAA,6.0,2.0,1
2024-08-27,2024,1,LAD,BAL,2.0,3.0,0
2024-08-27,2024,1,CLE,KC,1.0,6.0,0
2024-08-27,2024,1,STL,SD,5.0,7.0,0
2024-08-27,2024,1,ARI,NYM,3.0,8.0,0
2024-08-27,2024,1,PHI,HOU,5.0,0.0,1
2024-08-27,2024,1,CWS,TEX,1.0,3.0,0
2024-08-27,2024,1,COL,MIA,8.0,9.0,0
2024-08-27,2024,1,MIL,SF,4.0,5.0,0
2024-08-27,2024,1,WSH,NYY,4.0,2.0,1
2024-08-28,2024,1,PIT,CHC,10.0,14.0,0
2024-08-28,2024,1,COL,MIA,8.0,2.0,1
2024-08-28,2024,1,CIN,ATH,6.0,9.0,0
2024-08-28,2024,1,MIN,ATL,1.0,5.0,0
2024-08-28,2024,1,BOS,TOR,3.0,0.0,1
2024-08-28,2024,1,MIL,SF,5.0,3.0,1
2024-08-28,2024,1,STL,SD,4.0,3.0,1
2024-08-28,2024,1,ARI,NYM,8.0,5.0,1
2024-08-28,2024,1,WSH,NYY,5.0,2.0,1
2024-08-28,2024,1,DET,LAA,3.0,2.0,1
2024-08-28,2024,1,CWS,TEX,3.0,4.0,0
2024-08-28,2024,1,PHI,HOU,0.0,10.0,0
2024-08-28,2024,1,LAD,BAL,6.0,4.0,1
2024-08-28,2024,1,SEA,TB,6.0,2.0,1
2024-08-28,2024,1,CLE,KC,7.0,5.0,1
2024-08-29,2024,1,CWS,TEX,1.0,2.0,0
2024-08-29,2024,1,STL,SD,4.0,1.0,1
2024-08-29,2024,1,CIN,ATH,10.0,9.0,1
2024-08-29,2024,1,COL,MIA,8.0,12.0,0
2024-08-29,2024,1,ARI,NYM,2.0,3.0,0
2024-08-29,2024,1,HOU,KC,6.0,3.0,1
2024-08-29,2024,1,BOS,TOR,0.0,2.0,0
2024-08-29,2024,1,PHI,ATL,5.0,4.0,1
2024-08-29,2024,1,DET,LAA,0.0,3.0,0
2024-08-29,2024,1,LAD,BAL,6.0,3.0,1
2024-08-29,2024,1,MIL,SF,6.0,0.0,1
2024-08-30,2024,1,HOU,KC,3.0,2.0,1
2024-08-30,2024,1,LAA,SEA,5.0,9.0,0
2024-08-30,2024,1,NYY,STL,6.0,3.0,1
2024-08-30,2024,1,TEX,ATH,2.0,9.0,0
2024-08-30,2024,1,DET,BOS,5.0,7.0,0
2024-08-30,2024,1,WSH,CHC,6.0,7.0,0
2024-08-30,2024,1,ARI,LAD,9.0,10.0,0
2024-08-30,2024,1,TB,SD,5.0,13.0,0
2024-08-30,2024,1,SF,MIA,3.0,1.0,1
2024-08-30,2024,1,COL,BAL,3.0,5.0,0
2024-08-30,2024,1,MIN,TOR,2.0,0.0,1
2024-08-30,2024,1,CLE,PIT,10.0,8.0,1
2024-08-30,2024,1,PHI,ATL,2.0,7.0,0
2024-08-30,2024,1,CWS,NYM,1.0,5.0,0
2024-08-30,2024,1,CIN,MIL,4.0,5.0,0
2024-08-30,2024,2,CIN,MIL,0.0,14.0,0
2024-08-31,2024,1,SF,MIA,3.0,4.0,0
2024-08-31,2024,1,HOU,KC,5.0,2.0,1
2024-08-31,2024,1,TB,SD,11.0,4.0,1
2024-08-31,2024,1,MIN,TOR,0.0,15.0,0
2024-08-31,2024,1,CLE,PIT,0.0,3.0,0
2024-08-31,2024,1,LAA,SEA,5.0,4.0,1
2024-08-31,2024,1,ARI,LAD,6.0,8.0,0
2024-08-31,2024,1,CIN,MIL,4.0,5.0,0
2024-08-31,2024,1,TEX,ATH,3.0,2.0,1
2024-08-31,2024,1,NYY,STL,5.0,6.0,0
2024-08-31,2024,1,DET,BOS,2.0,1.0,1
2024-08-31,2024,1,WSH,CHC,3.0,5.0,0
2024-08-31,2024,1,CWS,NYM,3.0,5.0,0
2024-08-31,2024,1,COL,BAL,7.0,5.0,1
2024-08-31,2024,1,PHI,ATL,3.0,0.0,1
2024-09-01,2024,1,CIN,MIL,4.0,3.0,1
2024-09-01,2024,1,DET,BOS,4.0,1.0,1
2024-09-01,2024,1,COL,BAL,1.0,6.0,0
2024-09-01,2024,1,TEX,ATH,6.0,4.0,1
2024-09-01,2024,1,LAA,SEA,3.0,2.0,1
2024-09-01,2024,1,ARI,LAD,14.0,3.0,1
2024-09-01,2024,1,TB,SD,3.0,4.0,0
2024-09-01,2024,1,MIN,TOR,4.0,3.0,1
2024-09-01,2024,1,CLE,PIT,6.0,1.0,1
2024-09-01,2024,1,HOU,KC,7.0,2.0,1
2024-09-01,2024,1,WSH,CHC,1.0,14.0,0
2024-09-01,2024,1,SF,MIA,5.0,7.0,0
2024-09-01,2024,1,PHI,ATL,3.0,2.0,1
2024-09-01,2024,1,CWS,NYM,0.0,2.0,0
2024-09-01,2024,1,NYY,STL,7.0,14.0,0
2024-09-02,2024,1,ARI,LAD,6.0,11.0,0
2024-09-02,2024,1,CHC,PIT,3.0,5.0,0
2024-09-02,2024,1,BAL,CWS,13.0,3.0,1
2024-09-02,2024,1,NYM,BOS,4.0,1.0,1
2024-09-02,2024,1,ATH,SEA,5.0,4.0,1
2024-09-02,2024,1,TB,MIN,4.0,5.0,0
2024-09-02,2024,1,SD,DET,3.0,0.0,1
2024-09-02,2024,1,KC,CLE,2.0,4.0,0
2024-09-02,2024,1,TEX,NYY,4.0,8.0,0
2024-09-02,2024,1,CIN,HOU,5.0,3.0,1
2024-09-02,2024,1,MIL,STL,9.0,3.0,1
2024-09-03,2024,1,BAL,CWS,9.0,0.0,1
2024-09-03,2024,1,TEX,NYY,7.0,4.0,1
2024-09-03,2024,1,ATL,COL,3.0,0.0,1
2024-09-03,2024,1,CHC,PIT,0.0,5.0,0
2024-09-03,2024,1,TB,MIN,2.0,1.0,1
2024-09-03,2024,1,SF,ARI,7.0,8.0,0
2024-09-03,2024,1,NYM,BOS,7.0,2.0,1
2024-09-03,2024,1,ATH,SEA,3.0,2.0,1
2024-09-03,2024,1,KC,CLE,1.0,7.0,0
2024-09-03,2024,1,MIA,WSH,2.0,6.0,0
2024-09-03,2024,1,TOR,PHI,9.0,10.0,0
2024-09-03,2024,1,MIL,STL,4.0,7.0,0
2024-09-03,2024,1,LAA,LAD,2.0,6.0,0
2024-09-04,2024,1,TEX,NYY,10.0,6.0,1
2024-09-04,2024,1,SF,ARI,4.0,6.0,0
2024-09-04,2024,1,BAL,CWS,1.0,8.0,0
2024-09-04,2024,1,ATH,SEA,3.0,16.0,0
2024-09-04,2024,1,TB,MIN,9.0,4.0,1
2024-09-04,2024,1,MIA,WSH,4.0,3.0,1
2024-09-04,2024,1,ATL,COL,5.0,2.0,1
2024-09-04,2024,1,CHC,PIT,12.0,0.0,1
2024-09-04,2024,1,MIL,STL,2.0,3.0,0
2024-09-04,2024,1,TOR,PHI,2.0,4.0,0
2024-09-04,2024,1,CIN,HOU,12.0,5.0,1
2024-09-04,2024,1,KC,CLE,4.0,1.0,1
2024-09-04,2024,1,NYM,BOS,8.0,3.0,1
2024-09-04,2024,1,LAA,LAD,10.0,1.0,1
2024-09-04,2024,1,SD,DET,6.0,5.0,1
2024-09-05,2024,1,PIT,WSH,9.0,4.0,1
2024-09-05,2024,1,SF,ARI,3.0,2.0,1
2024-09-05,2024,1,TB,MIN,3.0,4.0,0
2024-09-05,2024,1,ATH,SEA,4.0,6.0,0
2024-09-05,2024,1,ATL,COL,1.0,3.0,0
2024-09-05,2024,1,MIA,PHI,2.0,5.0,0
2024-09-05,2024,1,CIN,HOU,1.0,0.0,1
2024-09-05,2024,1,TEX,LAA,3.0,1.0,1
2024-09-05,2024,1,SD,DET,3.0,4.0,0
2024-09-06,2024,1,STL,SEA,1.0,6.0,0
2024-09-06,2024,1,NYM,CIN,6.0,4.0,1
2024-09-06,2024,1,BAL,TB,2.0,0.0,1
2024-09-06,2024,1,HOU,ARI,8.0,0.0,1
2024-09-06,2024,1,SD,SF,5.0,1.0,1
2024-09-06,2024,1,MIA,PHI,2.0,16.0,0
2024-09-06,2024,1,ATH,DET,7.0,6.0,1
2024-09-06,2024,1,BOS,CWS,3.0,1.0,1
2024-09-06,2024,1,MIL,COL,2.0,3.0,0
2024-09-06,2024,1,ATL,TOR,3.0,1.0,1
2024-09-06,2024,1,CHC,NYY,0.0,3.0,0
2024-09-06,2024,1,TEX,LAA,1.0,5.0,0
2024-09-06,2024,1,LAD,CLE,1.0,3.0,0
2024-09-06,2024,1,KC,MIN,5.0,0.0,1
2024-09-07,2024,1,NYM,CIN,4.0,0.0,1
2024-09-07,2024,1,ATH,DET,1.0,2.0,0
2024-09-07,2024,1,MIA,PHI,9.0,5.0,1
2024-09-07,2024,1,SD,SF,3.0,6.0,0
2024-09-07,2024,1,BAL,TB,1.0,7.0,0
2024-09-07,2024,1,HOU,ARI,11.0,5.0,1
2024-09-07,2024,1,STL,SEA,2.0,0.0,1
2024-09-07,2024,1,LAD,CLE,7.0,2.0,1
2024-09-07,2024,1,PIT,WSH,3.0,5.0,0
2024-09-07,2024,2,PIT,WSH,6.0,8.0,0
2024-09-07,2024,1,CHC,NYY,0.0,2.0,0
2024-09-07,2024,1,BOS,CWS,7.0,5.0,1
2024-09-07,2024,1,MIL,COL,5.0,2.0,1
2024-09-07,2024,1,ATL,TOR,5.0,9.0,0
2024-09-07,2024,1,TEX,LAA,6.0,4.0,1
2024-09-07,2024,1,KC,MIN,4.0,2.0,1
2024-09-08,2024,1,MIA,PHI,10.0,1.0,1
2024-09-08,2024,1,MIL,COL,1.0,4.0,0
2024-09-08,2024,1,CHC,NYY,2.0,1.0,1
2024-09-08,2024,1,BAL,TB,0.0,2.0,0
2024-09-08,2024,1,LAD,CLE,4.0,0.0,1
2024-09-08,2024,1,PIT,WSH,7.0,3.0,1
2024-09-08,2024,1,ATL,TOR,4.0,3.0,1
2024-09-08,2024,1,TEX,LAA,7.0,4.0,1
2024-09-08,2024,1,BOS,CWS,2.0,7.0,0
2024-09-08,2024,1,STL,SEA,4.0,10.0,0
2024-09-08,2024,1,HOU,ARI,6.0,12.0,0
2024-09-08,2024,1,KC,MIN,2.0,0.0,1
2024-09-08,2024,1,NYM,CIN,1.0,3.0,0
2024-09-08,2024,1,SD,SF,6.0,7.0,0
2024-09-08,2024,1,ATH,DET,1.0,9.0,0
2024-09-09,2024,1,LAD,CHC,4.0,10.0,0
2024-09-09,2024,1,BOS,BAL,12.0,3.0,1
2024-09-09,2024,1,PIT,MIA,3.0,2.0,1
2024-09-09,2024,1,NYY,KC,10.0,4.0,1
2024-09-09,2024,1,TOR,NYM,2.0,3.0,0
2024-09-09,2024,1,ATL,CIN,0.0,1.0,0
2024-09-09,2024,1,PHI,TB,2.0,1.0,1
2024-09-09,2024,1,MIN,LAA,2.0,6.0,0
2024-09-09,2024,1,CWS,CLE,3.0,5.0,0
2024-09-10,2024,1,STL,CIN,0.0,3.0,0
2024-09-10,2024,1,SF,MIL,2.0,3.0,0
2024-09-10,2024,1,ARI,TEX,6.0,0.0,1
2024-09-10,2024,1,LAD,CHC,3.0,6.0,0
2024-09-10,2024,1,DET,COL,11.0,0.0,1
2024-09-10,2024,1,PIT,MIA,6.0,4.0,1
2024-09-10,2024,1,BOS,BAL,3.0,5.0,0
2024-09-10,2024,1,CWS,CLE,0.0,5.0,0
2024-09-10,2024,1,SEA,SD,3.0,7.0,0
2024-09-10,2024,1,MIN,LAA,10.0,5.0,1
2024-09-10,2024,1,PHI,TB,9.0,4.0,1
2024-09-10,2024,1,HOU,ATH,3.0,4.0,0
2024-09-10,2024,1,TOR,NYM,6.0,2.0,1
2024-09-10,2024,1,NYY,KC,0.0,5.0,0
2024-09-10,2024,1,WSH,ATL,0.0,12.0,0
2024-09-11,2024,1,BOS,BAL,5.0,3.0,1
2024-09-11,2024,1,LAD,CHC,10.0,8.0,1
2024-09-11,2024,1,SF,MIL,13.0,2.0,1
2024-09-11,2024,1,ARI,TEX,14.0,4.0,1
2024-09-11,2024,1,SEA,SD,5.0,2.0,1
2024-09-11,2024,1,DET,COL,7.0,4.0,1
2024-09-11,2024,1,PHI,TB,3.0,2.0,1
2024-09-11,2024,1,CWS,CLE,4.0,6.0,0
2024-09-11,2024,1,WSH,ATL,5.0,1.0,1
2024-09-11,2024,1,NYY,KC,4.0,3.0,1
2024-09-11,2024,1,MIN,LAA,6.0,4.0,1
2024-09-11,2024,1,HOU,ATH,4.0,5.0,0
2024-09-11,2024,1,STL,CIN,2.0,1.0,1
2024-09-11,2024,1,PIT,MIA,3.0,1.0,1
2024-09-11,2024,1,TOR,NYM,2.0,6.0,0
2024-09-12,2024,1,WSH,MIA,3.0,6.0,0
2024-09-12,2024,1,CLE,TB,2.0,5.0,0
2024-09-12,2024,1,SEA,TEX,4.0,5.0,0
2024-09-12,2024,1,NYY,BOS,2.0,1.0,1
2024-09-12,2024,1,HOU,ATH,6.0,3.0,1
2024-09-12,2024,1,SF,MIL,0.0,3.0,0
2024-09-12,2024,1,STL,CIN,6.0,1.0,1
2024-09-12,2024,1,DET,COL,2.0,4.0,0
2024-09-13,2024,1,TOR,STL,4.0,3.0,1
2024-09-13,2024,1,DET,BAL,1.0,0.0,1
2024-09-13,2024,1,MIN,CIN,4.0,8.0,0
2024-09-13,2024,1,CWS,ATH,0.0,2.0,0
2024-09-13,2024,1,CLE,TB,1.0,3.0,0
2024-09-13,2024,1,PHI,NYM,3.0,11.0,0
2024-09-13,2024,1,COL,CHC,9.0,5.0,1
2024-09-13,2024,1,NYY,BOS,5.0,4.0,1
2024-09-13,2024,1,LAA,HOU,3.0,5.0,0
2024-09-13,2024,1,WSH,MIA,4.0,1.0,1
2024-09-13,2024,1,SEA,TEX,5.0,4.0,1
2024-09-13,2024,1,ARI,MIL,1.0,2.0,0
2024-09-13,2024,1,SF,SD,0.0,5.0,0
2024-09-13,2024,1,PIT,KC,3.0,8.0,0
2024-09-13,2024,1,ATL,LAD,6.0,2.0,1
2024-09-14,2024,1,CWS,ATH,7.0,6.0,1
2024-09-14,2024,1,LAA,HOU,3.0,5.0,0
2024-09-14,2024,1,ATL,LAD,10.0,1.0,1
2024-09-14,2024,1,NYY,BOS,1.0,7.0,0
2024-09-14,2024,1,PIT,KC,1.0,5.0,0
2024-09-14,2024,1,DET,BAL,2.0,4.0,0
2024-09-14,2024,1,SEA,TEX,5.0,4.0,1
2024-09-14,2024,1,COL,CHC,6.0,5.0,1
2024-09-14,2024,1,ARI,MIL,8.0,15.0,0
2024-09-14,2024,1,TOR,STL,7.0,2.0,1
2024-09-14,2024,1,MIN,CIN,1.0,11.0,0
2024-09-14,2024,1,PHI,NYM,6.0,4.0,1
2024-09-14,2024,1,SF,SD,0.0,8.0,0
2024-09-14,2024,1,WSH,MIA,4.0,1.0,1
2024-09-14,2024,1,CLE,TB,6.0,1.0,1
2024-09-15,2024,1,SEA,TEX,7.0,0.0,1
2024-09-15,2024,1,ARI,MIL,11.0,10.0,1
2024-09-15,2024,1,WSH,MIA,4.0,3.0,1
2024-09-15,2024,1,CLE,TB,2.0,0.0,1
2024-09-15,2024,1,CWS,ATH,4.0,3.0,1
2024-09-15,2024,1,NYY,BOS,5.0,2.0,1
2024-09-15,2024,1,COL,CHC,2.0,6.0,0
2024-09-15,2024,1,ATL,LAD,2.0,9.0,0
2024-09-15,2024,1,PIT,KC,4.0,3.0,1
2024-09-15,2024,1,PHI,NYM,2.0,1.0,1
2024-09-15,2024,1,SF,SD,3.0,4.0,0
2024-09-15,2024,1,MIN,CIN,9.0,2.0,1
2024-09-15,2024,1,LAA,HOU,4.0,6.0,0
2024-09-15,2024,1,DET,BAL,4.0,2.0,1
2024-09-15,2024,1,TOR,STL,3.0,2.0,1
2024-09-16,2024,1,ATL,LAD,0.0,9.0,0
2024-09-16,2024,1,STL,PIT,4.0,0.0,1
2024-09-16,2024,1,KC,DET,6.0,7.0,0
2024-09-16,2024,1,MIL,PHI,6.0,2.0,1
2024-09-16,2024,1,CHC,ATH,9.0,2.0,1
2024-09-16,2024,1,CLE,MIN,4.0,3.0,1
2024-09-16,2024,1,COL,ARI,3.0,2.0,1
2024-09-16,2024,1,SD,HOU,3.0,1.0,1
2024-09-16,2024,1,LAA,CWS,4.0,8.0,0
2024-09-16,2024,1,NYM,WSH,2.0,1.0,1
2024-09-17,2024,1,NYM,WSH,10.0,1.0,1
2024-09-17,2024,1,MIL,PHI,1.0,5.0,0
2024-09-17,2024,1,CHC,ATH,3.0,4.0,0
2024-09-17,2024,1,KC,DET,1.0,3.0,0
2024-09-17,2024,1,TB,BOS,8.0,3.0,1
2024-09-17,2024,1,SEA,NYY,2.0,11.0,0
2024-09-17,2024,1,SD,HOU,3.0,4.0,0
2024-09-17,2024,1,BAL,SF,0.0,10.0,0
2024-09-17,2024,1,CIN,ATL,6.0,5.0,1
2024-09-17,2024,1,MIA,LAD,11.0,9.0,1
2024-09-17,2024,1,STL,PIT,3.0,1.0,1
2024-09-17,2024,1,LAA,CWS,5.0,0.0,1
2024-09-17,2024,1,CLE,MIN,1.0,4.0,0
2024-09-17,2024,1,COL,ARI,8.0,2.0,1
2024-09-17,2024,1,TEX,TOR,13.0,8.0,1
2024-09-18,2024,1,CLE,MIN,5.0,4.0,1
2024-09-18,2024,1,SD,HOU,4.0,0.0,1
2024-09-18,2024,1,BAL,SF,3.0,5.0,0
2024-09-18,2024,1,CHC,ATH,3.0,5.0,0
2024-09-18,2024,1,LAA,CWS,4.0,3.0,1
2024-09-18,2024,1,NYM,WSH,10.0,0.0,1
2024-09-18,2024,1,TEX,TOR,2.0,0.0,1
2024-09-18,2024,1,CIN,ATL,1.0,7.0,0
2024-09-18,2024,1,COL,ARI,4.0,9.0,0
2024-09-18,2024,1,STL,PIT,10.0,5.0,1
2024-09-18,2024,1,KC,DET,2.0,4.0,0
2024-09-18,2024,1,MIL,PHI,2.0,1.0,1
2024-09-18,2024,1,TB,BOS,1.0,2.0,0
2024-09-18,2024,1,MIA,LAD,4.0,8.0,0
2024-09-18,2024,1,SEA,NYY,1.0,2.0,0
2024-09-19,2024,1,SEA,NYY,3.0,2.0,1
2024-09-19,2024,1,NYM,PHI,10.0,6.0,1
2024-09-19,2024,1,MIA,LAD,4.0,20.0,0
2024-09-19,2024,1,CLE,MIN,3.0,2.0,1
2024-09-19,2024,1,BAL,SF,5.0,3.0,1
2024-09-19,2024,1,STL,PIT,2.0,3.0,0
2024-09-19,2024,1,MIL,ARI,1.0,5.0,0
2024-09-19,2024,1,CIN,ATL,3.0,15.0,0
2024-09-19,2024,1,CHC,WSH,7.0,6.0,1
2024-09-19,2024,1,HOU,LAA,3.0,1.0,1
2024-09-19,2024,1,TEX,TOR,0.0,4.0,0
2024-09-19,2024,1,TB,BOS,2.0,0.0,1
2024-09-20,2024,1,CHC,WSH,3.0,1.0,1
2024-09-20,2024,1,BAL,DET,7.0,1.0,1
2024-09-20,2024,1,ATH,NYY,2.0,4.0,0
2024-09-20,2024,1,CIN,PIT,8.0,3.0,1
2024-09-20,2024,1,MIL,ARI,4.0,7.0,0
2024-09-20,2024,1,NYM,PHI,2.0,12.0,0
2024-09-20,2024,1,SD,CWS,3.0,2.0,1
2024-09-20,2024,1,MIA,ATL,4.0,3.0,1
2024-09-20,2024,1,BOS,MIN,2.0,4.0,0
2024-09-20,2024,1,LAD,COL,6.0,4.0,1
2024-09-20,2024,1,STL,CLE,1.0,5.0,0
2024-09-20,2024,1,KC,SF,1.0,2.0,0
2024-09-20,2024,1,TB,TOR,1.0,0.0,1
2024-09-20,2024,1,HOU,LAA,9.0,7.0,1
2024-09-20,2024,1,TEX,SEA,2.0,8.0,0
2024-09-21,2024,1,LAD,COL,3.0,6.0,0
2024-09-21,2024,1,MIL,ARI,0.0,5.0,0
2024-09-21,2024,1,CIN,PIT,7.0,1.0,1
2024-09-21,2024,1,KC,SF,0.0,9.0,0
2024-09-21,2024,1,CHC,WSH,1.0,5.0,0
2024-09-21,2024,1,HOU,LAA,10.0,4.0,1
2024-09-21,2024,1,MIA,ATL,2.0,6.0,0
2024-09-21,2024,1,NYM,PHI,6.0,3.0,1
2024-09-21,2024,1,TEX,SEA,4.0,8.0,0
2024-09-21,2024,1,SD,CWS,6.0,2.0,1
2024-09-21,2024,1,ATH,NYY,0.0,10.0,0
2024-09-21,2024,1,TB,TOR,3.0,2.0,1
2024-09-21,2024,1,STL,CLE,6.0,5.0,1
2024-09-21,2024,1,BAL,DET,4.0,6.0,0
2024-09-22,2024,1,CIN,PIT,0.0,2.0,0
2024-09-22,2024,1,SD,CWS,4.0,2.0,1
2024-09-22,2024,2,BOS,MIN,9.0,3.0,1
2024-09-22,2024,1,MIA,ATL,4.0,5.0,0
2024-09-22,2024,1,KC,SF,0.0,2.0,0
2024-09-22,2024,1,TEX,SEA,6.0,5.0,1
2024-09-22,2024,1,MIL,ARI,10.0,9.0,1
2024-09-22,2024,1,LAD,COL,6.0,5.0,1
2024-09-22,2024,1,HOU,LAA,8.0,9.0,0
2024-09-22,2024,1,STL,CLE,2.0,1.0,1
2024-09-22,2024,1,CHC,WSH,5.0,0.0,1
2024-09-22,2024,1,ATH,NYY,4.0,7.0,0
2024-09-22,2024,1,TB,TOR,4.0,3.0,1
2024-09-22,2024,1,BAL,DET,3.0,4.0,0
2024-09-22,2024,1,BOS,MIN,8.0,1.0,1
2024-09-22,2024,1,NYM,PHI,2.0,1.0,1
2024-09-23,2024,1,PHI,CHC,6.0,2.0,1
2024-09-23,2024,1,TOR,BOS,1.0,4.0,0
2024-09-23,2024,1,ARI,SF,3.0,6.0,0
2024-09-23,2024,1,HOU,SEA,1.0,6.0,0
2024-09-24,2024,1,WSH,KC,0.0,1.0,0
2024-09-24,2024,1,COL,STL,3.0,7.0,0
2024-09-24,2024,1,CLE,CIN,6.0,1.0,1
2024-09-24,2024,1,HOU,SEA,4.0,3.0,1
2024-09-24,2024,1,NYY,BAL,3.0,5.0,0
2024-09-24,2024,1,ARI,SF,0.0,11.0,0
2024-09-24,2024,1,ATL,NYM,5.0,1.0,1
2024-09-24,2024,1,PIT,MIL,2.0,7.0,0
2024-09-24,2024,1,PHI,CHC,4.0,10.0,0
2024-09-24,2024,1,MIN,MIA,1.0,4.0,0
2024-09-24,2024,1,CWS,LAA,3.0,2.0,1
2024-09-24,2024,1,TOR,BOS,5.0,6.0,0
2024-09-24,2024,1,ATH,TEX,5.0,4.0,1
2024-09-24,2024,1,LAD,SD,2.0,4.0,0
2024-09-24,2024,1,DET,TB,2.0,1.0,1
2024-09-25,2024,1,WSH,KC,0.0,3.0,0
2024-09-25,2024,1,CLE,CIN,5.0,2.0,1
2024-09-25,2024,1,ARI,SF,8.0,2.0,1
2024-09-25,2024,1,CWS,LAA,4.0,3.0,1
2024-09-25,2024,1,COL,STL,2.0,5.0,0
2024-09-25,2024,1,DET,TB,7.0,1.0,1
2024-09-25,2024,1,TOR,BOS,6.0,1.0,1
2024-09-25,2024,1,PIT,MIL,2.0,1.0,1
2024-09-25,2024,1,MIN,MIA,8.0,3.0,1
2024-09-25,2024,1,NYY,BAL,7.0,9.0,0
2024-09-25,2024,1,HOU,SEA,1.0,8.0,0
2024-09-25,2024,1,LAD,SD,4.0,3.0,1
2024-09-25,2024,1,PHI,CHC,9.0,6.0,1
2024-09-25,2024,1,ATH,TEX,1.0,5.0,0
2024-09-26,2024,1,COL,STL,10.0,8.0,1
2024-09-26,2024,1,NYY,BAL,10.0,1.0,1
2024-09-26,2024,1,ATH,TEX,3.0,2.0,1
2024-09-26,2024,1,WSH,KC,4.0,7.0,0
2024-09-26,2024,1,LAD,SD,7.0,2.0,1
2024-09-26,2024,1,DET,TB,4.0,3.0,1
2024-09-26,2024,1,CWS,LAA,7.0,0.0,1
2024-09-26,2024,1,PIT,MIL,2.0,5.0,0
2024-09-26,2024,1,MIN,MIA,6.0,8.0,0
2024-09-27,2024,1,NYY,PIT,2.0,4.0,0
2024-09-27,2024,1,BOS,TB,1.0,2.0,0
2024-09-27,2024,1,ARI,SD,3.0,5.0,0
2024-09-27,2024,1,WSH,PHI,9.0,1.0,1
2024-09-27,2024,1,MIN,BAL,2.0,7.0,0
2024-09-27,2024,1,ATL,KC,3.0,0.0,1
2024-09-27,2024,1,TOR,MIA,5.0,15.0,0
2024-09-27,2024,1,SEA,ATH,2.0,0.0,1
2024-09-27,2024,1,MIL,NYM,8.0,4.0,1
2024-09-27,2024,1,LAA,TEX,2.0,5.0,0
2024-09-27,2024,1,CLE,HOU,2.0,5.0,0
2024-09-27,2024,1,SF,STL,3.0,6.0,0
2024-09-27,2024,1,COL,LAD,4.0,11.0,0
2024-09-27,2024,1,DET,CWS,4.0,1.0,1
2024-09-27,2024,1,CHC,CIN,1.0,0.0,1
2024-09-28,2024,1,SEA,ATH,7.0,6.0,1
2024-09-28,2024,1,ARI,SD,0.0,5.0,0
2024-09-28,2024,1,MIN,BAL,2.0,9.0,0
2024-09-28,2024,1,WSH,PHI,6.0,3.0,1
2024-09-28,2024,1,SF,STL,6.0,5.0,1
2024-09-28,2024,1,NYY,PIT,4.0,9.0,0
2024-09-28,2024,1,BOS,TB,2.0,7.0,0
2024-09-28,2024,1,CHC,CIN,3.0,0.0,1
2024-09-28,2024,1,TOR,MIA,1.0,8.0,0
2024-09-28,2024,1,MIL,NYM,6.0,0.0,1
2024-09-28,2024,1,LAA,TEX,8.0,9.0,0
2024-09-28,2024,1,DET,CWS,0.0,4.0,0
2024-09-28,2024,1,COL,LAD,2.0,13.0,0
2024-09-28,2024,1,ATL,KC,2.0,1.0,1
2024-09-29,2024,1,ATL,KC,2.0,4.0,0
2024-09-30,2024,1,ATL,NYM,7.0,8.0,0
2025-03-18,2025,1,CHC,LAD,1.0,4.0,0
2025-03-19,2025,1,CHC,LAD,3.0,6.0,0
2025-03-27,2025,1,STL,MIN,5.0,3.0,1
2025-03-27,2025,1,WSH,PHI,3.0,7.0,0
2025-03-27,2025,1,MIA,PIT,5.0,4.0,1
2025-03-27,2025,1,TOR,BAL,2.0,12.0,0
2025-03-27,2025,1,LAD,DET,5.0,4.0,1
2025-03-27,2025,1,SEA,ATH,4.0,2.0,1
2025-03-27,2025,1,ARI,CHC,6.0,10.0,0
2025-03-27,2025,1,KC,CLE,4.0,7.0,0
2025-03-27,2025,1,HOU,NYM,3.0,1.0,1
2025-03-27,2025,1,TEX,BOS,2.0,5.0,0
2025-03-27,2025,1,CIN,SF,4.0,6.0,0
2025-03-27,2025,1,SD,ATL,7.0,4.0,1
2025-03-27,2025,1,CWS,LAA,8.0,1.0,1
2025-03-27,2025,1,NYY,MIL,4.0,2.0,1
2025-03-28,2025,1,TEX,BOS,4.0,1.0,1
2025-03-28,2025,1,SD,ATL,4.0,3.0,1
2025-03-28,2025,1,TOR,BAL,8.0,2.0,1
2025-03-28,2025,1,SEA,ATH,0.0,7.0,0
2025-03-28,2025,1,TB,COL,3.0,2.0,1
2025-03-28,2025,1,MIA,PIT,3.0,4.0,0
2025-03-28,2025,1,LAD,DET,8.0,5.0,1
2025-03-28,2025,1,HOU,NYM,1.0,3.0,0
2025-03-28,2025,1,ARI,CHC,8.0,1.0,1
2025-03-29,2025,1,MIA,PIT,5.0,4.0,1
2025-03-29,2025,1,LAD,DET,7.0,3.0,1
2025-03-29,2025,1,SD,ATL,1.0,0.0,1
2025-03-29,2025,1,KC,CLE,4.0,3.0,1
2025-03-29,2025,1,HOU,NYM,2.0,1.0,1
2025-03-29,2025,1,SEA,ATH,2.0,4.0,0
2025-03-29,2025,1,CIN,SF,3.0,2.0,1
2025-03-29,2025,1,CWS,LAA,0.0,1.0,0
2025-03-29,2025,1,NYY,MIL,20.0,9.0,1
2025-03-29,2025,1,TB,COL,1.0,2.0,0
2025-03-29,2025,1,STL,MIN,5.0,1.0,1
2025-03-29,2025,1,TOR,BAL,5.0,9.0,0
2025-03-29,2025,1,WSH,PHI,6.0,11.0,0
2025-03-29,2025,1,ARI,CHC,3.0,4.0,0
2025-03-29,2025,1,TEX,BOS,4.0,3.0,1
2025-03-30,2025,1,CIN,SF,3.0,6.0,0
2025-03-30,2025,1,SD,ATL,5.0,0.0,1
2025-03-30,2025,1,STL,MIN,9.0,2.0,1
2025-03-30,2025,1,SEA,ATH,2.0,1.0,1
2025-03-30,2025,1,KC,CLE,2.0,6.0,0
2025-03-30,2025,1,TOR,BAL,3.0,1.0,1
2025-03-30,2025,1,MIA,PIT,3.0,2.0,1
2025-03-30,2025,1,ARI,CHC,10.0,6.0,1
2025-03-30,2025,1,NYY,MIL,12.0,3.0,1
2025-03-30,2025,1,TB,COL,6.0,4.0,1
2025-03-30,2025,1,TEX,BOS,3.0,2.0,1
2025-03-30,2025,1,WSH,PHI,5.0,1.0,1
2025-03-30,2025,1,CWS,LAA,2.0,3.0,0
2025-03-31,2025,1,LAD,ATL,6.0,1.0,1
2025-03-31,2025,1,HOU,SF,2.0,7.0,0
2025-03-31,2025,1,BAL,BOS,8.0,5.0,1
2025-03-31,2025,1,MIL,KC,1.0,11.0,0
2025-03-31,2025,1,ATH,CHC,3.0,18.0,0
2025-03-31,2025,1,CIN,TEX,14.0,3.0,1
2025-03-31,2025,1,PHI,COL,6.0,1.0,1
2025-03-31,2025,1,STL,LAA,4.0,5.0,0
2025-03-31,2025,1,TOR,WSH,5.0,2.0,1
2025-03-31,2025,1,CWS,MIN,9.0,0.0,1
2025-03-31,2025,1,TB,PIT,6.0,1.0,1
2025-03-31,2025,1,SD,CLE,7.0,2.0,1
2025-03-31,2025,1,MIA,NYM,4.0,10.0,0
2025-03-31,2025,1,SEA,DET,6.0,9.0,0
2025-04-01,2025,1,MIA,NYM,4.0,2.0,1
2025-04-01,2025,1,TOR,WSH,5.0,3.0,1
2025-04-01,2025,1,NYY,ARI,5.0,7.0,0
2025-04-01,2025,1,ATH,CHC,4.0,7.0,0
2025-04-01,2025,1,LAD,ATL,3.0,1.0,1
2025-04-01,2025,1,SD,CLE,7.0,0.0,1
2025-04-01,2025,1,MIL,KC,5.0,0.0,1
2025-04-01,2025,1,SEA,DET,1.0,4.0,0
2025-04-01,2025,1,TB,PIT,7.0,0.0,1
2025-04-01,2025,1,STL,LAA,7.0,9.0,0
2025-04-01,2025,1,CWS,MIN,3.0,8.0,0
2025-04-01,2025,1,HOU,SF,1.0,3.0,0
2025-04-01,2025,1,CIN,TEX,0.0,1.0,0
2025-04-02,2025,1,SD,CLE,5.0,2.0,1
2025-04-02,2025,1,TB,PIT,2.0,4.0,0
2025-04-02,2025,1,ATH,CHC,2.0,10.0,0
2025-04-02,2025,1,NYY,ARI,3.0,4.0,0
2025-04-02,2025,1,STL,LAA,12.0,5.0,1
2025-04-02,2025,1,PHI,COL,5.0,1.0,1
2025-04-02,2025,1,MIL,KC,3.0,2.0,1
2025-04-02,2025,1,MIA,NYM,5.0,6.0,0
2025-04-02,2025,1,CWS,MIN,1.0,6.0,0
2025-04-02,2025,1,BAL,BOS,0.0,3.0,0
2025-04-02,2025,1,SEA,DET,3.0,2.0,1
2025-04-02,2025,1,TOR,WSH,4.0,2.0,1
2025-04-02,2025,1,LAD,ATL,6.0,5.0,1
2025-04-02,2025,1,CIN,TEX,0.0,1.0,0
2025-04-02,2025,1,HOU,SF,3.0,6.0,0
2025-04-03,2025,1,NYY,ARI,9.0,7.0,1
2025-04-03,2025,1,MIL,CIN,1.0,0.0,1
2025-04-03,2025,1,MIN,HOU,2.0,5.0,0
2025-04-03,2025,1,PHI,COL,3.0,1.0,1
2025-04-03,2025,1,BAL,BOS,4.0,8.0,0
2025-04-04,2025,1,LAA,CLE,6.0,8.0,0
2025-04-04,2025,1,COL,ATH,3.0,6.0,0
2025-04-04,2025,1,KC,BAL,8.0,2.0,1
2025-04-04,2025,1,MIL,CIN,3.0,2.0,1
2025-04-04,2025,1,DET,CWS,7.0,4.0,1
2025-04-04,2025,1,WSH,ARI,4.0,6.0,0
2025-04-04,2025,1,CHC,SD,3.0,1.0,1
2025-04-04,2025,1,NYM,TOR,5.0,0.0,1
2025-04-04,2025,1,BOS,STL,13.0,9.0,1
2025-04-04,2025,1,TEX,TB,5.0,2.0,1
2025-04-04,2025,1,PHI,LAD,3.0,2.0,1
2025-04-04,2025,1,SF,SEA,10.0,9.0,1
2025-04-04,2025,1,ATL,MIA,10.0,0.0,1
2025-04-04,2025,1,PIT,NYY,4.0,9.0,0
2025-04-05,2025,1,SF,SEA,4.0,1.0,1
2025-04-05,2025,1,PHI,LAD,1.0,3.0,0
2025-04-05,2025,1,MIL,CIN,7.0,11.0,0
2025-04-05,2025,1,MIN,HOU,6.0,1.0,1
2025-04-05,2025,1,COL,ATH,4.0,7.0,0
2025-04-05,2025,1,DET,CWS,7.0,2.0,1
2025-04-05,2025,1,PIT,NYY,4.0,10.0,0
2025-04-05,2025,1,ATL,MIA,0.0,4.0,0
2025-04-05,2025,1,TEX,TB,6.0,4.0,1
2025-04-05,2025,1,WSH,ARI,4.0,3.0,1
2025-04-05,2025,1,CHC,SD,7.0,1.0,1
2025-04-05,2025,1,LAA,CLE,10.0,4.0,1
2025-04-05,2025,1,KC,BAL,1.0,8.0,0
2025-04-05,2025,1,NYM,TOR,3.0,2.0,1
2025-04-06,2025,1,TEX,TB,4.0,3.0,1
2025-04-06,2025,1,COL,ATH,12.0,5.0,1
2025-04-06,2025,1,LAA,CLE,6.0,2.0,1
2025-04-06,2025,1,PIT,NYY,5.0,4.0,1
2025-04-06,2025,1,KC,BAL,4.0,1.0,1
2025-04-06,2025,1,DET,CWS,4.0,3.0,1
2025-04-06,2025,1,WSH,ARI,5.0,4.0,1
2025-04-06,2025,1,NYM,TOR,2.0,1.0,1
2025-04-06,2025,2,BOS,STL,18.0,7.0,1
2025-04-06,2025,1,CHC,SD,7.0,8.0,0
2025-04-06,2025,1,BOS,STL,5.0,4.0,1
2025-04-06,2025,1,MIN,HOU,7.0,9.0,0
2025-04-06,2025,1,SF,SEA,5.0,4.0,1
2025-04-06,2025,1,MIL,CIN,8.0,2.0,1
2025-04-06,2025,1,PHI,LAD,8.0,7.0,1
2025-04-07,2025,1,CHC,TEX,7.0,0.0,1
2025-04-07,2025,1,KC,MIN,4.0,2.0,1
2025-04-07,2025,1,ATH,SD,4.0,5.0,0
2025-04-07,2025,1,WSH,LAD,6.0,4.0,1
2025-04-07,2025,1,BOS,TOR,2.0,6.0,0
2025-04-07,2025,1,PIT,STL,8.0,4.0,1
2025-04-07,2025,1,SEA,HOU,4.0,3.0,1
2025-04-07,2025,1,SF,CIN,0.0,2.0,0
2025-04-07,2025,1,DET,NYY,6.0,2.0,1
2025-04-07,2025,1,ARI,BAL,1.0,5.0,0
2025-04-07,2025,1,NYM,MIA,2.0,0.0,1
2025-04-08,2025,1,CHC,TEX,10.0,6.0,1
2025-04-08,2025,1,WSH,LAD,8.0,2.0,1
2025-04-08,2025,1,DET,NYY,5.0,0.0,1
2025-04-08,2025,1,BOS,TOR,1.0,6.0,0
2025-04-08,2025,1,SEA,HOU,1.0,2.0,0
2025-04-08,2025,1,ARI,BAL,4.0,3.0,1
2025-04-08,2025,1,CLE,CWS,1.0,0.0,1
2025-04-08,2025,1,COL,MIL,1.0,7.0,0
2025-04-08,2025,1,SF,CIN,0.0,1.0,0
2025-04-08,2025,1,TB,LAA,3.0,4.0,0
2025-04-08,2025,1,NYM,MIA,10.0,5.0,1
2025-04-08,2025,1,KC,MIN,2.0,1.0,1
2025-04-08,2025,1,PIT,STL,3.0,5.0,0
2025-04-08,2025,1,ATH,SD,10.0,4.0,1
2025-04-08,2025,1,ATL,PHI,7.0,5.0,1
2025-04-09,2025,1,PIT,STL,2.0,1.0,1
2025-04-09,2025,1,COL,MIL,2.0,17.0,0
2025-04-09,2025,1,CLE,CWS,3.0,2.0,1
2025-04-09,2025,1,CHC,TEX,2.0,6.0,0
2025-04-09,2025,1,DET,NYY,3.0,4.0,0
2025-04-09,2025,1,NYM,MIA,0.0,5.0,0
2025-04-09,2025,1,ATL,PHI,3.0,4.0,0
2025-04-09,2025,1,ATH,SD,1.0,2.0,0
2025-04-09,2025,1,KC,MIN,0.0,4.0,0
2025-04-09,2025,1,SEA,HOU,7.0,6.0,1
2025-04-09,2025,1,WSH,LAD,5.0,6.0,0
2025-04-09,2025,1,BOS,TOR,1.0,2.0,0
2025-04-09,2025,1,TB,LAA,5.0,4.0,1
2025-04-09,2025,1,ARI,BAL,9.0,0.0,1
2025-04-09,2025,1,SF,CIN,8.0,6.0,1
2025-04-10,2025,1,BOS,TOR,4.0,3.0,1
2025-04-10,2025,1,CLE,CWS,6.0,1.0,1
2025-04-10,2025,1,COL,MIL,7.0,2.0,1
2025-04-10,2025,1,ATL,PHI,4.0,2.0,1
2025-04-10,2025,1,KC,MIN,3.0,2.0,1
2025-04-10,2025,1,TB,LAA,1.0,11.0,0
2025-04-11,2025,1,CIN,PIT,5.0,3.0,1
2025-04-11,2025,1,MIN,DET,6.0,7.0,0
2025-04-11,2025,1,CLE,KC,7.0,0.0,1
2025-04-11,2025,1,STL,PHI,2.0,0.0,1
2025-04-11,2025,1,NYY,SF,1.0,9.0,0
2025-04-11,2025,1,CWS,BOS,11.0,1.0,1
2025-04-11,2025,1,ATH,NYM,6.0,7.0,0
2025-04-11,2025,1,LAD,CHC,3.0,0.0,1
2025-04-11,2025,1,ARI,MIL,0.0,7.0,0
2025-04-11,2025,1,TB,ATL,6.0,3.0,1
2025-04-11,2025,1,SD,COL,8.0,0.0,1
2025-04-11,2025,1,SEA,TEX,5.0,3.0,1
2025-04-11,2025,1,HOU,LAA,14.0,3.0,1
2025-04-11,2025,1,MIA,WSH,4.0,7.0,0
2025-04-12,2025,1,ATH,NYM,3.0,1.0,1
2025-04-12,2025,1,STL,PHI,1.0,4.0,0
2025-04-12,2025,1,TB,ATL,4.0,5.0,0
2025-04-12,2025,1,CWS,BOS,3.0,2.0,1
2025-04-12,2025,1,BAL,TOR,5.0,4.0,1
2025-04-12,2025,1,MIN,DET,0.0,4.0,0
2025-04-12,2025,1,NYY,SF,8.0,4.0,1
2025-04-12,2025,1,SD,COL,2.0,0.0,1
2025-04-12,2025,1,HOU,LAA,1.0,4.0,0
2025-04-12,2025,1,SEA,TEX,9.0,2.0,1
2025-04-12,2025,1,ARI,MIL,5.0,4.0,1
2025-04-12,2025,1,LAD,CHC,0.0,16.0,0
2025-04-12,2025,1,CLE,KC,6.0,3.0,1
2025-04-12,2025,1,MIA,WSH,7.0,6.0,1
2025-04-12,2025,1,CIN,PIT,5.0,2.0,1
2025-04-13,2025,1,CLE,KC,2.0,4.0,0
2025-04-13,2025,1,CWS,BOS,1.0,3.0,0
2025-04-13,2025,1,STL,PHI,7.0,0.0,1
2025-04-13,2025,1,ATH,NYM,0.0,8.0,0
2025-04-13,2025,1,TB,ATL,8.0,3.0,1
2025-04-13,2025,1,CIN,PIT,4.0,0.0,1
2025-04-13,2025,1,HOU,LAA,7.0,3.0,1
2025-04-13,2025,1,MIN,DET,5.0,1.0,1
2025-04-13,2025,1,MIA,WSH,11.0,4.0,1
2025-04-13,2025,1,NYY,SF,4.0,5.0,0
2025-04-13,2025,1,SD,COL,6.0,0.0,1
2025-04-13,2025,1,LAD,CHC,2.0,4.0,0
2025-04-13,2025,1,SEA,TEX,3.0,1.0,1
2025-04-13,2025,1,ARI,MIL,5.0,2.0,1
2025-04-13,2025,1,BAL,TOR,6.0,7.0,0
2025-04-14,2025,1,SD,CHC,10.0,4.0,1
2025-04-14,2025,1,LAD,COL,5.0,3.0,1
2025-04-14,2025,1,TB,BOS,16.0,1.0,1
2025-04-14,2025,1,NYY,KC,4.0,1.0,1
2025-04-14,2025,1,STL,HOU,8.0,3.0,1
2025-04-14,2025,1,MIL,DET,1.0,9.0,0
2025-04-14,2025,1,PHI,SF,4.0,10.0,0
2025-04-14,2025,1,TOR,ATL,4.0,8.0,0
2025-04-14,2025,1,PIT,WSH,10.0,3.0,1
2025-04-14,2025,1,MIN,NYM,1.0,5.0,0
2025-04-15,2025,1,CWS,ATH,3.0,12.0,0
2025-04-15,2025,1,SD,CHC,1.0,2.0,0
2025-04-15,2025,1,BAL,CLE,3.0,6.0,0
2025-04-15,2025,1,TOR,ATL,6.0,3.0,1
2025-04-15,2025,1,LAD,COL,6.0,2.0,1
2025-04-15,2025,1,PIT,WSH,0.0,3.0,0
2025-04-15,2025,1,MIN,NYM,6.0,3.0,1
2025-04-15,2025,1,TB,BOS,4.0,7.0,0
2025-04-15,2025,1,MIA,ARI,4.0,10.0,0
2025-04-15,2025,1,TEX,LAA,4.0,0.0,1
2025-04-15,2025,1,MIL,DET,5.0,0.0,1
2025-04-15,2025,1,NYY,KC,4.0,2.0,1
2025-04-15,2025,1,PHI,SF,6.0,4.0,1
2025-04-15,2025,1,CIN,SEA,8.0,4.0,1
2025-04-15,2025,1,STL,HOU,0.0,2.0,0
2025-04-16,2025,1,MIN,NYM,4.0,3.0,1
2025-04-16,2025,1,MIL,DET,5.0,1.0,1
2025-04-16,2025,1,TOR,ATL,3.0,1.0,1
2025-04-16,2025,1,BAL,CLE,9.0,1.0,1
2025-04-16,2025,1,TEX,LAA,3.0,1.0,1
2025-04-16,2025,1,PIT,WSH,6.0,1.0,1
2025-04-16,2025,1,STL,HOU,4.0,1.0,1
2025-04-16,2025,1,TB,BOS,0.0,1.0,0
2025-04-16,2025,1,PHI,SF,4.0,11.0,0
2025-04-16,2025,1,SD,CHC,4.0,2.0,1
2025-04-16,2025,1,CWS,ATH,1.0,3.0,0
2025-04-16,2025,1,CIN,SEA,3.0,5.0,0
2025-04-16,2025,1,NYY,KC,4.0,3.0,1
2025-04-16,2025,1,LAD,COL,8.0,7.0,1
2025-04-16,2025,1,MIA,ARI,2.0,6.0,0
2025-04-17,2025,1,TB,NYY,3.0,6.0,0
2025-04-17,2025,1,TEX,LAA,5.0,3.0,1
2025-04-17,2025,1,BAL,CLE,6.0,2.0,1
2025-04-17,2025,1,NYM,STL,4.0,1.0,1
2025-04-17,2025,1,CWS,ATH,0.0,8.0,0
2025-04-17,2025,1,CIN,SEA,7.0,11.0,0
2025-04-17,2025,1,PHI,SF,6.0,4.0,1
2025-04-17,2025,1,PIT,WSH,1.0,0.0,1
2025-04-17,2025,1,DET,KC,6.0,1.0,1
2025-04-17,2025,1,MIA,ARI,4.0,6.0,0
2025-04-18,2025,1,PIT,CLE,7.0,10.0,0
2025-04-18,2025,1,BAL,CIN,3.0,8.0,0
2025-04-18,2025,1,ATL,MIN,6.0,4.0,1
2025-04-18,2025,1,PHI,MIA,7.0,2.0,1
2025-04-18,2025,1,TEX,LAD,0.0,3.0,0
2025-04-18,2025,1,BOS,CWS,10.0,3.0,1
2025-04-18,2025,1,TB,NYY,0.0,1.0,0
2025-04-18,2025,1,DET,KC,7.0,3.0,1
2025-04-18,2025,1,TOR,SEA,3.0,1.0,1
2025-04-18,2025,1,MIL,ATH,5.0,3.0,1
2025-04-18,2025,1,CHC,ARI,13.0,11.0,1
2025-04-18,2025,1,LAA,SF,2.0,0.0,1
2025-04-18,2025,1,NYM,STL,5.0,4.0,1
2025-04-18,2025,1,HOU,SD,6.0,4.0,1
2025-04-19,2025,1,NYM,STL,3.0,0.0,1
2025-04-19,2025,1,PHI,MIA,11.0,10.0,1
2025-04-19,2025,1,DET,KC,3.0,1.0,1
2025-04-19,2025,1,ATL,MIN,4.0,3.0,1
2025-04-19,2025,1,MIL,ATH,1.0,3.0,0
2025-04-19,2025,1,TOR,SEA,4.0,8.0,0
2025-04-19,2025,1,BAL,CIN,9.0,5.0,1
2025-04-19,2025,1,LAA,SF,2.0,3.0,0
2025-04-19,2025,1,CHC,ARI,6.0,2.0,1
2025-04-19,2025,1,HOU,SD,3.0,2.0,1
2025-04-19,2025,1,COL,WSH,11.0,12.0,0
2025-04-19,2025,1,TEX,LAD,4.0,3.0,1
2025-04-19,2025,1,TB,NYY,10.0,8.0,1
2025-04-19,2025,1,BOS,CWS,4.0,3.0,1
2025-04-19,2025,1,PIT,CLE,0.0,3.0,0
2025-04-20,2025,1,TB,NYY,0.0,4.0,0
2025-04-20,2025,2,COL,WSH,3.0,1.0,1
2025-04-20,2025,1,PHI,MIA,5.0,7.0,0
2025-04-20,2025,1,MIL,ATH,14.0,1.0,1
2025-04-20,2025,1,BOS,CWS,4.0,8.0,0
2025-04-20,2025,1,LAA,SF,5.0,4.0,1
2025-04-20,2025,1,BAL,CIN,2.0,24.0,0
2025-04-20,2025,1,PIT,CLE,4.0,5.0,0
2025-04-20,2025,1,HOU,SD,2.0,3.0,0
2025-04-20,2025,1,DET,KC,3.0,4.0,0
2025-04-20,2025,1,TEX,LAD,0.0,1.0,0
2025-04-20,2025,1,COL,WSH,2.0,3.0,0
2025-04-20,2025,1,NYM,STL,7.0,4.0,1
2025-04-20,2025,1,ATL,MIN,6.0,2.0,1
2025-04-20,2025,1,CHC,ARI,2.0,3.0,0
2025-04-20,2025,1,TOR,SEA,3.0,8.0,0
2025-04-21,2025,1,HOU,TOR,7.0,0.0,1
2025-04-21,2025,1,BOS,CWS,4.0,2.0,1
2025-04-21,2025,1,CLE,NYY,6.0,4.0,1
2025-04-21,2025,1,DET,SD,6.0,4.0,1
2025-04-21,2025,1,NYM,PHI,5.0,4.0,1
2025-04-21,2025,1,MIA,CIN,6.0,3.0,1
2025-04-21,2025,1,SF,MIL,5.0,2.0,1
2025-04-21,2025,1,ATL,STL,7.0,6.0,1
2025-04-22,2025,1,MIN,CWS,4.0,2.0,1
2025-04-22,2025,1,BOS,SEA,8.0,3.0,1
2025-04-22,2025,1,ATH,TEX,5.0,8.0,0
2025-04-22,2025,1,HOU,TOR,5.0,1.0,1
2025-04-22,2025,1,DET,SD,0.0,2.0,0
2025-04-22,2025,1,LAA,PIT,3.0,9.0,0
2025-04-22,2025,1,MIA,CIN,4.0,3.0,1
2025-04-22,2025,1,WSH,BAL,7.0,0.0,1
2025-04-22,2025,1,ARI,TB,5.0,1.0,1
2025-04-22,2025,1,CHC,LAD,11.0,10.0,1
2025-04-22,2025,1,SF,MIL,3.0,11.0,0
2025-04-22,2025,1,KC,COL,4.0,3.0,1
2025-04-22,2025,1,ATL,STL,4.0,10.0,0
2025-04-22,2025,1,NYM,PHI,5.0,1.0,1
2025-04-22,2025,1,CLE,NYY,3.0,2.0,1
2025-04-23,2025,1,CLE,NYY,1.0,5.0,0
2025-04-23,2025,1,HOU,TOR,3.0,1.0,1
2025-04-23,2025,1,MIN,CWS,6.0,3.0,1
2025-04-23,2025,1,LAA,PIT,0.0,3.0,0
2025-04-23,2025,1,MIA,CIN,2.0,5.0,0
2025-04-23,2025,1,BOS,SEA,5.0,8.0,0
2025-04-23,2025,1,SF,MIL,4.0,2.0,1
2025-04-23,2025,1,ATL,STL,4.0,1.0,1
2025-04-23,2025,1,NYM,PHI,4.0,3.0,1
2025-04-23,2025,1,ATH,TEX,5.0,2.0,1
2025-04-23,2025,1,WSH,BAL,4.0,3.0,1
2025-04-23,2025,1,ARI,TB,6.0,7.0,0
2025-04-23,2025,1,CHC,LAD,7.0,6.0,1
2025-04-23,2025,1,DET,SD,6.0,0.0,1
2025-04-24,2025,1,BOS,SEA,3.0,4.0,0
2025-04-24,2025,1,MIN,CWS,0.0,3.0,0
2025-04-24,2025,1,ARI,TB,4.0,7.0,0
2025-04-24,2025,1,LAA,PIT,4.0,3.0,1
2025-04-24,2025,1,SF,MIL,6.0,5.0,1
2025-04-24,2025,1,WSH,BAL,1.0,2.0,0
2025-04-24,2025,2,KC,COL,6.0,2.0,1
2025-04-24,2025,1,ATH,TEX,4.0,3.0,1
2025-04-24,2025,1,KC,COL,7.0,4.0,1
2025-04-25,2025,1,ARI,ATL,2.0,8.0,0
2025-04-25,2025,1,MIN,LAA,11.0,4.0,1
2025-04-25,2025,1,COL,CIN,7.0,8.0,0
2025-04-25,2025,1,SD,TB,0.0,1.0,0
2025-04-25,2025,1,ATH,CWS,6.0,5.0,1
2025-04-25,2025,1,SF,TEX,0.0,2.0,0
2025-04-25,2025,1,LAD,PIT,0.0,3.0,0
2025-04-25,2025,1,CHC,PHI,4.0,0.0,1
2025-04-25,2025,1,NYY,TOR,2.0,4.0,0
2025-04-25,2025,1,SEA,MIA,4.0,8.0,0
2025-04-25,2025,1,WSH,NYM,5.0,4.0,1
2025-04-25,2025,1,STL,MIL,3.0,2.0,1
2025-04-25,2025,1,KC,HOU,2.0,0.0,1
2025-04-26,2025,1,ATH,CWS,3.0,10.0,0
2025-04-26,2025,1,SEA,MIA,14.0,0.0,1
2025-04-26,2025,1,SD,TB,1.0,4.0,0
2025-04-26,2025,1,COL,CIN,4.0,6.0,0
2025-04-26,2025,1,MIN,LAA,5.0,1.0,1
2025-04-26,2025,2,CLE,BOS,3.0,7.0,0
2025-04-26,2025,1,STL,MIL,6.0,5.0,1
2025-04-26,2025,1,WSH,NYM,0.0,2.0,0
2025-04-26,2025,1,ARI,ATL,7.0,8.0,0
2025-04-26,2025,1,SF,TEX,3.0,2.0,1
2025-04-26,2025,1,LAD,PIT,8.0,4.0,1
2025-04-26,2025,1,KC,HOU,2.0,0.0,1
2025-04-26,2025,1,DET,BAL,4.0,3.0,1
2025-04-26,2025,2,DET,BAL,6.0,2.0,1
2025-04-26,2025,1,CHC,PHI,4.0,10.0,0
2025-04-26,2025,1,CLE,BOS,5.0,4.0,1
2025-04-27,2025,1,KC,HOU,3.0,7.0,0
2025-04-27,2025,1,STL,MIL,1.0,7.0,0
2025-04-27,2025,1,DET,BAL,7.0,0.0,1
2025-04-27,2025,1,SF,TEX,3.0,2.0,1
2025-04-27,2025,1,NYY,TOR,11.0,2.0,1
2025-04-27,2025,1,WSH,NYM,8.0,7.0,1
2025-04-27,2025,1,SEA,MIA,7.0,6.0,1
2025-04-27,2025,1,SD,TB,2.0,4.0,0
2025-04-27,2025,1,COL,CIN,1.0,8.0,0
2025-04-27,2025,2,NYY,TOR,5.0,1.0,1
2025-04-27,2025,1,ARI,ATL,6.0,4.0,1
2025-04-27,2025,1,ATH,CWS,3.0,2.0,1
2025-04-27,2025,1,CLE,BOS,3.0,13.0,0
2025-04-27,2025,1,LAD,PIT,9.0,2.0,1
2025-04-27,2025,1,CHC,PHI,1.0,3.0,0
2025-04-27,2025,1,MIN,LAA,5.0,0.0,1
2025-04-28,2025,1,CLE,MIN,1.0,11.0,0
2025-04-28,2025,1,WSH,NYM,5.0,19.0,0
2025-04-28,2025,1,BAL,NYY,4.0,3.0,1
2025-04-28,2025,1,HOU,DET,8.0,5.0,1
2025-04-28,2025,1,CIN,STL,3.0,1.0,1
2025-04-28,2025,1,LAD,MIA,7.0,6.0,1
2025-04-28,2025,1,COL,ATL,3.0,6.0,0
2025-04-28,2025,1,TEX,ATH,1.0,2.0,0
2025-04-29,2025,1,TB,KC,1.0,3.0,0
2025-04-29,2025,1,SD,SF,7.0,4.0,1
2025-04-29,2025,1,TEX,ATH,15.0,2.0,1
2025-04-29,2025,1,SEA,LAA,5.0,3.0,1
2025-04-29,2025,1,NYM,ARI,8.0,3.0,1
2025-04-29,2025,1,LAD,MIA,15.0,2.0,1
2025-04-29,2025,1,CLE,MIN,2.0,1.0,1
2025-04-29,2025,1,PHI,WSH,7.0,6.0,1
2025-04-29,2025,1,BAL,NYY,3.0,15.0,0
2025-04-29,2025,1,TOR,BOS,2.0,10.0,0
2025-04-29,2025,1,COL,ATL,2.0,8.0,0
2025-04-29,2025,1,PIT,CHC,0.0,9.0,0
2025-04-29,2025,1,HOU,DET,6.0,4.0,1
2025-04-29,2025,1,CWS,MIL,2.0,7.0,0
2025-04-30,2025,1,CLE,MIN,4.0,2.0,1
2025-04-30,2025,1,NYM,ARI,3.0,4.0,0
2025-04-30,2025,1,TEX,ATH,1.0,7.0,0
2025-04-30,2025,1,HOU,DET,4.0,7.0,0
2025-04-30,2025,1,TB,KC,0.0,3.0,0
2025-04-30,2025,1,LAD,MIA,12.0,7.0,1
2025-04-30,2025,1,CIN,STL,0.0,6.0,0
2025-04-30,2025,1,PIT,CHC,4.0,3.0,1
2025-04-30,2025,1,PHI,WSH,7.0,2.0,1
2025-04-30,2025,1,SEA,LAA,9.0,3.0,1
2025-04-30,2025,1,CWS,MIL,4.0,6.0,0
2025-04-30,2025,1,TOR,BOS,7.0,6.0,1
2025-04-30,2025,2,CIN,STL,1.0,9.0,0
2025-04-30,2025,1,SD,SF,5.0,3.0,1
2025-04-30,2025,1,COL,ATL,2.0,1.0,1
2025-04-30,2025,1,BAL,NYY,5.0,4.0,1
2025-05-01,2025,1,CIN,STL,9.0,1.0,1
2025-05-01,2025,1,TB,KC,2.0,8.0,0
2025-05-01,2025,1,LAA,DET,4.0,10.0,0
2025-05-01,2025,1,TOR,BOS,4.0,2.0,1
2025-05-01,2025,1,NYM,ARI,2.0,4.0,0
2025-05-01,2025,1,CLE,MIN,4.0,3.0,1
2025-05-01,2025,1,PHI,WSH,2.0,4.0,0
2025-05-01,2025,1,TEX,ATH,0.0,3.0,0
2025-05-01,2025,1,CWS,MIL,8.0,0.0,1
2025-05-01,2025,1,SF,COL,3.0,4.0,0
2025-05-01,2025,1,PIT,CHC,3.0,8.0,0
2025-05-02,2025,1,STL,NYM,3.0,9.0,0
2025-05-02,2025,1,BAL,KC,3.0,0.0,1
2025-05-02,2025,1,LAA,DET,1.0,9.0,0
2025-05-02,2025,1,PIT,SD,4.0,9.0,0
2025-05-02,2025,1,SF,COL,4.0,0.0,1
2025-05-02,2025,1,MIL,CHC,0.0,10.0,0
2025-05-02,2025,1,BOS,MIN,6.0,1.0,1
2025-05-02,2025,1,TOR,CLE,5.0,3.0,1
2025-05-02,2025,1,PHI,ARI,3.0,2.0,1
2025-05-02,2025,1,NYY,TB,3.0,0.0,1
2025-05-02,2025,1,ATL,LAD,1.0,2.0,0
2025-05-02,2025,1,CIN,WSH,6.0,1.0,1
2025-05-02,2025,1,CWS,HOU,7.0,3.0,1
2025-05-02,2025,1,TEX,SEA,1.0,13.0,0
2025-05-02,2025,1,MIA,ATH,1.0,6.0,0
2025-05-03,2025,1,TOR,CLE,3.0,5.0,0
2025-05-03,2025,1,MIA,ATH,9.0,6.0,1
2025-05-03,2025,1,CWS,HOU,3.0,8.0,0
2025-05-03,2025,1,BAL,KC,0.0,4.0,0
2025-05-03,2025,1,PIT,SD,1.0,2.0,0
2025-05-03,2025,1,SF,COL,6.0,3.0,1
2025-05-03,2025,1,MIL,CHC,2.0,6.0,0
2025-05-03,2025,1,CIN,WSH,6.0,11.0,0
2025-05-03,2025,1,LAA,DET,5.0,2.0,1
2025-05-03,2025,1,PHI,ARI,7.0,2.0,1
2025-05-03,2025,1,NYY,TB,2.0,3.0,0
2025-05-03,2025,1,ATL,LAD,3.0,10.0,0
2025-05-03,2025,1,BOS,MIN,3.0,4.0,0
2025-05-03,2025,1,TEX,SEA,1.0,2.0,0
2025-05-04,2025,1,TOR,CLE,4.0,5.0,0
2025-05-04,2025,2,STL,NYM,5.0,4.0,1
2025-05-04,2025,1,STL,NYM,6.0,5.0,1
2025-05-04,2025,1,LAA,DET,1.0,13.0,0
2025-05-04,2025,1,NYY,TB,5.0,7.0,0
2025-05-04,2025,1,CIN,WSH,1.0,4.0,0
2025-05-04,2025,1,MIL,CHC,4.0,0.0,1
2025-05-04,2025,1,TEX,SEA,8.0,1.0,1
2025-05-04,2025,1,BAL,KC,6.0,11.0,0
2025-05-04,2025,1,PHI,ARI,9.0,11.0,0
2025-05-04,2025,1,ATL,LAD,4.0,3.0,1
2025-05-04,2025,1,CWS,HOU,5.0,4.0,1
2025-05-04,2025,1,BOS,MIN,4.0,5.0,0
2025-05-04,2025,1,MIA,ATH,2.0,3.0,0
2025-05-04,2025,1,SF,COL,9.0,3.0,1
2025-05-04,2025,1,PIT,SD,0.0,4.0,0
2025-05-05,2025,1,ATH,SEA,7.0,6.0,1
2025-05-05,2025,1,MIA,LAD,4.0,7.0,0
2025-05-05,2025,1,ATL,CIN,4.0,0.0,1
2025-05-05,2025,1,STL,PIT,6.0,3.0,1
2025-05-05,2025,1,KC,CWS,3.0,0.0,1
2025-05-05,2025,1,NYY,SD,3.0,4.0,0
2025-05-05,2025,1,ARI,NYM,4.0,5.0,0
2025-05-05,2025,1,MIL,HOU,5.0,1.0,1
2025-05-05,2025,1,CHC,SF,9.0,2.0,1
2025-05-06,2025,1,ATL,CIN,2.0,1.0,1
2025-05-06,2025,1,STL,PIT,2.0,1.0,1
2025-05-06,2025,1,MIL,HOU,4.0,3.0,1
2025-05-06,2025,1,WSH,CLE,10.0,9.0,1
2025-05-06,2025,2,WSH,CLE,1.0,9.0,0
2025-05-06,2025,1,ARI,NYM,5.0,1.0,1
2025-05-06,2025,1,KC,CWS,4.0,3.0,1
2025-05-06,2025,1,MIA,LAD,5.0,4.0,1
2025-05-06,2025,1,BOS,TEX,1.0,6.0,0
2025-05-06,2025,1,MIN,BAL,9.0,1.0,1
2025-05-06,2025,1,ATH,SEA,3.0,5.0,0
2025-05-06,2025,1,TB,PHI,4.0,8.0,0
2025-05-06,2025,1,LAA,TOR,8.0,3.0,1
2025-05-06,2025,1,CHC,SF,5.0,14.0,0
2025-05-06,2025,1,NYY,SD,12.0,3.0,1
2025-05-07,2025,1,ATL,CIN,3.0,4.0,0
2025-05-07,2025,1,WSH,CLE,6.0,8.0,0
2025-05-07,2025,1,LAA,TOR,5.0,4.0,1
2025-05-07,2025,1,COL,DET,6.0,8.0,0
2025-05-07,2025,1,ARI,NYM,1.0,7.0,0
2025-05-07,2025,1,TB,PHI,0.0,7.0,0
2025-05-07,2025,1,BOS,TEX,6.0,4.0,1
2025-05-07,2025,1,MIL,HOU,1.0,9.0,0
2025-05-07,2025,1,STL,PIT,5.0,0.0,1
2025-05-07,2025,1,NYY,SD,4.0,3.0,1
2025-05-07,2025,1,MIN,BAL,5.0,2.0,1
2025-05-07,2025,1,KC,CWS,2.0,1.0,1
2025-05-07,2025,1,CHC,SF,1.0,3.0,0
2025-05-07,2025,1,MIA,LAD,1.0,10.0,0
2025-05-07,2025,1,ATH,SEA,5.0,6.0,0
2025-05-08,2025,1,ARI,LAD,5.0,3.0,1
2025-05-08,2025,1,KC,CWS,10.0,0.0,1
2025-05-08,2025,1,TB,PHI,6.0,7.0,0
2025-05-08,2025,1,COL,DET,2.0,10.0,0
2025-05-08,2025,2,COL,DET,1.0,11.0,0
2025-05-08,2025,1,MIN,BAL,5.0,2.0,1
2025-05-08,2025,1,ATL,CIN,5.0,4.0,1
2025-05-08,2025,1,LAA,TOR,5.0,8.0,0
2025-05-08,2025,1,BOS,TEX,5.0,0.0,1
2025-05-09,2025,1,TB,MIL,4.0,3.0,1
2025-05-09,2025,1,CLE,PHI,6.0,0.0,1
2025-05-09,2025,1,MIN,SF,3.0,1.0,1
2025-05-09,2025,1,COL,SD,9.0,13.0,0
2025-05-09,2025,1,LAA,BAL,1.0,4.0,0
2025-05-09,2025,1,HOU,CIN,3.0,0.0,1
2025-05-09,2025,1,ARI,LAD,11.0,14.0,0
2025-05-09,2025,1,CWS,MIA,6.0,2.0,1
2025-05-09,2025,1,PIT,ATL,3.0,2.0,1
2025-05-09,2025,1,DET,TEX,2.0,1.0,1
2025-05-09,2025,1,SEA,TOR,3.0,6.0,0
2025-05-09,2025,1,NYM,CHC,7.0,2.0,1
2025-05-09,2025,1,ATH,NYY,2.0,10.0,0
2025-05-09,2025,1,WSH,STL,0.0,10.0,0
2025-05-09,2025,1,KC,BOS,2.0,1.0,1
2025-05-10,2025,1,COL,SD,0.0,21.0,0
2025-05-10,2025,1,WSH,STL,2.0,4.0,0
2025-05-10,2025,1,PIT,ATL,2.0,3.0,0
2025-05-10,2025,1,MIN,SF,2.0,1.0,1
2025-05-10,2025,1,ARI,LAD,3.0,0.0,1
2025-05-10,2025,1,HOU,CIN,9.0,13.0,0
2025-05-10,2025,1,TB,MIL,3.0,2.0,1
2025-05-10,2025,1,KC,BOS,1.0,10.0,0
2025-05-10,2025,1,DET,TEX,3.0,10.0,0
2025-05-10,2025,1,SEA,TOR,3.0,6.0,0
2025-05-10,2025,1,CLE,PHI,1.0,7.0,0
2025-05-10,2025,1,CWS,MIA,1.0,3.0,0
2025-05-10,2025,1,NYM,CHC,5.0,6.0,0
2025-05-10,2025,1,ATH,NYY,11.0,7.0,1
2025-05-10,2025,1,LAA,BAL,5.0,2.0,1
2025-05-11,2025,1,DET,TEX,1.0,6.0,0
2025-05-11,2025,1,SEA,TOR,1.0,9.0,0
2025-05-11,2025,1,CWS,MIA,4.0,2.0,1
2025-05-11,2025,1,ARI,LAD,1.0,8.0,0
2025-05-11,2025,1,HOU,CIN,6.0,0.0,1
2025-05-11,2025,1,ATH,NYY,2.0,12.0,0
2025-05-11,2025,1,PIT,ATL,4.0,3.0,1
2025-05-11,2025,1,LAA,BAL,3.0,7.0,0
2025-05-11,2025,1,MIN,SF,7.0,6.0,1
2025-05-11,2025,1,NYM,CHC,6.0,2.0,1
2025-05-11,2025,1,TB,MIL,2.0,4.0,0
2025-05-11,2025,1,WSH,STL,1.0,6.0,0
2025-05-11,2025,1,COL,SD,9.0,3.0,1
2025-05-11,2025,1,CLE,PHI,0.0,3.0,0
2025-05-11,2025,1,KC,BOS,1.0,3.0,0
2025-05-12,2025,1,SD,LAA,5.0,9.0,0
2025-05-12,2025,1,HOU,KC,5.0,7.0,0
2025-05-12,2025,1,SF,ARI,1.0,2.0,0
2025-05-12,2025,1,SEA,NYY,5.0,11.0,0
2025-05-12,2025,1,ATL,WSH,4.0,3.0,1
2025-05-12,2025,1,CLE,MIL,5.0,0.0,1
2025-05-12,2025,1,TEX,COL,2.0,1.0,1
2025-05-12,2025,1,DET,BOS,14.0,2.0,1
2025-05-12,2025,1,CHC,MIA,5.0,2.0,1
2025-05-12,2025,1,NYM,PIT,4.0,3.0,1
2025-05-12,2025,1,PHI,STL,2.0,3.0,0
2025-05-13,2025,1,CHC,MIA,5.0,4.0,1
2025-05-13,2025,1,SF,ARI,10.0,6.0,1
2025-05-13,2025,1,SEA,NYY,2.0,1.0,1
2025-05-13,2025,1,SD,LAA,6.0,4.0,1
2025-05-13,2025,1,TEX,COL,4.0,1.0,1
2025-05-13,2025,1,CIN,CWS,1.0,5.0,0
2025-05-13,2025,1,LAD,ATH,1.0,11.0,0
2025-05-13,2025,1,CLE,MIL,2.0,0.0,1
2025-05-13,2025,1,HOU,KC,2.0,1.0,1
2025-05-13,2025,1,DET,BOS,10.0,9.0,1
2025-05-13,2025,1,TOR,TB,9.0,11.0,0
2025-05-13,2025,1,ATL,WSH,5.0,2.0,1
2025-05-13,2025,1,NYM,PIT,2.0,1.0,1
2025-05-14,2025,1,NYM,PIT,0.0,4.0,0
2025-05-14,2025,1,HOU,KC,4.0,3.0,1
2025-05-14,2025,2,BAL,MIN,6.0,8.0,0
2025-05-14,2025,1,BAL,MIN,3.0,6.0,0
2025-05-14,2025,1,DET,BOS,6.0,5.0,1
2025-05-14,2025,1,ATL,WSH,4.0,5.0,0
2025-05-14,2025,1,SD,LAA,5.0,1.0,1
2025-05-14,2025,1,CIN,CWS,2.0,4.0,0
2025-05-14,2025,1,SF,ARI,7.0,8.0,0
2025-05-14,2025,1,SEA,NYY,2.0,3.0,0
2025-05-14,2025,1,TOR,TB,3.0,1.0,1
2025-05-14,2025,1,PHI,STL,2.0,1.0,1
2025-05-14,2025,2,PHI,STL,7.0,14.0,0
2025-05-14,2025,1,LAD,ATH,9.0,3.0,1
2025-05-14,2025,1,CLE,MIL,5.0,9.0,0
2025-05-14,2025,1,CHC,MIA,1.0,3.0,0
2025-05-14,2025,1,TEX,COL,8.0,3.0,1
2025-05-15,2025,1,CIN,CWS,7.0,1.0,1
2025-05-15,2025,1,ATL,WSH,5.0,2.0,1
2025-05-15,2025,1,TOR,TB,3.0,8.0,0
2025-05-15,2025,1,LAD,ATH,19.0,2.0,1
2025-05-15,2025,1,BAL,MIN,0.0,4.0,0
2025-05-15,2025,1,TEX,HOU,1.0,0.0,1
2025-05-16,2025,1,LAD,LAA,2.0,6.0,0
2025-05-16,2025,1,NYY,NYM,6.0,2.0,1
2025-05-16,2025,1,CIN,CLE,5.0,4.0,1
2025-05-16,2025,1,TEX,HOU,3.0,6.0,0
2025-05-16,2025,1,TOR,DET,4.0,5.0,0
2025-05-16,2025,1,MIA,TB,9.0,4.0,1
2025-05-16,2025,1,SD,SEA,1.0,5.0,0
2025-05-16,2025,1,MIL,MIN,0.0,3.0,0
2025-05-16,2025,1,CHC,CWS,13.0,3.0,1
2025-05-16,2025,1,PHI,PIT,8.0,4.0,1
2025-05-16,2025,1,SF,ATH,9.0,1.0,1
2025-05-16,2025,1,BAL,WSH,3.0,4.0,0
2025-05-16,2025,1,BOS,ATL,2.0,4.0,0
2025-05-16,2025,1,KC,STL,3.0,10.0,0
2025-05-16,2025,1,ARI,COL,8.0,0.0,1
2025-05-17,2025,1,MIA,TB,0.0,4.0,0
2025-05-17,2025,1,CIN,CLE,4.0,1.0,1
2025-05-17,2025,1,NYY,NYM,2.0,3.0,0
2025-05-17,2025,1,ARI,COL,12.0,14.0,0
2025-05-17,2025,1,TOR,DET,2.0,1.0,1
2025-05-17,2025,1,SF,ATH,1.0,0.0,1
2025-05-17,2025,1,CHC,CWS,7.0,3.0,1
2025-05-17,2025,1,BAL,WSH,6.0,10.0,0
2025-05-17,2025,1,BOS,ATL,7.0,6.0,1
2025-05-17,2025,1,PHI,PIT,5.0,2.0,1
2025-05-17,2025,1,SD,SEA,1.0,4.0,0
2025-05-17,2025,1,LAD,LAA,9.0,11.0,0
2025-05-17,2025,1,KC,STL,0.0,1.0,0
2025-05-17,2025,1,MIL,MIN,0.0,7.0,0
2025-05-17,2025,1,TEX,HOU,5.0,1.0,1
2025-05-18,2025,1,SD,SEA,1.0,6.0,0
2025-05-18,2025,1,CIN,CLE,3.0,1.0,1
2025-05-18,2025,1,BAL,WSH,4.0,10.0,0
2025-05-18,2025,1,CHC,CWS,6.0,2.0,1
2025-05-18,2025,1,LAD,LAA,4.0,6.0,0
2025-05-18,2025,1,KC,STL,2.0,1.0,1
2025-05-18,2025,1,PHI,PIT,1.0,0.0,1
2025-05-18,2025,1,MIL,MIN,5.0,2.0,1
2025-05-18,2025,1,SF,ATH,3.0,2.0,1
2025-05-18,2025,1,MIA,TB,5.0,1.0,1
2025-05-18,2025,1,TOR,DET,2.0,3.0,0
2025-05-18,2025,1,TEX,HOU,3.0,4.0,0
2025-05-18,2025,1,BOS,ATL,4.0,10.0,0
2025-05-18,2025,1,NYY,NYM,8.0,2.0,1
2025-05-18,2025,1,ARI,COL,1.0,0.0,1
2025-05-19,2025,1,MIA,CHC,8.0,7.0,1
2025-05-19,2025,1,TB,HOU,3.0,4.0,0
2025-05-19,2025,1,BOS,NYM,3.0,1.0,1
2025-05-19,2025,1,LAD,ARI,5.0,9.0,0
2025-05-19,2025,1,MIN,CLE,6.0,5.0,1
2025-05-19,2025,1,COL,PHI,3.0,9.0,0
2025-05-19,2025,1,ATH,LAA,3.0,4.0,0
2025-05-19,2025,1,PIT,CIN,1.0,7.0,0
2025-05-19,2025,1,STL,DET,11.0,4.0,1
2025-05-19,2025,1,MIL,BAL,5.0,4.0,1
2025-05-19,2025,1,SF,KC,1.0,3.0,0
2025-05-19,2025,1,CWS,SEA,1.0,5.0,0
2025-05-20,2025,1,WSH,ATL,5.0,3.0,1
2025-05-20,2025,1,LAD,ARI,4.0,3.0,1
2025-05-20,2025,1,STL,DET,4.0,5.0,0
2025-05-20,2025,1,COL,PHI,4.0,7.0,0
2025-05-20,2025,1,TOR,SD,3.0,0.0,1
2025-05-20,2025,1,TB,HOU,3.0,2.0,1
2025-05-20,2025,1,NYY,TEX,5.0,2.0,1
2025-05-20,2025,1,MIA,CHC,1.0,14.0,0
2025-05-20,2025,1,CWS,SEA,1.0,0.0,1
2025-05-20,2025,1,ATH,LAA,5.0,7.0,0
2025-05-20,2025,1,PIT,CIN,1.0,0.0,1
2025-05-20,2025,1,MIL,BAL,5.0,2.0,1
2025-05-20,2025,1,SF,KC,3.0,2.0,1
2025-05-20,2025,1,BOS,NYM,2.0,0.0,1
2025-05-21,2025,1,TB,HOU,8.0,4.0,1
2025-05-21,2025,1,BOS,NYM,1.0,5.0,0
2025-05-21,2025,1,STL,DET,1.0,5.0,0
2025-05-21,2025,1,MIL,BAL,4.0,8.0,0
2025-05-21,2025,1,CWS,SEA,5.0,6.0,0
2025-05-21,2025,1,LAD,ARI,3.0,1.0,1
2025-05-21,2025,1,ATH,LAA,5.0,10.0,0
2025-05-21,2025,1,COL,PHI,5.0,9.0,0
2025-05-21,2025,1,MIN,CLE,1.0,5.0,0
2025-05-21,2025,1,MIA,CHC,1.0,2.0,0
2025-05-21,2025,1,TOR,SD,14.0,0.0,1
2025-05-21,2025,1,PIT,CIN,3.0,1.0,1
2025-05-21,2025,1,SF,KC,4.0,8.0,0
2025-05-21,2025,1,NYY,TEX,4.0,3.0,1
2025-05-22,2025,1,ATH,LAA,5.0,10.0,0
2025-05-22,2025,1,DET,CLE,0.0,7.0,0
2025-05-22,2025,1,HOU,SEA,9.0,2.0,1
2025-05-22,2025,1,TOR,SD,7.0,6.0,1
2025-05-22,2025,1,WSH,ATL,8.0,7.0,1
2025-05-22,2025,1,COL,PHI,0.0,2.0,0
2025-05-22,2025,1,NYY,TEX,1.0,0.0,1
2025-05-22,2025,1,PIT,MIL,5.0,8.0,0
2025-05-23,2025,1,PIT,MIL,6.0,5.0,1
2025-05-23,2025,1,CIN,CHC,6.0,13.0,0
2025-05-23,2025,1,NYM,LAD,5.0,7.0,0
2025-05-23,2025,1,COL,NYY,3.0,2.0,1
2025-05-23,2025,1,ATH,PHI,3.0,4.0,0
2025-05-23,2025,1,LAA,MIA,7.0,4.0,1
2025-05-23,2025,1,STL,ARI,4.0,3.0,1
2025-05-23,2025,1,DET,CLE,1.0,3.0,0
2025-05-23,2025,1,CWS,TEX,4.0,1.0,1
2025-05-23,2025,1,HOU,SEA,3.0,5.0,0
2025-05-23,2025,1,MIN,KC,3.0,1.0,1
2025-05-23,2025,1,BOS,BAL,19.0,5.0,1
2025-05-23,2025,1,ATL,SD,1.0,2.0,0
2025-05-23,2025,1,TB,TOR,3.0,1.0,1
2025-05-23,2025,1,WSH,SF,0.0,4.0,0
2025-05-24,2025,1,BOS,BAL,6.0,5.0,1
2025-05-24,2025,1,PIT,MIL,2.0,1.0,1
2025-05-24,2025,1,STL,ARI,6.0,5.0,1
2025-05-24,2025,2,BOS,BAL,1.0,2.0,0
2025-05-24,2025,1,WSH,SF,3.0,0.0,1
2025-05-24,2025,1,ATH,PHI,6.0,9.0,0
2025-05-24,2025,1,NYM,LAD,5.0,2.0,1
2025-05-24,2025,1,CIN,CHC,6.0,4.0,1
2025-05-24,2025,1,HOU,SEA,2.0,1.0,1
2025-05-24,2025,1,LAA,MIA,2.0,6.0,0
2025-05-24,2025,1,CWS,TEX,10.0,5.0,1
2025-05-24,2025,1,ATL,SD,7.0,1.0,1
2025-05-24,2025,1,DET,CLE,5.0,7.0,0
2025-05-24,2025,1,TB,TOR,3.0,1.0,1
2025-05-24,2025,1,COL,NYY,1.0,13.0,0
2025-05-24,2025,1,MIN,KC,5.0,4.0,1
2025-05-25,2025,1,HOU,SEA,5.0,3.0,1
2025-05-25,2025,1,ATH,PHI,5.0,4.0,1
2025-05-25,2025,1,TB,TOR,13.0,0.0,1
2025-05-25,2025,1,PIT,MIL,5.0,6.0,0
2025-05-25,2025,1,LAA,MIA,0.0,3.0,0
2025-05-25,2025,1,ATL,SD,3.0,5.0,0
2025-05-25,2025,1,CIN,CHC,8.0,11.0,0
2025-05-25,2025,1,COL,NYY,4.0,5.0,0
2025-05-25,2025,1,BOS,BAL,1.0,5.0,0
2025-05-25,2025,1,CWS,TEX,4.0,5.0,0
2025-05-25,2025,1,MIN,KC,1.0,2.0,0
2025-05-25,2025,1,WSH,SF,2.0,3.0,0
2025-05-25,2025,1,NYM,LAD,3.0,1.0,1
2025-05-25,2025,1,STL,ARI,4.0,3.0,1
2025-05-25,2025,1,DET,CLE,5.0,0.0,1
2025-05-26,2025,1,ARI,PIT,5.0,0.0,1
2025-05-26,2025,1,KC,CIN,4.0,7.0,0
2025-05-26,2025,1,NYM,CWS,2.0,1.0,1
2025-05-26,2025,1,CLE,LAD,2.0,7.0,0
2025-05-26,2025,1,TB,MIN,7.0,2.0,1
2025-05-26,2025,1,DET,SF,3.0,1.0,1
2025-05-26,2025,1,MIL,BOS,3.0,2.0,1
2025-05-26,2025,1,TEX,TOR,1.0,2.0,0
2025-05-26,2025,1,BAL,STL,5.0,2.0,1
2025-05-26,2025,1,SD,MIA,4.0,3.0,1
2025-05-26,2025,1,CHC,COL,3.0,1.0,1
2025-05-26,2025,1,LAA,NYY,1.0,5.0,0
2025-05-27,2025,1,NYM,CWS,6.0,4.0,1
2025-05-27,2025,1,SD,MIA,8.0,6.0,1
2025-05-27,2025,1,ARI,PIT,6.0,9.0,0
2025-05-27,2025,1,PHI,ATL,2.0,0.0,1
2025-05-27,2025,1,DET,SF,3.0,1.0,1
2025-05-27,2025,1,CHC,COL,4.0,3.0,1
2025-05-27,2025,1,HOU,ATH,11.0,1.0,1
2025-05-27,2025,1,BAL,STL,4.0,7.0,0
2025-05-27,2025,1,TEX,TOR,2.0,0.0,1
2025-05-27,2025,1,CLE,LAD,5.0,9.0,0
2025-05-27,2025,1,SEA,WSH,9.0,1.0,1
2025-05-27,2025,1,LAA,NYY,2.0,3.0,0
2025-05-27,2025,1,MIL,BOS,5.0,1.0,1
2025-05-27,2025,1,TB,MIN,2.0,4.0,0
2025-05-27,2025,1,KC,CIN,2.0,7.0,0
2025-05-28,2025,1,ARI,PIT,1.0,10.0,0
2025-05-28,2025,1,HOU,ATH,5.0,3.0,1
2025-05-28,2025,1,MIL,BOS,6.0,5.0,1
2025-05-28,2025,1,NYM,CWS,4.0,9.0,0
2025-05-28,2025,1,CHC,COL,2.0,1.0,1
2025-05-28,2025,1,BAL,STL,4.0,6.0,0
2025-05-28,2025,1,CLE,LAD,7.0,4.0,1
2025-05-28,2025,1,DET,SF,4.0,3.0,1
2025-05-28,2025,1,SD,MIA,8.0,10.0,0
2025-05-28,2025,1,KC,CIN,3.0,2.0,1
2025-05-28,2025,1,SEA,WSH,0.0,9.0,0
2025-05-28,2025,1,LAA,NYY,0.0,1.0,0
2025-05-28,2025,1,TEX,TOR,0.0,2.0,0
2025-05-28,2025,1,TB,MIN,5.0,0.0,1
2025-05-29,2025,1,HOU,TB,3.0,13.0,0
2025-05-29,2025,1,TOR,ATH,12.0,0.0,1
2025-05-29,2025,1,PHI,ATL,5.0,4.0,1
2025-05-29,2025,2,PHI,ATL,3.0,9.0,0
2025-05-29,2025,1,SEA,WSH,3.0,9.0,0
2025-05-30,2025,1,KC,DET,5.0,7.0,0
2025-05-30,2025,1,TEX,STL,11.0,1.0,1
2025-05-30,2025,1,TOR,ATH,11.0,7.0,1
2025-05-30,2025,1,LAD,NYY,8.0,5.0,1
2025-05-30,2025,1,SEA,MIN,6.0,12.0,0
2025-05-30,2025,1,NYM,COL,4.0,2.0,1
2025-05-30,2025,1,MIA,SF,0.0,2.0,0
2025-05-30,2025,1,ARI,WSH,7.0,9.0,0
2025-05-30,2025,1,CHC,CIN,2.0,6.0,0
2025-05-30,2025,1,ATL,BOS,1.0,5.0,0
2025-05-30,2025,1,CLE,LAA,1.0,4.0,0
2025-05-30,2025,1,BAL,CWS,2.0,1.0,1
2025-05-30,2025,1,HOU,TB,2.0,1.0,1
2025-05-30,2025,1,SD,PIT,3.0,2.0,1
2025-05-30,2025,1,PHI,MIL,2.0,6.0,0
2025-05-31,2025,1,CHC,CIN,2.0,0.0,1
2025-05-31,2025,1,ATL,BOS,5.0,0.0,1
2025-05-31,2025,1,LAD,NYY,18.0,2.0,1
2025-05-31,2025,1,KC,DET,1.0,0.0,1
2025-05-31,2025,1,TEX,STL,0.0,2.0,0
2025-05-31,2025,1,ARI,WSH,7.0,11.0,0
2025-05-31,2025,1,SD,PIT,0.0,5.0,0
2025-05-31,2025,1,TOR,ATH,8.0,7.0,1
2025-05-31,2025,1,BAL,CWS,4.0,2.0,1
2025-05-31,2025,1,HOU,TB,3.0,16.0,0
2025-05-31,2025,1,SEA,MIN,5.0,4.0,1
2025-05-31,2025,1,CLE,LAA,7.0,5.0,1
2025-05-31,2025,1,NYM,COL,8.0,2.0,1
2025-05-31,2025,1,MIA,SF,1.0,0.0,1
2025-05-31,2025,1,PHI,MIL,7.0,17.0,0
2025-06-01,2025,1,BAL,CWS,3.0,2.0,1
2025-06-01,2025,1,TOR,ATH,8.0,4.0,1
2025-06-01,2025,1,LAD,NYY,3.0,7.0,0
2025-06-01,2025,1,TEX,STL,8.0,1.0,1
2025-06-01,2025,1,CHC,CIN,7.0,3.0,1
2025-06-01,2025,1,PHI,MIL,2.0,5.0,0
2025-06-01,2025,1,KC,DET,0.0,1.0,0
2025-06-01,2025,1,SD,PIT,6.0,4.0,1
2025-06-01,2025,1,MIA,SF,2.0,4.0,0
2025-06-01,2025,1,CLE,LAA,4.0,2.0,1
2025-06-01,2025,1,ARI,WSH,3.0,1.0,1
2025-06-01,2025,1,HOU,TB,1.0,0.0,1
2025-06-01,2025,1,SEA,MIN,2.0,1.0,1
2025-06-01,2025,1,NYM,COL,5.0,3.0,1
2025-06-01,2025,1,ATL,BOS,1.0,3.0,0
2025-06-02,2025,1,SF,SD,0.0,1.0,0
2025-06-02,2025,1,LAD,NYM,3.0,4.0,0
2025-06-02,2025,1,ATH,MIN,4.0,10.0,0
2025-06-02,2025,1,CWS,DET,1.0,13.0,0
2025-06-02,2025,1,CIN,MIL,2.0,3.0,0
2025-06-02,2025,1,BOS,LAA,6.0,7.0,0
2025-06-02,2025,1,MIA,COL,4.0,6.0,0
2025-06-03,2025,1,NYY,CLE,3.0,2.0,1
2025-06-03,2025,1,CIN,MIL,4.0,2.0,1
2025-06-03,2025,1,BOS,LAA,3.0,4.0,0
2025-06-03,2025,1,SEA,BAL,1.0,5.0,0
2025-06-03,2025,1,ATH,MIN,3.0,10.0,0
2025-06-03,2025,1,MIA,COL,2.0,3.0,0
2025-06-03,2025,1,STL,KC,7.0,10.0,0
2025-06-03,2025,1,CWS,DET,8.0,1.0,1
2025-06-03,2025,1,SF,SD,2.0,3.0,0
2025-06-03,2025,1,ATL,ARI,3.0,8.0,0
2025-06-03,2025,1,PIT,HOU,0.0,3.0,0
2025-06-03,2025,1,WSH,CHC,3.0,8.0,0
2025-06-03,2025,1,TOR,PHI,3.0,8.0,0
2025-06-03,2025,1,TB,TEX,5.0,1.0,1
2025-06-03,2025,1,LAD,NYM,6.0,5.0,1
2025-06-04,2025,1,MIA,COL,2.0,3.0,0
2025-06-04,2025,1,SF,SD,6.0,5.0,1
2025-06-04,2025,1,SEA,BAL,2.0,3.0,0
2025-06-04,2025,1,ATL,ARI,1.0,2.0,0
2025-06-04,2025,1,NYY,CLE,0.0,4.0,0
2025-06-04,2025,1,LAD,NYM,1.0,6.0,0
2025-06-04,2025,1,TB,TEX,5.0,4.0,1
2025-06-04,2025,1,PIT,HOU,3.0,0.0,1
2025-06-04,2025,1,BOS,LAA,11.0,9.0,1
2025-06-04,2025,1,WSH,CHC,2.0,0.0,1
2025-06-04,2025,1,ATH,MIN,1.0,6.0,0
2025-06-04,2025,1,TOR,PHI,2.0,1.0,1
2025-06-04,2025,1,CIN,MIL,1.0,9.0,0
2025-06-04,2025,1,CWS,DET,4.0,5.0,0
2025-06-05,2025,1,LAD,NYM,6.0,5.0,1
2025-06-05,2025,1,SEA,BAL,3.0,4.0,0
2025-06-05,2025,1,STL,KC,6.0,5.0,1
2025-06-05,2025,1,ATH,MIN,14.0,3.0,1
2025-06-05,2025,1,NYY,CLE,4.0,0.0,1
2025-06-05,2025,1,CWS,DET,3.0,2.0,1
2025-06-05,2025,2,STL,KC,5.0,7.0,0
2025-06-05,2025,1,SF,SD,3.0,2.0,1
2025-06-05,2025,1,PIT,HOU,2.0,8.0,0
2025-06-05,2025,1,WSH,CHC,1.0,7.0,0
2025-06-05,2025,1,TB,TEX,4.0,3.0,1
2025-06-05,2025,1,TOR,PHI,9.0,1.0,1
2025-06-05,2025,1,ATL,ARI,10.0,11.0,0
2025-06-06,2025,1,MIN,TOR,4.0,6.0,0
2025-06-06,2025,1,NYY,BOS,9.0,6.0,1
2025-06-06,2025,1,CIN,ARI,4.0,3.0,1
2025-06-06,2025,1,CLE,HOU,2.0,4.0,0
2025-06-06,2025,1,WSH,TEX,2.0,0.0,1
2025-06-06,2025,1,ATH,BAL,5.0,4.0,1
2025-06-06,2025,1,SF,ATL,5.0,4.0,1
2025-06-06,2025,1,LAA,SEA,5.0,4.0,1
2025-06-06,2025,1,TB,MIA,4.0,3.0,1
2025-06-06,2025,1,CWS,KC,7.0,2.0,1
2025-06-06,2025,1,COL,NYM,2.0,4.0,0
2025-06-06,2025,1,PIT,PHI,5.0,4.0,1
2025-06-06,2025,1,MIL,SD,0.0,2.0,0
2025-06-06,2025,1,STL,LAD,5.0,0.0,1
2025-06-06,2025,1,DET,CHC,3.0,1.0,1
2025-06-07,2025,1,CIN,ARI,13.0,1.0,1
2025-06-07,2025,1,WSH,TEX,0.0,5.0,0
2025-06-07,2025,1,COL,NYM,1.0,8.0,0
2025-06-07,2025,1,PIT,PHI,2.0,1.0,1
2025-06-07,2025,1,MIL,SD,4.0,3.0,1
2025-06-07,2025,1,NYY,BOS,7.0,10.0,0
2025-06-07,2025,1,CWS,KC,4.0,1.0,1
2025-06-07,2025,1,LAA,SEA,8.0,6.0,1
2025-06-07,2025,1,TB,MIA,10.0,11.0,0
2025-06-07,2025,1,SF,ATL,3.0,2.0,1
2025-06-07,2025,1,CLE,HOU,3.0,5.0,0
2025-06-07,2025,1,STL,LAD,2.0,1.0,1
2025-06-07,2025,1,ATH,BAL,4.0,7.0,0
2025-06-07,2025,1,MIN,TOR,4.0,5.0,0
2025-06-07,2025,1,DET,CHC,1.0,6.0,0
2025-06-08,2025,1,SF,ATL,4.0,3.0,1
2025-06-08,2025,1,CIN,ARI,4.0,2.0,1
2025-06-08,2025,1,ATH,BAL,5.0,1.0,1
2025-06-08,2025,1,WSH,TEX,2.0,4.0,0
2025-06-08,2025,1,MIN,TOR,6.0,3.0,1
2025-06-08,2025,1,NYY,BOS,7.0,11.0,0
2025-06-08,2025,1,COL,NYM,5.0,13.0,0
2025-06-08,2025,1,PIT,PHI,2.0,1.0,1
2025-06-08,2025,1,STL,LAD,3.0,7.0,0
2025-06-08,2025,1,DET,CHC,4.0,0.0,1
2025-06-08,2025,1,MIL,SD,0.0,1.0,0
2025-06-08,2025,1,TB,MIA,3.0,2.0,1
2025-06-08,2025,1,CLE,HOU,4.0,2.0,1
2025-06-08,2025,1,LAA,SEA,2.0,3.0,0
2025-06-08,2025,1,CWS,KC,5.0,7.0,0
2025-06-09,2025,1,PHI,CHC,4.0,3.0,1
2025-06-09,2025,1,PIT,MIA,10.0,3.0,1
2025-06-09,2025,1,MIL,ATL,1.0,7.0,0
2025-06-09,2025,1,LAA,ATH,7.0,4.0,1
2025-06-09,2025,1,BOS,TB,8.0,10.0,0
2025-06-09,2025,1,STL,TOR,4.0,5.0,0
2025-06-09,2025,1,CLE,CIN,4.0,7.0,0
2025-06-09,2025,1,ARI,SEA,8.0,4.0,1
2025-06-09,2025,1,SD,LAD,7.0,8.0,0
2025-06-10,2025,1,ARI,SEA,10.0,3.0,1
2025-06-10,2025,1,STL,TOR,9.0,10.0,0
2025-06-10,2025,1,CLE,CIN,0.0,1.0,0
2025-06-10,2025,1,BOS,TB,3.0,1.0,1
2025-06-10,2025,1,HOU,CWS,2.0,4.0,0
2025-06-10,2025,1,PHI,CHC,4.0,8.0,0
2025-06-10,2025,1,SD,LAD,11.0,1.0,1
2025-06-10,2025,1,LAA,ATH,2.0,1.0,1
2025-06-10,2025,1,COL,SF,5.0,6.0,0
2025-06-10,2025,1,BAL,DET,3.0,5.0,0
2025-06-10,2025,1,PIT,MIA,2.0,3.0,0
2025-06-10,2025,1,KC,NYY,2.0,10.0,0
2025-06-10,2025,1,NYM,WSH,5.0,4.0,1
2025-06-10,2025,1,MIL,ATL,4.0,1.0,1
2025-06-10,2025,1,MIN,TEX,4.0,16.0,0
2025-06-11,2025,1,MIL,ATL,2.0,6.0,0
2025-06-11,2025,1,SD,LAD,2.0,5.0,0
2025-06-11,2025,1,BOS,TB,4.0,3.0,1
2025-06-11,2025,1,COL,SF,7.0,10.0,0
2025-06-11,2025,1,ARI,SEA,5.0,2.0,1
2025-06-11,2025,1,BAL,DET,10.0,1.0,1
2025-06-11,2025,1,STL,TOR,2.0,5.0,0
2025-06-11,2025,1,KC,NYY,3.0,6.0,0
2025-06-11,2025,1,MIN,TEX,6.0,2.0,1
2025-06-11,2025,1,NYM,WSH,5.0,0.0,1
2025-06-11,2025,1,PHI,CHC,7.0,2.0,1
2025-06-11,2025,1,CLE,CIN,11.0,2.0,1
2025-06-11,2025,1,PIT,MIA,5.0,2.0,1
2025-06-11,2025,1,LAA,ATH,6.0,5.0,1
2025-06-11,2025,1,HOU,CWS,10.0,2.0,1
2025-06-12,2025,1,BAL,DET,1.0,4.0,0
2025-06-12,2025,1,MIL,STL,6.0,0.0,1
2025-06-12,2025,1,CHC,PIT,3.0,2.0,1
2025-06-12,2025,1,HOU,CWS,4.0,3.0,1
2025-06-12,2025,1,NYM,WSH,4.0,3.0,1
2025-06-12,2025,1,COL,SF,8.0,7.0,1
2025-06-12,2025,1,KC,NYY,0.0,1.0,0
2025-06-12,2025,1,MIN,TEX,3.0,16.0,0
2025-06-13,2025,1,BAL,LAA,2.0,0.0,1
2025-06-13,2025,1,PHI,TOR,8.0,0.0,1
2025-06-13,2025,1,SEA,CLE,7.0,2.0,1
2025-06-13,2025,1,BOS,NYY,2.0,1.0,1
2025-06-13,2025,1,MIL,STL,3.0,2.0,1
2025-06-13,2025,1,HOU,MIN,10.0,3.0,1
2025-06-13,2025,1,NYM,TB,5.0,7.0,0
2025-06-13,2025,1,DET,CIN,11.0,5.0,1
2025-06-13,2025,1,CHC,PIT,1.0,2.0,0
2025-06-13,2025,1,WSH,MIA,9.0,11.0,0
2025-06-13,2025,1,TEX,CWS,3.0,1.0,1
2025-06-13,2025,1,LAD,SF,2.0,6.0,0
2025-06-13,2025,1,KC,ATH,4.0,6.0,0
2025-06-13,2025,1,ARI,SD,5.0,1.0,1
2025-06-13,2025,1,ATL,COL,12.0,4.0,1
2025-06-14,2025,1,WSH,MIA,3.0,4.0,0
2025-06-14,2025,1,PHI,TOR,3.0,2.0,1
2025-06-14,2025,1,CHC,PIT,2.0,1.0,1
2025-06-14,2025,1,BAL,LAA,6.0,5.0,1
2025-06-14,2025,1,KC,ATH,0.0,4.0,0
2025-06-14,2025,1,HOU,MIN,3.0,2.0,1
2025-06-14,2025,1,ATL,COL,4.0,1.0,1
2025-06-14,2025,1,SEA,CLE,4.0,3.0,1
2025-06-14,2025,1,BOS,NYY,4.0,3.0,1
2025-06-14,2025,1,LAD,SF,11.0,5.0,1
2025-06-14,2025,1,ARI,SD,8.0,7.0,1
2025-06-14,2025,1,TEX,CWS,5.0,4.0,1
2025-06-14,2025,1,NYM,TB,4.0,8.0,0
2025-06-14,2025,1,DET,CIN,1.0,11.0,0
2025-06-14,2025,1,MIL,STL,5.0,8.0,0
2025-06-15,2025,1,TEX,CWS,2.0,1.0,1
2025-06-15,2025,1,DET,CIN,4.0,8.0,0
2025-06-15,2025,1,BOS,NYY,2.0,0.0,1
2025-06-15,2025,1,NYM,TB,0.0,9.0,0
2025-06-15,2025,1,CHC,PIT,3.0,2.0,1
2025-06-15,2025,1,PHI,TOR,11.0,4.0,1
2025-06-15,2025,1,LAD,SF,5.0,4.0,1
2025-06-15,2025,1,ATL,COL,1.0,10.0,0
2025-06-15,2025,1,ARI,SD,2.0,8.0,0
2025-06-15,2025,1,WSH,MIA,1.0,3.0,0
2025-06-15,2025,1,BAL,LAA,11.0,2.0,1
2025-06-15,2025,1,HOU,MIN,2.0,1.0,1
2025-06-15,2025,1,KC,ATH,2.0,3.0,0
2025-06-15,2025,1,MIL,STL,3.0,2.0,1
2025-06-15,2025,1,SEA,CLE,6.0,0.0,1
2025-06-16,2025,1,TB,BAL,7.0,1.0,1
2025-06-16,2025,1,NYY,LAA,0.0,1.0,0
2025-06-16,2025,1,LAD,SD,6.0,3.0,1
2025-06-16,2025,1,SEA,BOS,0.0,2.0,0
2025-06-16,2025,1,ATH,HOU,3.0,1.0,1
2025-06-16,2025,1,WSH,COL,4.0,6.0,0
2025-06-16,2025,1,MIA,PHI,2.0,5.0,0
2025-06-17,2025,1,DET,PIT,7.0,3.0,1
2025-06-17,2025,1,ATH,HOU,3.0,13.0,0
2025-06-17,2025,1,CWS,STL,2.0,12.0,0
2025-06-17,2025,1,TOR,ARI,5.0,4.0,1
2025-06-17,2025,1,LAD,SD,8.0,6.0,1
2025-06-17,2025,1,ATL,NYM,5.0,4.0,1
2025-06-17,2025,1,SF,CLE,2.0,3.0,0
2025-06-17,2025,1,MIA,PHI,8.0,3.0,1
2025-06-17,2025,1,SEA,BOS,8.0,0.0,1
2025-06-17,2025,1,CIN,MIN,6.0,5.0,1
2025-06-17,2025,1,TB,BAL,1.0,5.0,0
2025-06-17,2025,1,CHC,MIL,5.0,3.0,1
2025-06-17,2025,1,TEX,KC,1.0,6.0,0
2025-06-17,2025,1,NYY,LAA,0.0,4.0,0
2025-06-17,2025,1,WSH,COL,6.0,10.0,0
2025-06-18,2025,1,SF,CLE,2.0,4.0,0
2025-06-18,2025,1,MIA,PHI,2.0,4.0,0
2025-06-18,2025,1,ATL,NYM,5.0,0.0,1
2025-06-18,2025,1,NYY,LAA,2.0,3.0,0
2025-06-18,2025,1,LAD,SD,4.0,3.0,1
2025-06-18,2025,1,ATH,HOU,4.0,11.0,0
2025-06-18,2025,1,WSH,COL,1.0,3.0,0
2025-06-18,2025,1,SEA,BOS,1.0,3.0,0
2025-06-18,2025,1,TB,BAL,12.0,8.0,1
2025-06-18,2025,1,CIN,MIN,4.0,2.0,1
2025-06-18,2025,1,TEX,KC,3.0,6.0,0
2025-06-18,2025,1,TOR,ARI,8.0,1.0,1
2025-06-19,2025,1,WSH,COL,4.0,3.0,1
2025-06-19,2025,1,MIA,PHI,1.0,2.0,0
2025-06-19,2025,1,TEX,KC,1.0,4.0,0
2025-06-19,2025,1,CIN,MIN,5.0,12.0,0
2025-06-19,2025,1,TOR,ARI,5.0,9.0,0
2025-06-19,2025,1,ATH,HOU,6.0,4.0,1
2025-06-19,2025,1,CHC,MIL,7.0,8.0,0
2025-06-19,2025,2,DET,PIT,4.0,8.0,0
2025-06-19,2025,1,NYY,LAA,7.0,3.0,1
2025-06-19,2025,1,CWS,STL,4.0,5.0,0
2025-06-19,2025,1,ATL,NYM,7.0,1.0,1
2025-06-19,2025,2,CWS,STL,6.0,8.0,0
2025-06-19,2025,1,DET,PIT,9.0,2.0,1
2025-06-19,2025,1,SF,CLE,2.0,1.0,1
2025-06-19,2025,1,LAD,SD,3.0,5.0,0
2025-06-19,2025,1,TB,BAL,1.0,4.0,0
2025-06-20,2025,1,SD,KC,5.0,6.0,0
2025-06-20,2025,1,TB,DET,14.0,8.0,1
2025-06-20,2025,1,LAD,WSH,6.0,5.0,1
2025-06-20,2025,1,NYY,BAL,3.0,5.0,0
2025-06-20,2025,1,PIT,TEX,2.0,6.0,0
2025-06-20,2025,1,CHC,SEA,4.0,9.0,0
2025-06-20,2025,1,PHI,NYM,10.0,2.0,1
2025-06-20,2025,1,LAA,HOU,2.0,3.0,0
2025-06-20,2025,1,COL,ARI,8.0,14.0,0
2025-06-20,2025,1,SF,BOS,5.0,7.0,0
2025-06-20,2025,1,TOR,CWS,1.0,7.0,0
2025-06-20,2025,1,ATH,CLE,5.0,1.0,1
2025-06-20,2025,1,MIA,ATL,6.0,2.0,1
2025-06-20,2025,1,STL,CIN,6.0,1.0,1
2025-06-20,2025,1,MIN,MIL,6.0,17.0,0
2025-06-21,2025,1,LAA,HOU,9.0,1.0,1
2025-06-21,2025,1,SF,BOS,3.0,2.0,1
2025-06-21,2025,1,ATH,CLE,2.0,4.0,0
2025-06-21,2025,1,CHC,SEA,10.0,7.0,1
2025-06-21,2025,1,PIT,TEX,2.0,3.0,0
2025-06-21,2025,1,STL,CIN,6.0,5.0,1
2025-06-21,2025,1,TB,DET,8.0,3.0,1
2025-06-21,2025,1,MIN,MIL,0.0,9.0,0
2025-06-21,2025,1,LAD,WSH,3.0,7.0,0
2025-06-21,2025,1,SD,KC,5.0,1.0,1
2025-06-21,2025,1,MIA,ATL,0.0,7.0,0
2025-06-21,2025,1,TOR,CWS,7.0,1.0,1
2025-06-21,2025,1,COL,ARI,3.0,5.0,0
2025-06-21,2025,1,PHI,NYM,4.0,11.0,0
2025-06-21,2025,1,NYY,BAL,9.0,0.0,1
2025-06-22,2025,1,MIA,ATL,5.0,3.0,1
2025-06-22,2025,1,NYY,BAL,4.0,2.0,1
2025-06-22,2025,1,SD,KC,3.0,2.0,1
2025-06-22,2025,1,STL,CIN,1.0,4.0,0
2025-06-22,2025,1,MIN,MIL,8.0,9.0,0
2025-06-22,2025,1,PIT,TEX,8.0,3.0,1
2025-06-22,2025,1,ATH,CLE,0.0,3.0,0
2025-06-22,2025,1,PHI,NYM,7.0,1.0,1
2025-06-22,2025,1,LAA,HOU,7.0,8.0,0
2025-06-22,2025,1,SF,BOS,9.0,5.0,1
2025-06-22,2025,1,CHC,SEA,6.0,14.0,0
2025-06-22,2025,1,LAD,WSH,13.0,7.0,1
2025-06-22,2025,1,TOR,CWS,2.0,4.0,0
2025-06-22,2025,1,COL,ARI,4.0,2.0,1
2025-06-22,2025,1,TB,DET,3.0,9.0,0
2025-06-23,2025,1,CWS,ARI,0.0,10.0,0
2025-06-23,2025,1,CIN,NYY,6.0,1.0,1
2025-06-23,2025,1,NYM,ATL,2.0,3.0,0
2025-06-23,2025,1,MIN,SEA,2.0,11.0,0
2025-06-23,2025,1,LAA,BOS,9.0,5.0,1
2025-06-23,2025,1,MIL,PIT,4.0,5.0,0
2025-06-23,2025,1,BAL,TEX,6.0,0.0,1
2025-06-23,2025,1,STL,CHC,8.0,2.0,1
2025-06-23,2025,1,SD,WSH,6.0,10.0,0
2025-06-24,2025,1,MIN,SEA,5.0,6.0,0
2025-06-24,2025,1,COL,LAD,7.0,9.0,0
2025-06-24,2025,1,BAL,TEX,5.0,6.0,0
2025-06-24,2025,1,CIN,NYY,5.0,4.0,1
2025-06-24,2025,1,DET,ATH,11.0,4.0,1
2025-06-24,2025,1,KC,TB,1.0,5.0,0
2025-06-24,2025,1,SF,MIA,2.0,4.0,0
2025-06-24,2025,1,SD,WSH,4.0,3.0,1
2025-06-24,2025,1,MIL,PIT,9.0,3.0,1
2025-06-24,2025,1,LAA,BOS,3.0,2.0,1
2025-06-24,2025,1,CLE,TOR,6.0,10.0,0
2025-06-24,2025,1,CWS,ARI,1.0,4.0,0
2025-06-24,2025,1,HOU,PHI,1.0,0.0,1
2025-06-24,2025,1,NYM,ATL,4.0,7.0,0
2025-06-24,2025,1,STL,CHC,8.0,7.0,1
2025-06-25,2025,1,COL,LAD,1.0,8.0,0
2025-06-25,2025,1,NYM,ATL,7.0,3.0,1
2025-06-25,2025,1,MIN,SEA,2.0,0.0,1
2025-06-25,2025,1,KC,TB,0.0,3.0,0
2025-06-25,2025,1,HOU,PHI,2.0,0.0,1
2025-06-25,2025,1,SD,WSH,1.0,0.0,1
2025-06-25,2025,1,DET,ATH,0.0,3.0,0
2025-06-25,2025,1,CLE,TOR,5.0,4.0,1
2025-06-25,2025,1,MIL,PIT,4.0,2.0,1
2025-06-25,2025,1,SF,MIA,5.0,8.0,0
2025-06-25,2025,1,STL,CHC,0.0,8.0,0
2025-06-25,2025,1,BAL,TEX,0.0,7.0,0
2025-06-25,2025,1,CWS,ARI,7.0,3.0,1
2025-06-25,2025,1,LAA,BOS,5.0,2.0,1
2025-06-25,2025,1,CIN,NYY,1.0,7.0,0
2025-06-26,2025,1,STL,CHC,0.0,3.0,0
2025-06-26,2025,1,NYM,ATL,4.0,0.0,1
2025-06-26,2025,1,MIN,SEA,10.0,1.0,1
2025-06-26,2025,1,COL,LAD,1.0,3.0,0
2025-06-26,2025,1,DET,ATH,8.0,0.0,1
2025-06-26,2025,1,SF,MIA,5.0,12.0,0
2025-06-26,2025,1,CLE,TOR,0.0,6.0,0
2025-06-26,2025,1,KC,TB,0.0,4.0,0
2025-06-26,2025,1,HOU,PHI,2.0,1.0,1
2025-06-27,2025,1,HOU,CHC,7.0,4.0,1
2025-06-27,2025,1,ARI,MIA,8.0,9.0,0
2025-06-27,2025,1,LAA,WSH,9.0,15.0,0
2025-06-27,2025,1,MIL,COL,10.0,6.0,1
2025-06-27,2025,1,ATL,PHI,0.0,13.0,0
2025-06-27,2025,1,CWS,SF,1.0,3.0,0
2025-06-27,2025,1,KC,LAD,4.0,5.0,0
2025-06-27,2025,1,PIT,NYM,9.0,1.0,1
2025-06-27,2025,1,BOS,TOR,0.0,9.0,0
2025-06-27,2025,1,NYY,ATH,3.0,0.0,1
2025-06-27,2025,1,TEX,SEA,6.0,7.0,0
2025-06-27,2025,1,DET,MIN,1.0,4.0,0
2025-06-27,2025,1,BAL,TB,22.0,8.0,1
2025-06-27,2025,1,CLE,STL,0.0,5.0,0
2025-06-27,2025,1,CIN,SD,8.0,1.0,1
2025-06-28,2025,1,HOU,CHC,3.0,12.0,0
2025-06-28,2025,1,LAA,WSH,8.0,2.0,1
2025-06-28,2025,1,CLE,STL,6.0,9.0,0
2025-06-28,2025,1,DET,MIN,10.0,5.0,1
2025-06-28,2025,1,NYY,ATH,0.0,7.0,0
2025-06-28,2025,1,CIN,SD,4.0,6.0,0
2025-06-28,2025,1,BOS,TOR,15.0,1.0,1
2025-06-28,2025,1,MIL,COL,5.0,0.0,1
2025-06-28,2025,1,KC,LAD,9.0,5.0,1
2025-06-28,2025,1,ARI,MIA,7.0,8.0,0
2025-06-28,2025,1,CWS,SF,1.0,0.0,1
2025-06-28,2025,1,PIT,NYM,9.0,2.0,1
2025-06-28,2025,1,BAL,TB,3.0,11.0,0
2025-06-28,2025,1,ATL,PHI,6.0,1.0,1
2025-06-28,2025,1,TEX,SEA,3.0,2.0,1
2025-06-29,2025,1,ATL,PHI,1.0,2.0,0
2025-06-29,2025,1,CLE,STL,0.0,7.0,0
2025-06-29,2025,1,MIL,COL,3.0,4.0,0
2025-06-29,2025,1,ARI,MIA,4.0,6.0,0
2025-06-29,2025,1,DET,MIN,3.0,0.0,1
2025-06-29,2025,1,NYY,ATH,12.0,5.0,1
2025-06-29,2025,1,HOU,CHC,2.0,0.0,1
2025-06-29,2025,1,PIT,NYM,12.0,1.0,1
2025-06-29,2025,1,TEX,SEA,4.0,6.0,0
2025-06-29,2025,1,BOS,TOR,3.0,5.0,0
2025-06-29,2025,1,BAL,TB,5.0,1.0,1
2025-06-29,2025,1,KC,LAD,1.0,5.0,0
2025-06-29,2025,1,LAA,WSH,4.0,7.0,0
2025-06-29,2025,1,CIN,SD,3.0,2.0,1
2025-06-29,2025,1,CWS,SF,5.0,2.0,1
2025-06-30,2025,1,PIT,STL,7.0,0.0,1
2025-06-30,2025,1,BOS,CIN,13.0,6.0,1
2025-06-30,2025,1,SEA,KC,6.0,2.0,1
2025-06-30,2025,1,TEX,BAL,6.0,10.0,0
2025-06-30,2025,1,ARI,SF,4.0,2.0,1
2025-06-30,2025,1,TB,ATH,4.0,6.0,0
2025-06-30,2025,1,PHI,SD,4.0,0.0,1
2025-06-30,2025,1,TOR,NYY,5.0,4.0,1
2025-07-01,2025,1,TEX,BAL,10.0,2.0,1
2025-07-01,2025,1,ARI,SF,8.0,2.0,1
2025-07-01,2025,1,COL,HOU,5.0,6.0,0
2025-07-01,2025,1,TOR,NYY,12.0,5.0,1
2025-07-01,2025,1,TB,ATH,3.0,4.0,0
2025-07-01,2025,1,BOS,CIN,5.0,3.0,1
2025-07-01,2025,1,LAD,CWS,6.0,1.0,1
2025-07-01,2025,1,CHC,CLE,5.0,2.0,1
2025-07-01,2025,1,PIT,STL,1.0,0.0,1
2025-07-01,2025,1,ATL,LAA,0.0,4.0,0
2025-07-01,2025,1,SEA,KC,3.0,6.0,0
2025-07-01,2025,1,MIA,MIN,2.0,0.0,1
2025-07-02,2025,1,CHC,CLE,5.0,4.0,1
2025-07-02,2025,2,PHI,SD,5.0,1.0,1
2025-07-02,2025,1,WSH,DET,2.0,11.0,0
2025-07-02,2025,1,SEA,KC,3.0,2.0,1
2025-07-02,2025,2,WSH,DET,9.0,4.0,1
2025-07-02,2025,1,COL,HOU,3.0,5.0,0
2025-07-02,2025,1,TB,ATH,6.0,5.0,1
2025-07-02,2025,2,NYM,MIL,7.0,3.0,1
2025-07-02,2025,1,NYM,MIL,2.0,7.0,0
2025-07-02,2025,1,BOS,CIN,4.0,8.0,0
2025-07-02,2025,1,ARI,SF,5.0,6.0,0
2025-07-02,2025,1,ATL,LAA,8.0,3.0,1
2025-07-02,2025,1,PHI,SD,4.0,6.0,0
2025-07-02,2025,1,TOR,NYY,11.0,9.0,1
2025-07-02,2025,1,TEX,BAL,6.0,0.0,1
2025-07-02,2025,1,LAD,CWS,5.0,4.0,1
2025-07-02,2025,1,PIT,STL,5.0,0.0,1
2025-07-02,2025,1,MIA,MIN,1.0,2.0,0
2025-07-03,2025,1,TOR,NYY,8.0,5.0,1
2025-07-03,2025,1,COL,HOU,7.0,6.0,1
2025-07-03,2025,1,LAD,CWS,6.0,2.0,1
2025-07-03,2025,1,MIA,MIN,4.0,1.0,1
2025-07-03,2025,1,CHC,CLE,1.0,0.0,1
2025-07-03,2025,1,SEA,KC,2.0,3.0,0
2025-07-03,2025,1,NYM,MIL,3.0,2.0,1
2025-07-03,2025,1,WSH,DET,11.0,7.0,1
2025-07-03,2025,1,ATL,LAA,1.0,5.0,0
2025-07-03,2025,1,ARI,SF,2.0,7.0,0
2025-07-04,2025,1,NYM,NYY,6.0,5.0,1
2025-07-04,2025,1,TOR,LAA,4.0,3.0,1
2025-07-04,2025,1,ARI,KC,3.0,9.0,0
2025-07-04,2025,1,COL,CWS,2.0,3.0,0
2025-07-04,2025,1,SEA,PIT,6.0,0.0,1
2025-07-04,2025,1,MIA,MIL,5.0,6.0,0
2025-07-04,2025,1,MIN,TB,4.0,3.0,1
2025-07-04,2025,1,LAD,HOU,1.0,18.0,0
2025-07-04,2025,1,ATH,SF,11.0,2.0,1
2025-07-04,2025,1,CLE,DET,1.0,2.0,0
2025-07-04,2025,1,CHC,STL,11.0,3.0,1
2025-07-04,2025,1,PHI,CIN,6.0,9.0,0
2025-07-04,2025,1,WSH,BOS,2.0,11.0,0
2025-07-04,2025,1,SD,TEX,3.0,2.0,1
2025-07-04,2025,1,ATL,BAL,2.0,3.0,0
2025-07-05,2025,1,ATH,SF,2.0,7.0,0
2025-07-05,2025,1,ARI,KC,7.0,1.0,1
2025-07-05,2025,1,COL,CWS,3.0,10.0,0
2025-07-05,2025,1,WSH,BOS,3.0,10.0,0
2025-07-05,2025,1,NYM,NYY,12.0,6.0,1
2025-07-05,2025,1,LAD,HOU,4.0,6.0,0
2025-07-05,2025,1,CLE,DET,0.0,1.0,0
2025-07-05,2025,1,ATL,BAL,6.0,9.0,0
2025-07-05,2025,1,MIN,TB,6.0,5.0,1
2025-07-05,2025,1,SD,TEX,4.0,7.0,0
2025-07-05,2025,1,CHC,STL,6.0,8.0,0
2025-07-05,2025,1,TOR,LAA,4.0,3.0,1
2025-07-05,2025,1,PHI,CIN,5.0,1.0,1
2025-07-05,2025,1,MIA,MIL,4.0,2.0,1
2025-07-05,2025,1,SEA,PIT,1.0,0.0,1
2025-07-06,2025,1,MIN,TB,5.0,7.0,0
2025-07-06,2025,1,ARI,KC,0.0,4.0,0
2025-07-06,2025,1,SD,TEX,4.0,1.0,1
2025-07-06,2025,1,WSH,BOS,4.0,6.0,0
2025-07-06,2025,1,PHI,CIN,3.0,1.0,1
2025-07-06,2025,1,ATH,SF,2.0,6.0,0
2025-07-06,2025,1,CLE,DET,2.0,7.0,0
2025-07-06,2025,1,CHC,STL,11.0,0.0,1
2025-07-06,2025,1,SEA,PIT,1.0,0.0,1
2025-07-06,2025,1,TOR,LAA,3.0,2.0,1
2025-07-06,2025,1,COL,CWS,6.0,4.0,1
2025-07-06,2025,1,MIA,MIL,1.0,3.0,0
2025-07-06,2025,1,LAD,HOU,1.0,5.0,0
2025-07-06,2025,1,ATL,BAL,1.0,2.0,0
2025-07-06,2025,1,NYM,NYY,4.0,6.0,0
2025-07-07,2025,1,BOS,COL,9.0,3.0,1
2025-07-07,2025,1,CIN,MIA,1.0,5.0,0
2025-07-07,2025,1,SD,ARI,3.0,6.0,0
2025-07-07,2025,1,SF,PHI,3.0,1.0,1
2025-07-07,2025,1,HOU,CLE,5.0,7.0,0
2025-07-07,2025,1,DET,TB,5.0,1.0,1
2025-07-07,2025,1,CWS,TOR,4.0,8.0,0
2025-07-07,2025,1,MIL,LAD,9.0,1.0,1
2025-07-07,2025,1,KC,PIT,9.0,3.0,1
2025-07-07,2025,1,LAA,TEX,6.0,5.0,1
2025-07-08,2025,1,CIN,MIA,2.0,12.0,0
2025-07-08,2025,1,STL,WSH,4.0,2.0,1
2025-07-08,2025,1,NYY,SEA,10.0,3.0,1
2025-07-08,2025,1,HOU,CLE,6.0,10.0,0
2025-07-08,2025,1,DET,TB,4.0,2.0,1
2025-07-08,2025,1,SD,ARI,1.0,0.0,1
2025-07-08,2025,1,BOS,COL,10.0,2.0,1
2025-07-08,2025,1,MIL,LAD,3.0,1.0,1
2025-07-08,2025,1,SF,PHI,4.0,3.0,1
2025-07-08,2025,1,CWS,TOR,1.0,6.0,0
2025-07-08,2025,1,BAL,NYM,6.0,7.0,0
2025-07-08,2025,1,LAA,TEX,1.0,13.0,0
2025-07-08,2025,1,ATH,ATL,10.0,1.0,1
2025-07-08,2025,1,KC,PIT,4.0,3.0,1
2025-07-08,2025,1,MIN,CHC,8.0,1.0,1
2025-07-09,2025,1,NYY,SEA,9.0,6.0,1
2025-07-09,2025,1,CWS,TOR,2.0,1.0,1
2025-07-09,2025,1,DET,TB,3.0,7.0,0
2025-07-09,2025,1,HOU,CLE,2.0,4.0,0
2025-07-09,2025,1,SF,PHI,0.0,13.0,0
2025-07-09,2025,1,SD,ARI,2.0,8.0,0
2025-07-09,2025,1,KC,PIT,4.0,3.0,1
2025-07-09,2025,1,CIN,MIA,7.0,2.0,1
2025-07-09,2025,1,ATH,ATL,2.0,9.0,0
2025-07-09,2025,1,LAA,TEX,11.0,8.0,1
2025-07-09,2025,1,STL,WSH,2.0,8.0,0
2025-07-09,2025,1,MIL,LAD,3.0,2.0,1
2025-07-09,2025,1,BOS,COL,10.0,2.0,1
2025-07-09,2025,1,MIN,CHC,4.0,2.0,1
2025-07-10,2025,1,MIN,CHC,1.0,8.0,0
2025-07-10,2025,1,SD,ARI,4.0,3.0,1
2025-07-10,2025,1,STL,WSH,8.0,1.0,1
2025-07-10,2025,1,ATH,ATL,5.0,4.0,1
2025-07-10,2025,2,BAL,NYM,7.0,3.0,1
2025-07-10,2025,1,CIN,MIA,6.0,0.0,1
2025-07-10,2025,1,BOS,TB,4.0,3.0,1
2025-07-10,2025,1,BAL,NYM,3.0,1.0,1
2025-07-10,2025,1,LAA,TEX,4.0,11.0,0
2025-07-10,2025,1,NYY,SEA,6.0,5.0,1
2025-07-11,2025,1,SF,LAD,8.0,7.0,1
2025-07-11,2025,1,MIN,PIT,2.0,1.0,1
2025-07-11,2025,1,LAA,ARI,6.0,5.0,1
2025-07-11,2025,1,CWS,CLE,2.0,4.0,0
2025-07-11,2025,2,CWS,CLE,5.0,4.0,1
2025-07-11,2025,1,ATH,TOR,6.0,7.0,0
2025-07-11,2025,1,DET,SEA,3.0,12.0,0
2025-07-11,2025,1,BOS,TB,5.0,4.0,1
2025-07-11,2025,1,NYY,CHC,11.0,0.0,1
2025-07-11,2025,1,MIL,WSH,8.0,3.0,1
2025-07-11,2025,1,STL,ATL,5.0,6.0,0
2025-07-11,2025,1,BAL,MIA,5.0,2.0,1
2025-07-11,2025,1,CIN,COL,2.0,3.0,0
2025-07-11,2025,1,SD,PHI,4.0,2.0,1
2025-07-11,2025,1,HOU,TEX,3.0,7.0,0
2025-07-11,2025,1,KC,NYM,3.0,8.0,0
2025-07-12,2025,1,BAL,MIA,0.0,6.0,0
2025-07-12,2025,1,LAA,ARI,10.0,5.0,1
2025-07-12,2025,1,CIN,COL,4.0,3.0,1
2025-07-12,2025,1,DET,SEA,7.0,15.0,0
2025-07-12,2025,1,STL,ATL,6.0,7.0,0
2025-07-12,2025,1,BOS,TB,1.0,0.0,1
2025-07-12,2025,1,MIL,WSH,6.0,5.0,1
2025-07-12,2025,1,KC,NYM,1.0,3.0,0
2025-07-12,2025,1,HOU,TEX,5.0,4.0,1
2025-07-12,2025,1,SD,PHI,5.0,4.0,1
2025-07-12,2025,1,MIN,PIT,12.0,4.0,1
2025-07-12,2025,1,NYY,CHC,2.0,5.0,0
2025-07-12,2025,1,CWS,CLE,2.0,6.0,0
2025-07-12,2025,1,ATH,TOR,4.0,3.0,1
2025-07-12,2025,1,SF,LAD,1.0,2.0,0
2025-07-13,2025,1,DET,SEA,4.0,8.0,0
2025-07-13,2025,1,BAL,MIA,1.0,11.0,0
2025-07-13,2025,1,CIN,COL,4.0,2.0,1
2025-07-13,2025,1,NYY,CHC,1.0,4.0,0
2025-07-13,2025,1,CWS,CLE,5.0,6.0,0
2025-07-13,2025,1,ATH,TOR,6.0,3.0,1
2025-07-13,2025,1,STL,ATL,5.0,4.0,1
2025-07-13,2025,1,BOS,TB,4.0,1.0,1
2025-07-13,2025,1,MIL,WSH,8.0,1.0,1
2025-07-13,2025,1,KC,NYM,3.0,2.0,1
2025-07-13,2025,1,LAA,ARI,1.0,5.0,0
2025-07-13,2025,1,SD,PHI,1.0,2.0,0
2025-07-13,2025,1,HOU,TEX,1.0,5.0,0
2025-07-13,2025,1,MIN,PIT,1.0,2.0,0
2025-07-13,2025,1,SF,LAD,2.0,5.0,0
2025-07-18,2025,1,PHI,LAA,5.0,6.0,0
2025-07-18,2025,1,TOR,SF,4.0,0.0,1
2025-07-18,2025,1,TB,BAL,11.0,1.0,1
2025-07-18,2025,1,WSH,SD,2.0,7.0,0
2025-07-18,2025,1,SEA,HOU,6.0,1.0,1
2025-07-18,2025,1,LAD,MIL,0.0,2.0,0
2025-07-18,2025,1,ARI,STL,7.0,3.0,1
2025-07-18,2025,1,COL,MIN,6.0,4.0,1
2025-07-18,2025,1,NYM,CIN,4.0,8.0,0
2025-07-18,2025,1,PIT,CWS,1.0,10.0,0
2025-07-18,2025,1,CHC,BOS,4.0,1.0,1
2025-07-18,2025,1,MIA,KC,8.0,7.0,1
2025-07-18,2025,1,TEX,DET,2.0,0.0,1
2025-07-18,2025,1,ATL,NYY,7.0,3.0,1
2025-07-18,2025,1,CLE,ATH,8.0,6.0,1
2025-07-19,2025,1,SEA,HOU,7.0,6.0,1
2025-07-19,2025,1,PIT,CWS,4.0,10.0,0
2025-07-19,2025,1,ARI,STL,10.0,1.0,1
2025-07-19,2025,1,WSH,SD,4.0,2.0,1
2025-07-19,2025,1,PHI,LAA,9.0,5.0,1
2025-07-19,2025,1,MIA,KC,3.0,1.0,1
2025-07-19,2025,1,ATL,NYY,9.0,12.0,0
2025-07-19,2025,1,TOR,SF,6.0,3.0,1
2025-07-19,2025,1,CLE,ATH,2.0,8.0,0
2025-07-19,2025,1,COL,MIN,10.0,6.0,1
2025-07-19,2025,1,NYM,CIN,2.0,5.0,0
2025-07-19,2025,1,TB,BAL,4.0,3.0,1
2025-07-19,2025,1,TEX,DET,4.0,1.0,1
2025-07-19,2025,1,CHC,BOS,6.0,0.0,1
2025-07-19,2025,1,LAD,MIL,7.0,8.0,0
2025-07-20,2025,1,COL,MIN,1.0,7.0,0
2025-07-20,2025,1,SEA,HOU,3.0,11.0,0
2025-07-20,2025,1,ARI,STL,5.0,3.0,1
2025-07-20,2025,1,WSH,SD,1.0,8.0,0
2025-07-20,2025,1,CLE,ATH,8.0,2.0,1
2025-07-20,2025,1,PIT,CWS,2.0,7.0,0
2025-07-20,2025,1,CHC,BOS,1.0,6.0,0
2025-07-20,2025,1,ATL,NYY,2.0,4.0,0
2025-07-20,2025,1,TEX,DET,1.0,2.0,0
2025-07-20,2025,1,MIA,KC,4.0,7.0,0
2025-07-20,2025,1,TOR,SF,8.0,6.0,1
2025-07-20,2025,1,LAD,MIL,5.0,6.0,0
2025-07-20,2025,1,TB,BAL,3.0,5.0,0
2025-07-20,2025,1,PHI,LAA,2.0,8.0,0
2025-07-20,2025,1,NYM,CIN,3.0,2.0,1
2025-07-21,2025,1,CLE,BAL,10.0,5.0,1
2025-07-21,2025,1,SEA,MIL,0.0,6.0,0
2025-07-21,2025,1,CHC,KC,4.0,12.0,0
2025-07-21,2025,1,TB,CWS,3.0,8.0,0
2025-07-21,2025,1,MIA,SD,1.0,2.0,0
2025-07-21,2025,1,ARI,HOU,3.0,6.0,0
2025-07-21,2025,1,NYM,LAA,7.0,5.0,1
2025-07-21,2025,1,WSH,CIN,10.0,8.0,1
2025-07-21,2025,1,COL,STL,2.0,6.0,0
2025-07-21,2025,1,ATL,SF,9.0,5.0,1
2025-07-21,2025,1,TOR,NYY,4.0,1.0,1
2025-07-21,2025,1,TEX,ATH,7.0,2.0,1
2025-07-21,2025,1,PIT,DET,3.0,0.0,1
2025-07-21,2025,1,PHI,BOS,3.0,2.0,1
2025-07-21,2025,1,LAD,MIN,5.0,2.0,1
2025-07-22,2025,1,WSH,CIN,6.0,1.0,1
2025-07-22,2025,1,TB,CWS,4.0,3.0,1
2025-07-22,2025,1,NYM,LAA,3.0,2.0,1
2025-07-22,2025,1,TEX,ATH,6.0,2.0,1
2025-07-22,2025,1,CLE,BAL,6.0,3.0,1
2025-07-22,2025,1,LAD,MIN,7.0,10.0,0
2025-07-22,2025,1,CHC,KC,6.0,0.0,1
2025-07-22,2025,1,ATL,SF,0.0,9.0,0
2025-07-22,2025,1,SEA,MIL,1.0,0.0,1
2025-07-22,2025,1,MIA,SD,4.0,3.0,1
2025-07-22,2025,1,PIT,DET,8.0,5.0,1
2025-07-22,2025,1,COL,STL,8.0,4.0,1
2025-07-22,2025,1,PHI,BOS,4.0,1.0,1
2025-07-22,2025,1,TOR,NYY,4.0,5.0,0
2025-07-22,2025,1,ARI,HOU,1.0,3.0,0
2025-07-23,2025,1,CHC,KC,4.0,8.0,0
2025-07-23,2025,1,MIA,SD,3.0,2.0,1
2025-07-23,2025,1,TB,CWS,9.0,11.0,0
2025-07-23,2025,1,SEA,MIL,2.0,10.0,0
2025-07-23,2025,1,COL,STL,6.0,0.0,1
2025-07-23,2025,1,TOR,NYY,8.0,4.0,1
2025-07-23,2025,1,ATL,SF,3.0,9.0,0
2025-07-23,2025,1,WSH,CIN,0.0,5.0,0
2025-07-23,2025,1,PIT,DET,6.0,1.0,1
2025-07-23,2025,1,PHI,BOS,8.0,9.0,0
2025-07-23,2025,1,ARI,HOU,3.0,4.0,0
2025-07-23,2025,1,CLE,BAL,3.0,2.0,1
2025-07-23,2025,1,TEX,ATH,2.0,1.0,1
2025-07-23,2025,1,NYM,LAA,6.0,3.0,1
2025-07-23,2025,1,LAD,MIN,4.0,3.0,1
2025-07-24,2025,1,CLE,BAL,3.0,4.0,0
2025-07-24,2025,1,DET,TOR,4.0,11.0,0
2025-07-24,2025,1,HOU,ATH,2.0,5.0,0
2025-07-24,2025,1,LAA,SEA,2.0,4.0,0
2025-07-24,2025,1,STL,SD,9.0,7.0,1
2025-07-25,2025,1,CWS,CHC,12.0,5.0,1
2025-07-25,2025,1,SF,NYM,1.0,8.0,0
2025-07-25,2025,1,MIN,WSH,1.0,0.0,1
2025-07-25,2025,1,BAL,COL,5.0,6.0,0
2025-07-25,2025,1,LAA,SEA,3.0,2.0,1
2025-07-25,2025,1,MIL,MIA,1.0,5.0,0
2025-07-25,2025,1,STL,SD,3.0,0.0,1
2025-07-25,2025,1,PIT,ARI,0.0,1.0,0
2025-07-25,2025,1,NYY,PHI,5.0,12.0,0
2025-07-25,2025,1,DET,TOR,2.0,6.0,0
2025-07-25,2025,1,TEX,ATL,8.0,3.0,1
2025-07-25,2025,1,CIN,TB,7.0,2.0,1
2025-07-25,2025,1,HOU,ATH,3.0,15.0,0
2025-07-25,2025,1,BOS,LAD,2.0,5.0,0
2025-07-26,2025,1,BAL,COL,18.0,0.0,1
2025-07-26,2025,1,STL,SD,1.0,3.0,0
2025-07-26,2025,1,LAA,SEA,2.0,7.0,0
2025-07-26,2025,1,PIT,ARI,2.0,0.0,1
2025-07-26,2025,1,DET,TOR,1.0,6.0,0
2025-07-26,2025,2,KC,CLE,4.0,6.0,0
2025-07-26,2025,1,KC,CLE,5.0,3.0,1
2025-07-26,2025,1,NYY,PHI,4.0,9.0,0
2025-07-26,2025,1,MIN,WSH,3.0,9.0,0
2025-07-26,2025,1,BOS,LAD,4.0,2.0,1
2025-07-26,2025,1,TEX,ATL,6.0,5.0,1
2025-07-26,2025,1,HOU,ATH,1.0,5.0,0
2025-07-26,2025,1,CWS,CHC,1.0,6.0,0
2025-07-26,2025,1,MIL,MIA,4.0,7.0,0
2025-07-26,2025,1,SF,NYM,1.0,2.0,0
2025-07-26,2025,1,CIN,TB,6.0,2.0,1
2025-07-27,2025,1,STL,SD,2.0,9.0,0
2025-07-27,2025,1,CWS,CHC,4.0,5.0,0
2025-07-27,2025,1,SF,NYM,3.0,5.0,0
2025-07-27,2025,1,MIN,WSH,2.0,7.0,0
2025-07-27,2025,1,TEX,ATL,8.0,1.0,1
2025-07-27,2025,1,PIT,ARI,6.0,0.0,1
2025-07-27,2025,1,LAA,SEA,4.0,1.0,1
2025-07-27,2025,1,KC,CLE,4.0,1.0,1
2025-07-27,2025,1,BAL,COL,5.0,1.0,1
2025-07-27,2025,1,HOU,ATH,1.0,7.0,0
2025-07-27,2025,1,MIL,MIA,3.0,2.0,1
2025-07-27,2025,1,CIN,TB,2.0,1.0,1
2025-07-27,2025,1,DET,TOR,10.0,4.0,1
2025-07-27,2025,1,NYY,PHI,4.0,3.0,1
2025-07-27,2025,1,BOS,LAD,4.0,3.0,1
2025-07-28,2025,1,BAL,TOR,11.0,4.0,1
2025-07-28,2025,1,HOU,WSH,1.0,2.0,0
2025-07-28,2025,1,SF,PIT,5.0,6.0,0
2025-07-28,2025,1,NYY,TB,2.0,4.0,0
2025-07-28,2025,1,DET,ARI,5.0,1.0,1
2025-07-28,2025,1,CWS,PHI,6.0,2.0,1
2025-07-28,2025,1,CIN,LAD,2.0,5.0,0
2025-07-28,2025,1,STL,MIA,7.0,1.0,1
2025-07-28,2025,1,LAA,TEX,6.0,4.0,1
2025-07-28,2025,1,CLE,COL,6.0,8.0,0
2025-07-28,2025,1,ATH,SEA,1.0,3.0,0
2025-07-28,2025,1,MIN,BOS,5.0,4.0,1
2025-07-28,2025,1,SD,NYM,7.0,6.0,1
2025-07-28,2025,1,MIL,CHC,8.0,4.0,1
2025-07-28,2025,1,KC,ATL,7.0,10.0,0
2025-07-29,2025,1,CLE,COL,10.0,4.0,1
2025-07-29,2025,1,KC,ATL,9.0,6.0,1
2025-07-29,2025,1,BAL,TOR,16.0,4.0,1
2025-07-29,2025,1,ATH,SEA,6.0,1.0,1
2025-07-29,2025,1,CWS,PHI,3.0,6.0,0
2025-07-29,2025,1,LAA,TEX,8.0,5.0,1
2025-07-29,2025,2,BAL,TOR,3.0,2.0,1
2025-07-29,2025,1,MIN,BOS,5.0,8.0,0
2025-07-29,2025,1,SD,NYM,7.0,1.0,1
2025-07-29,2025,1,CIN,LAD,4.0,5.0,0
2025-07-29,2025,1,MIL,CHC,9.0,3.0,1
2025-07-29,2025,1,DET,ARI,12.0,2.0,1
2025-07-29,2025,1,SF,PIT,1.0,3.0,0
2025-07-29,2025,1,HOU,WSH,7.0,4.0,1
2025-07-29,2025,1,STL,MIA,0.0,5.0,0
2025-07-29,2025,1,NYY,TB,7.0,5.0,1
2025-07-30,2025,1,DET,ARI,7.0,2.0,1
2025-07-30,2025,1,LAA,TEX,3.0,6.0,0
2025-07-30,2025,1,HOU,WSH,9.0,1.0,1
2025-07-30,2025,1,NYY,TB,5.0,4.0,1
2025-07-30,2025,1,STL,MIA,0.0,2.0,0
2025-07-30,2025,1,SF,PIT,1.0,2.0,0
2025-07-30,2025,1,MIL,CHC,3.0,10.0,0
2025-07-30,2025,1,CIN,LAD,5.0,2.0,1
2025-07-30,2025,1,SD,NYM,5.0,0.0,1
2025-07-30,2025,1,BAL,TOR,8.0,9.0,0
2025-07-30,2025,1,ATH,SEA,5.0,4.0,1
2025-07-30,2025,1,CWS,PHI,9.0,3.0,1
2025-07-30,2025,1,MIN,BOS,1.0,13.0,0
2025-07-30,2025,1,CLE,COL,5.0,0.0,1
2025-07-30,2025,1,KC,ATL,1.0,0.0,1
2025-07-31,2025,1,SEA,TEX,6.0,0.0,1
2025-07-31,2025,1,NYY,TB,7.0,4.0,1
2025-07-31,2025,1,CIN,ATL,11.0,12.0,0
2025-08-01,2025,1,CLE,MIN,3.0,2.0,1
2025-08-01,2025,1,MIA,NYY,13.0,12.0,1
2025-08-01,2025,1,TOR,KC,3.0,9.0,0
2025-08-01,2025,1,CIN,ATL,3.0,2.0,1
2025-08-01,2025,1,SEA,TEX,4.0,3.0,1
2025-08-01,2025,1,LAA,CWS,3.0,6.0,0
2025-08-01,2025,1,TB,LAD,0.0,5.0,0
2025-08-01,2025,1,NYM,SF,3.0,4.0,0
2025-08-01,2025,1,COL,PIT,17.0,16.0,1
2025-08-01,2025,1,WSH,MIL,9.0,16.0,0
2025-08-01,2025,1,CHC,BAL,1.0,0.0,1
2025-08-01,2025,1,SD,STL,4.0,1.0,1
2025-08-01,2025,1,ATH,ARI,5.0,1.0,1
2025-08-01,2025,1,PHI,DET,5.0,4.0,1
2025-08-01,2025,1,BOS,HOU,2.0,1.0,1
2025-08-02,2025,1,PHI,DET,5.0,7.0,0
2025-08-02,2025,1,BOS,HOU,7.0,3.0,1
2025-08-02,2025,1,TB,LAD,4.0,0.0,1
2025-08-02,2025,1,COL,PIT,8.0,5.0,1
2025-08-02,2025,1,CLE,MIN,5.0,4.0,1
2025-08-02,2025,1,CHC,BAL,3.0,4.0,0
2025-08-02,2025,1,SD,STL,5.0,8.0,0
2025-08-02,2025,1,LAA,CWS,0.0,1.0,0
2025-08-02,2025,1,MIA,NYY,2.0,0.0,1
2025-08-02,2025,1,WSH,MIL,2.0,8.0,0
2025-08-02,2025,1,SEA,TEX,4.0,6.0,0
2025-08-02,2025,1,CIN,ATL,2.0,4.0,0
2025-08-02,2025,1,ATH,ARI,2.0,7.0,0
2025-08-02,2025,1,TOR,KC,4.0,2.0,1
2025-08-02,2025,1,NYM,SF,12.0,6.0,1
2025-08-03,2025,1,COL,PIT,5.0,9.0,0
2025-08-03,2025,1,TOR,KC,4.0,7.0,0
2025-08-03,2025,1,MIA,NYY,7.0,3.0,1
2025-08-03,2025,1,BOS,HOU,6.0,1.0,1
2025-08-03,2025,1,NYM,SF,4.0,12.0,0
2025-08-03,2025,1,SD,STL,7.0,3.0,1
2025-08-03,2025,1,SEA,TEX,5.0,4.0,1
2025-08-03,2025,1,PHI,DET,2.0,0.0,1
2025-08-03,2025,1,ATH,ARI,4.0,6.0,0
2025-08-03,2025,1,TB,LAD,0.0,3.0,0
2025-08-03,2025,1,LAA,CWS,8.0,5.0,1
2025-08-03,2025,1,CHC,BAL,5.0,3.0,1
2025-08-03,2025,1,CLE,MIN,4.0,5.0,0
2025-08-03,2025,1,WSH,MIL,3.0,14.0,0
2025-08-04,2025,1,NYM,CLE,6.0,7.0,0
2025-08-04,2025,1,MIA,HOU,2.0,8.0,0
2025-08-04,2025,1,BOS,KC,8.0,5.0,1
2025-08-04,2025,1,DET,MIN,6.0,3.0,1
2025-08-04,2025,1,COL,TOR,1.0,15.0,0
2025-08-04,2025,1,LAA,TB,5.0,1.0,1
2025-08-04,2025,1,ARI,SD,6.0,2.0,1
2025-08-04,2025,1,PIT,SF,5.0,4.0,1
2025-08-04,2025,1,PHI,BAL,13.0,3.0,1
2025-08-04,2025,1,CHC,CIN,2.0,3.0,0
2025-08-04,2025,1,TEX,NYY,8.0,5.0,1
2025-08-04,2025,1,ATL,MIL,1.0,3.0,0
2025-08-04,2025,1,LAD,STL,2.0,3.0,0
2025-08-05,2025,1,WSH,ATH,7.0,16.0,0
2025-08-05,2025,1,NYM,CLE,2.0,3.0,0
2025-08-05,2025,1,ATL,MIL,2.0,7.0,0
2025-08-05,2025,1,BOS,KC,6.0,2.0,1
2025-08-05,2025,1,PIT,SF,1.0,8.0,0
2025-08-05,2025,1,SEA,CWS,8.0,3.0,1
2025-08-05,2025,1,TEX,NYY,2.0,0.0,1
2025-08-05,2025,1,DET,MIN,3.0,6.0,0
2025-08-05,2025,1,LAA,TB,3.0,7.0,0
2025-08-05,2025,1,COL,TOR,4.0,10.0,0
2025-08-05,2025,1,LAD,STL,12.0,6.0,1
2025-08-05,2025,1,CHC,CIN,1.0,5.0,0
2025-08-05,2025,1,ARI,SD,5.0,10.0,0
2025-08-05,2025,1,MIA,HOU,3.0,7.0,0
2025-08-05,2025,1,PHI,BAL,5.0,0.0,1
2025-08-06,2025,1,SEA,CWS,8.0,6.0,1
2025-08-06,2025,1,CHC,CIN,6.0,1.0,1
2025-08-06,2025,1,MIA,HOU,6.0,4.0,1
2025-08-06,2025,1,PIT,SF,2.0,4.0,0
2025-08-06,2025,1,WSH,ATH,2.0,1.0,1
2025-08-06,2025,1,BOS,KC,3.0,7.0,0
2025-08-06,2025,1,NYM,CLE,1.0,4.0,0
2025-08-06,2025,1,LAD,STL,3.0,5.0,0
2025-08-06,2025,1,DET,MIN,4.0,9.0,0
2025-08-06,2025,1,COL,TOR,1.0,20.0,0
2025-08-06,2025,1,LAA,TB,4.0,5.0,0
2025-08-06,2025,1,ATL,MIL,4.0,5.0,0
2025-08-06,2025,1,TEX,NYY,2.0,3.0,0
2025-08-06,2025,1,ARI,SD,2.0,3.0,0
2025-08-06,2025,1,PHI,BAL,1.0,5.0,0
2025-08-07,2025,1,WSH,ATH,0.0,6.0,0
2025-08-07,2025,1,SEA,CWS,4.0,3.0,1
2025-08-07,2025,1,PIT,CIN,7.0,0.0,1
2025-08-07,2025,1,ATL,MIA,8.0,6.0,1
2025-08-08,2025,1,STL,CHC,5.0,0.0,1
2025-08-08,2025,1,MIL,NYM,3.0,2.0,1
2025-08-08,2025,1,DET,LAA,6.0,5.0,1
2025-08-08,2025,1,PIT,CIN,3.0,2.0,1
2025-08-08,2025,1,BAL,ATH,3.0,2.0,1
2025-08-08,2025,1,ATL,MIA,1.0,5.0,0
2025-08-08,2025,1,CWS,CLE,5.0,9.0,0
2025-08-08,2025,1,SD,BOS,2.0,10.0,0
2025-08-08,2025,1,NYY,HOU,3.0,5.0,0
2025-08-08,2025,1,SF,WSH,5.0,0.0,1
2025-08-08,2025,1,ARI,COL,6.0,1.0,1
2025-08-08,2025,1,SEA,TB,3.0,2.0,1
2025-08-08,2025,1,MIN,KC,9.0,4.0,1
2025-08-08,2025,1,TEX,PHI,1.0,9.0,0
2025-08-08,2025,1,LAD,TOR,5.0,1.0,1
2025-08-09,2025,1,SF,WSH,2.0,4.0,0
2025-08-09,2025,2,ATL,MIA,8.0,6.0,1
2025-08-09,2025,1,ATL,MIA,7.0,1.0,1
2025-08-09,2025,1,ARI,COL,6.0,5.0,1
2025-08-09,2025,1,PIT,CIN,1.0,2.0,0
2025-08-09,2025,1,BAL,ATH,3.0,11.0,0
2025-08-09,2025,1,MIL,NYM,7.0,4.0,1
2025-08-09,2025,1,CWS,CLE,1.0,3.0,0
2025-08-09,2025,1,NYY,HOU,5.0,4.0,1
2025-08-09,2025,1,TEX,PHI,2.0,3.0,0
2025-08-09,2025,1,DET,LAA,4.0,7.0,0
2025-08-09,2025,1,LAD,TOR,9.0,1.0,1
2025-08-09,2025,1,MIN,KC,0.0,2.0,0
2025-08-09,2025,1,SEA,TB,7.0,4.0,1
2025-08-09,2025,1,SD,BOS,5.0,4.0,1
2025-08-09,2025,1,STL,CHC,1.0,9.0,0
2025-08-10,2025,1,TEX,PHI,2.0,4.0,0
2025-08-10,2025,1,MIL,NYM,7.0,6.0,1
2025-08-10,2025,1,CWS,CLE,6.0,4.0,1
2025-08-10,2025,1,ATL,MIA,7.0,1.0,1
2025-08-10,2025,1,NYY,HOU,1.0,7.0,0
2025-08-10,2025,1,SD,BOS,6.0,2.0,1
2025-08-10,2025,1,SF,WSH,0.0,8.0,0
2025-08-10,2025,1,DET,LAA,9.0,5.0,1
2025-08-10,2025,1,SEA,TB,6.0,3.0,1
2025-08-10,2025,1,STL,CHC,3.0,2.0,1
2025-08-10,2025,1,ARI,COL,13.0,6.0,1
2025-08-10,2025,1,MIN,KC,5.0,3.0,1
2025-08-10,2025,1,PIT,CIN,8.0,14.0,0
2025-08-10,2025,1,LAD,TOR,4.0,5.0,0
2025-08-10,2025,1,BAL,ATH,2.0,3.0,0
2025-08-11,2025,1,SF,SD,1.0,4.0,0
2025-08-11,2025,1,CWS,DET,1.0,2.0,0
2025-08-11,2025,1,ATH,TB,4.0,7.0,0
2025-08-11,2025,1,MIL,PIT,7.0,1.0,1
2025-08-11,2025,1,LAA,LAD,7.0,4.0,1
2025-08-11,2025,1,CIN,PHI,1.0,4.0,0
2025-08-11,2025,1,TEX,ARI,7.0,6.0,1
2025-08-11,2025,1,NYY,MIN,6.0,2.0,1
2025-08-11,2025,1,KC,WSH,7.0,4.0,1
2025-08-11,2025,1,STL,COL,3.0,2.0,1
2025-08-11,2025,1,HOU,BOS,7.0,6.0,1
2025-08-12,2025,1,BAL,SEA,0.0,1.0,0
2025-08-12,2025,1,ATH,TB,6.0,0.0,1
2025-08-12,2025,1,STL,COL,0.0,3.0,0
2025-08-12,2025,1,KC,WSH,8.0,5.0,1
2025-08-12,2025,1,CLE,MIA,4.0,3.0,1
2025-08-12,2025,1,NYM,ATL,13.0,5.0,1
2025-08-12,2025,1,HOU,BOS,1.0,14.0,0
2025-08-12,2025,1,CIN,PHI,6.0,1.0,1
2025-08-12,2025,1,CWS,DET,9.0,6.0,1
2025-08-12,2025,1,TOR,CHC,5.0,1.0,1
2025-08-12,2025,1,NYY,MIN,9.0,1.0,1
2025-08-12,2025,1,TEX,ARI,2.0,3.0,0
2025-08-12,2025,1,SF,SD,1.0,5.0,0
2025-08-12,2025,1,LAA,LAD,7.0,6.0,1
2025-08-12,2025,1,MIL,PIT,14.0,0.0,1
2025-08-13,2025,1,NYY,MIN,1.0,4.0,0
2025-08-13,2025,1,HOU,BOS,4.0,1.0,1
2025-08-13,2025,1,SF,SD,1.0,11.0,0
2025-08-13,2025,1,KC,WSH,7.0,8.0,0
2025-08-13,2025,1,NYM,ATL,6.0,11.0,0
2025-08-13,2025,1,CLE,MIA,4.0,13.0,0
2025-08-13,2025,1,ATH,TB,2.0,8.0,0
2025-08-13,2025,1,CIN,PHI,8.0,0.0,1
2025-08-13,2025,1,CWS,DET,0.0,1.0,0
2025-08-13,2025,1,TEX,ARI,4.0,6.0,0
2025-08-13,2025,1,BAL,SEA,4.0,3.0,1
2025-08-13,2025,1,TOR,CHC,1.0,4.0,0
2025-08-13,2025,1,MIL,PIT,12.0,5.0,1
2025-08-13,2025,1,STL,COL,5.0,6.0,0
2025-08-13,2025,1,LAA,LAD,6.0,5.0,1
2025-08-14,2025,1,MIN,DET,3.0,4.0,0
2025-08-14,2025,1,COL,ARI,2.0,8.0,0
2025-08-14,2025,1,TOR,CHC,2.0,1.0,1
2025-08-14,2025,1,WSH,PHI,3.0,2.0,1
2025-08-14,2025,1,BAL,SEA,5.0,3.0,1
2025-08-14,2025,1,CLE,MIA,9.0,4.0,1
2025-08-14,2025,1,NYM,ATL,3.0,4.0,0
2025-08-15,2025,1,NYM,SEA,9.0,11.0,0
2025-08-15,2025,1,BOS,MIA,2.0,1.0,1
2025-08-15,2025,1,WSH,PHI,2.0,6.0,0
2025-08-15,2025,1,STL,NYY,3.0,4.0,0
2025-08-15,2025,1,CHC,PIT,2.0,3.0,0
2025-08-15,2025,1,KC,CWS,3.0,1.0,1
2025-08-15,2025,1,CIN,MIL,8.0,10.0,0
2025-08-15,2025,1,MIN,DET,0.0,7.0,0
2025-08-15,2025,1,CLE,ATL,0.0,2.0,0
2025-08-15,2025,1,TOR,TEX,6.0,5.0,1
2025-08-15,2025,1,HOU,BAL,0.0,7.0,0
2025-08-15,2025,1,COL,ARI,4.0,3.0,1
2025-08-15,2025,1,SF,TB,6.0,7.0,0
2025-08-15,2025,1,ATH,LAA,10.0,3.0,1
2025-08-15,2025,1,LAD,SD,3.0,2.0,1
2025-08-16,2025,1,LAD,SD,6.0,0.0,1
2025-08-16,2025,1,COL,ARI,10.0,7.0,1
2025-08-16,2025,1,KC,CWS,6.0,2.0,1
2025-08-16,2025,1,HOU,BAL,5.0,4.0,1
2025-08-16,2025,1,CLE,ATL,1.0,10.0,0
2025-08-16,2025,1,CIN,MIL,5.0,6.0,0
2025-08-16,2025,1,CHC,PIT,3.0,1.0,1
2025-08-16,2025,1,WSH,PHI,2.0,0.0,1
2025-08-16,2025,1,BOS,MIA,7.0,5.0,1
2025-08-16,2025,1,STL,NYY,8.0,12.0,0
2025-08-16,2025,1,SF,TB,1.0,2.0,0
2025-08-16,2025,1,TOR,TEX,14.0,2.0,1
2025-08-16,2025,1,NYM,SEA,3.0,1.0,1
2025-08-16,2025,1,MIN,DET,5.0,8.0,0
2025-08-16,2025,1,ATH,LAA,7.0,2.0,1
2025-08-17,2025,1,STL,NYY,4.0,8.0,0
2025-08-17,2025,1,CIN,MIL,3.0,2.0,1
2025-08-17,2025,1,ATH,LAA,5.0,11.0,0
2025-08-17,2025,1,COL,ARI,6.0,5.0,1
2025-08-17,2025,1,NYM,SEA,7.0,3.0,1
2025-08-17,2025,1,MIN,DET,8.0,1.0,1
2025-08-17,2025,1,HOU,BAL,0.0,12.0,0
2025-08-17,2025,1,CHC,PIT,4.0,3.0,1
2025-08-17,2025,1,KC,CWS,6.0,2.0,1
2025-08-17,2025,1,TOR,TEX,4.0,10.0,0
2025-08-17,2025,1,WSH,PHI,9.0,11.0,0
2025-08-17,2025,1,BOS,MIA,3.0,5.0,0
2025-08-17,2025,1,LAD,SD,5.0,4.0,1
2025-08-17,2025,1,CLE,ATL,4.0,5.0,0
2025-08-17,2025,1,SF,TB,7.0,1.0,1
2025-08-18,2025,1,ARI,CLE,1.0,3.0,0
2025-08-18,2025,1,COL,LAD,4.0,3.0,1
2025-08-18,2025,1,DET,HOU,10.0,0.0,1
2025-08-18,2025,1,MIA,STL,3.0,8.0,0
2025-08-18,2025,1,CHC,MIL,0.0,7.0,0
2025-08-18,2025,1,KC,TEX,4.0,3.0,1
2025-08-18,2025,1,SD,SF,3.0,4.0,0
2025-08-18,2025,1,PIT,TOR,5.0,2.0,1
2025-08-18,2025,1,BOS,BAL,3.0,6.0,0
2025-08-18,2025,1,PHI,SEA,12.0,7.0,1
2025-08-18,2025,1,ATL,CWS,9.0,13.0,0
2025-08-18,2025,1,LAA,CIN,1.0,4.0,0
2025-08-19,2025,1,ATL,CWS,11.0,10.0,1
2025-08-19,2025,1,COL,LAD,4.0,11.0,0
2025-08-19,2025,1,WSH,NYM,1.0,8.0,0
2025-08-19,2025,1,DET,HOU,1.0,0.0,1
2025-08-19,2025,1,MIN,ATH,3.0,6.0,0
2025-08-19,2025,1,CHC,MIL,6.0,4.0,1
2025-08-19,2025,1,MIA,STL,4.0,7.0,0
2025-08-19,2025,1,ARI,CLE,6.0,5.0,1
2025-08-19,2025,1,PHI,SEA,6.0,4.0,1
2025-08-19,2025,1,TB,NYY,3.0,13.0,0
2025-08-19,2025,1,KC,TEX,5.0,2.0,1
2025-08-19,2025,1,BOS,BAL,3.0,4.0,0
2025-08-19,2025,2,CHC,MIL,4.0,1.0,1
2025-08-19,2025,1,PIT,TOR,3.0,7.0,0
2025-08-19,2025,1,LAA,CIN,4.0,6.0,0
2025-08-19,2025,1,SD,SF,5.0,1.0,1
2025-08-20,2025,1,ARI,CLE,3.0,2.0,1
2025-08-20,2025,1,ATL,CWS,1.0,0.0,1
2025-08-20,2025,1,COL,LAD,8.0,3.0,1
2025-08-20,2025,1,DET,HOU,7.0,2.0,1
2025-08-20,2025,1,LAA,CIN,2.0,1.0,1
2025-08-20,2025,1,MIN,ATH,2.0,4.0,0
2025-08-20,2025,1,TB,NYY,4.0,6.0,0
2025-08-20,2025,1,PIT,TOR,2.0,1.0,1
2025-08-20,2025,1,CHC,MIL,4.0,3.0,1
2025-08-20,2025,1,SD,SF,8.0,1.0,1
2025-08-20,2025,1,MIA,STL,6.0,2.0,1
2025-08-20,2025,1,WSH,NYM,5.0,4.0,1
2025-08-20,2025,1,PHI,SEA,11.0,2.0,1
2025-08-20,2025,1,KC,TEX,3.0,6.0,0
2025-08-21,2025,1,COL,LAD,5.0,9.0,0
2025-08-21,2025,1,KC,TEX,6.0,4.0,1
2025-08-21,2025,1,CHC,MIL,1.0,4.0,0
2025-08-21,2025,1,BAL,HOU,2.0,7.0,0
2025-08-21,2025,1,MIN,ATH,3.0,8.0,0
2025-08-21,2025,1,SD,SF,8.0,4.0,1
2025-08-21,2025,1,NYY,BOS,3.0,6.0,0
2025-08-21,2025,1,WSH,NYM,9.0,3.0,1
2025-08-21,2025,1,TB,STL,4.0,7.0,0
2025-08-22,2025,1,PHI,WSH,4.0,5.0,0
2025-08-22,2025,1,ATL,NYM,7.0,12.0,0
2025-08-22,2025,1,MIA,TOR,2.0,5.0,0
2025-08-22,2025,1,NYY,BOS,0.0,1.0,0
2025-08-22,2025,1,LAA,CHC,2.0,3.0,0
2025-08-22,2025,1,PIT,COL,9.0,0.0,1
2025-08-22,2025,1,TB,STL,10.0,6.0,1
2025-08-22,2025,1,CWS,MIN,7.0,9.0,0
2025-08-22,2025,1,TEX,CLE,4.0,3.0,1
2025-08-22,2025,1,SEA,ATH,3.0,2.0,1
2025-08-22,2025,1,DET,KC,7.0,5.0,1
2025-08-22,2025,1,SD,LAD,2.0,1.0,1
2025-08-22,2025,1,BAL,HOU,7.0,10.0,0
2025-08-22,2025,1,ARI,CIN,6.0,5.0,1
2025-08-22,2025,1,MIL,SF,5.0,4.0,1
2025-08-23,2025,1,BAL,HOU,8.0,9.0,0
2025-08-23,2025,1,PHI,WSH,6.0,4.0,1
2025-08-23,2025,1,TEX,CLE,10.0,0.0,1
2025-08-23,2025,1,CWS,MIN,7.0,3.0,1
2025-08-23,2025,1,PIT,COL,5.0,1.0,1
2025-08-23,2025,1,ARI,CIN,10.0,1.0,1
2025-08-23,2025,1,LAA,CHC,1.0,12.0,0
2025-08-23,2025,1,ATL,NYM,2.0,9.0,0
2025-08-23,2025,1,MIL,SF,1.0,7.0,0
2025-08-23,2025,1,NYY,BOS,1.0,12.0,0
2025-08-23,2025,1,DET,KC,4.0,2.0,1
2025-08-23,2025,1,SEA,ATH,1.0,2.0,0
2025-08-23,2025,1,MIA,TOR,6.0,7.0,0
2025-08-23,2025,1,SD,LAD,5.0,1.0,1
2025-08-24,2025,1,PIT,COL,4.0,0.0,1
2025-08-24,2025,1,PHI,WSH,3.0,2.0,1
2025-08-24,2025,1,BAL,HOU,3.0,2.0,1
2025-08-24,2025,1,SD,LAD,2.0,8.0,0
2025-08-24,2025,1,ATL,NYM,4.0,3.0,1
2025-08-24,2025,1,MIL,SF,3.0,4.0,0
2025-08-24,2025,1,MIA,TOR,5.0,3.0,1
2025-08-24,2025,1,NYY,BOS,7.0,2.0,1
2025-08-24,2025,1,DET,KC,8.0,10.0,0
2025-08-24,2025,1,TEX,CLE,5.0,0.0,1
2025-08-24,2025,1,TB,STL,7.0,2.0,1
2025-08-24,2025,1,ARI,CIN,1.0,6.0,0
2025-08-24,2025,1,SEA,ATH,11.0,4.0,1
2025-08-24,2025,1,CWS,MIN,8.0,0.0,1
2025-08-24,2025,1,LAA,CHC,3.0,4.0,0
2025-08-25,2025,1,BAL,BOS,3.0,4.0,0
2025-08-25,2025,1,CWS,KC,7.0,0.0,1
2025-08-25,2025,1,LAD,CIN,7.0,0.0,1
2025-08-25,2025,1,STL,PIT,7.0,6.0,1
2025-08-25,2025,1,TOR,MIN,10.0,4.0,1
2025-08-25,2025,1,NYM,PHI,13.0,3.0,1
2025-08-25,2025,1,ATH,DET,8.0,3.0,1
2025-08-25,2025,1,CLE,TB,0.0,9.0,0
2025-08-25,2025,1,MIA,ATL,2.0,1.0,1
2025-08-25,2025,1,SEA,SD,9.0,6.0,1
2025-08-25,2025,1,NYY,WSH,10.0,5.0,1
2025-08-25,2025,1,MIL,ARI,7.0,5.0,1
2025-08-25,2025,1,TEX,LAA,0.0,4.0,0
2025-08-26,2025,1,BAL,BOS,0.0,5.0,0
2025-08-26,2025,1,SF,CHC,5.0,2.0,1
2025-08-26,2025,1,LAD,CIN,6.0,3.0,1
2025-08-26,2025,1,STL,PIT,3.0,8.0,0
2025-08-26,2025,1,TOR,MIN,5.0,7.0,0
2025-08-26,2025,1,MIL,ARI,9.0,8.0,1
2025-08-26,2025,1,HOU,COL,1.0,6.0,0
2025-08-26,2025,1,CWS,KC,4.0,5.0,0
2025-08-26,2025,1,TEX,LAA,7.0,3.0,1
2025-08-26,2025,1,ATH,DET,7.0,6.0,1
2025-08-26,2025,1,NYM,PHI,6.0,5.0,1
2025-08-26,2025,1,CLE,TB,3.0,0.0,1
2025-08-26,2025,1,NYY,WSH,5.0,1.0,1
2025-08-26,2025,1,MIA,ATL,2.0,11.0,0
2025-08-26,2025,1,SEA,SD,6.0,7.0,0
2025-08-27,2025,1,STL,PIT,1.0,2.0,0
2025-08-27,2025,1,SF,CHC,12.0,3.0,1
2025-08-27,2025,1,MIA,ATL,1.0,12.0,0
2025-08-27,2025,1,SEA,SD,4.0,3.0,1
2025-08-27,2025,1,LAD,CIN,5.0,1.0,1
2025-08-27,2025,1,TOR,MIN,9.0,8.0,1
2025-08-27,2025,1,NYM,PHI,6.0,0.0,1
2025-08-27,2025,1,BAL,BOS,2.0,3.0,0
2025-08-27,2025,1,NYY,WSH,11.0,2.0,1
2025-08-27,2025,1,HOU,COL,4.0,0.0,1
2025-08-27,2025,1,ATH,DET,7.0,0.0,1
2025-08-27,2025,1,MIL,ARI,2.0,3.0,0
2025-08-27,2025,1,CWS,KC,1.0,12.0,0
2025-08-27,2025,1,TEX,LAA,20.0,3.0,1
2025-08-27,2025,1,CLE,TB,4.0,3.0,1
2025-08-28,2025,1,NYM,MIA,4.0,7.0,0
2025-08-28,2025,1,STL,PIT,4.0,1.0,1
2025-08-28,2025,1,HOU,COL,4.0,3.0,1
2025-08-28,2025,1,PHI,ATL,19.0,4.0,1
2025-08-28,2025,1,MIL,ARI,4.0,6.0,0
2025-08-28,2025,1,BAL,BOS,2.0,3.0,0
2025-08-28,2025,1,SF,CHC,4.0,3.0,1
2025-08-28,2025,1,CWS,NYY,4.0,10.0,0
2025-08-29,2025,1,CIN,STL,5.0,7.0,0
2025-08-29,2025,1,HOU,LAA,2.0,0.0,1
2025-08-29,2025,1,NYM,MIA,19.0,9.0,1
2025-08-29,2025,1,BOS,PIT,2.0,4.0,0
2025-08-29,2025,1,WSH,TB,1.0,4.0,0
2025-08-29,2025,1,ATH,TEX,2.0,5.0,0
2025-08-29,2025,1,TOR,MIL,2.0,7.0,0
2025-08-29,2025,1,KC,DET,3.0,5.0,0
2025-08-29,2025,1,COL,CHC,7.0,11.0,0
2025-08-29,2025,1,PHI,ATL,2.0,1.0,1
2025-08-29,2025,1,CLE,SEA,5.0,4.0,1
2025-08-29,2025,1,MIN,SD,7.0,4.0,1
2025-08-29,2025,1,LAD,ARI,0.0,3.0,0
2025-08-29,2025,1,CWS,NYY,2.0,10.0,0
2025-08-29,2025,1,SF,BAL,15.0,8.0,1
2025-08-30,2025,1,KC,DET,3.0,1.0,1
2025-08-30,2025,1,WSH,TB,1.0,4.0,0
2025-08-30,2025,1,MIN,SD,3.0,12.0,0
2025-08-30,2025,1,LAD,ARI,1.0,6.0,0
2025-08-30,2025,1,NYM,MIA,8.0,11.0,0
2025-08-30,2025,1,HOU,LAA,1.0,4.0,0
2025-08-30,2025,1,PHI,ATL,3.0,2.0,1
2025-08-30,2025,1,CIN,STL,2.0,4.0,0
2025-08-30,2025,1,CWS,NYY,3.0,5.0,0
2025-08-30,2025,1,CLE,SEA,4.0,3.0,1
2025-08-30,2025,1,TOR,MIL,1.0,4.0,0
2025-08-30,2025,1,ATH,TEX,3.0,9.0,0
2025-08-30,2025,1,COL,CHC,3.0,4.0,0
2025-08-30,2025,1,SF,BAL,1.0,11.0,0
2025-08-30,2025,1,BOS,PIT,3.0,10.0,0
2025-08-31,2025,1,BOS,PIT,5.0,2.0,1
2025-08-31,2025,1,COL,CHC,6.0,5.0,1
2025-08-31,2025,1,CLE,SEA,2.0,4.0,0
2025-08-31,2025,1,WSH,TB,4.0,7.0,0
2025-08-31,2025,1,CWS,NYY,3.0,2.0,1
2025-08-31,2025,1,CIN,STL,7.0,4.0,1
2025-08-31,2025,1,HOU,LAA,0.0,3.0,0
2025-08-31,2025,1,LAD,ARI,5.0,4.0,1
2025-08-31,2025,1,TOR,MIL,8.0,4.0,1
2025-08-31,2025,1,KC,DET,0.0,5.0,0
2025-08-31,2025,1,NYM,MIA,1.0,5.0,0
2025-08-31,2025,1,SF,BAL,13.0,2.0,1
2025-08-31,2025,1,ATH,TEX,6.0,9.0,0
2025-08-31,2025,1,MIN,SD,7.0,2.0,1
2025-08-31,2025,1,PHI,ATL,1.0,3.0,0
2025-09-01,2025,1,STL,ATH,3.0,11.0,0
2025-09-01,2025,1,SD,BAL,3.0,4.0,0
2025-09-01,2025,1,CIN,TOR,5.0,4.0,1
2025-09-01,2025,1,MIN,CWS,5.0,6.0,0
2025-09-01,2025,1,CHC,ATL,7.0,6.0,1
2025-09-01,2025,1,BOS,CLE,6.0,4.0,1
2025-09-01,2025,1,DET,NYM,8.0,10.0,0
2025-09-01,2025,1,HOU,LAA,8.0,3.0,1
2025-09-01,2025,1,COL,SF,2.0,8.0,0
2025-09-01,2025,1,ARI,TEX,5.0,7.0,0
2025-09-01,2025,1,TB,SEA,10.0,2.0,1
2025-09-01,2025,1,WSH,MIA,2.0,0.0,1
2025-09-01,2025,1,MIL,PHI,8.0,10.0,0
2025-09-02,2025,1,COL,SF,4.0,7.0,0
2025-09-02,2025,1,HOU,NYY,1.0,7.0,0
2025-09-02,2025,1,CIN,TOR,9.0,12.0,0
2025-09-02,2025,1,SD,BAL,2.0,6.0,0
2025-09-02,2025,1,STL,ATH,2.0,1.0,1
2025-09-02,2025,1,DET,NYM,5.0,12.0,0
2025-09-02,2025,1,PIT,LAD,9.0,7.0,1
2025-09-02,2025,1,MIN,CWS,3.0,12.0,0
2025-09-02,2025,1,TB,SEA,6.0,5.0,1
2025-09-02,2025,1,KC,LAA,1.0,5.0,0
2025-09-02,2025,1,WSH,MIA,5.0,2.0,1
2025-09-02,2025,1,ARI,TEX,5.0,3.0,1
2025-09-02,2025,1,BOS,CLE,11.0,7.0,1
2025-09-02,2025,1,CHC,ATL,4.0,3.0,1
2025-09-03,2025,1,MIN,CWS,3.0,4.0,0
2025-09-03,2025,1,WSH,MIA,10.0,5.0,1
2025-09-03,2025,1,DET,NYM,6.0,2.0,1
2025-09-03,2025,1,COL,SF,8.0,10.0,0
2025-09-03,2025,1,MIL,PHI,6.0,3.0,1
2025-09-03,2025,1,ARI,TEX,2.0,0.0,1
2025-09-03,2025,1,HOU,NYY,8.0,7.0,1
2025-09-03,2025,1,SD,BAL,5.0,7.0,0
2025-09-03,2025,1,TB,SEA,9.0,4.0,1
2025-09-03,2025,1,PIT,LAD,3.0,0.0,1
2025-09-03,2025,1,CHC,ATL,1.0,5.0,0
2025-09-03,2025,1,CIN,TOR,9.0,13.0,0
2025-09-03,2025,1,BOS,CLE,1.0,8.0,0
2025-09-03,2025,1,KC,LAA,3.0,4.0,0
2025-09-03,2025,1,STL,ATH,5.0,1.0,1
2025-09-04,2025,1,HOU,NYY,4.0,8.0,0
2025-09-04,2025,1,PIT,LAD,5.0,3.0,1
2025-09-04,2025,1,MIN,CWS,8.0,11.0,0
2025-09-04,2025,1,KC,LAA,4.0,3.0,1
2025-09-04,2025,1,TB,CLE,4.0,2.0,1
2025-09-04,2025,1,MIL,PHI,0.0,2.0,0
2025-09-05,2025,1,CIN,NYM,4.0,5.0,0
2025-09-05,2025,1,TEX,HOU,4.0,3.0,1
2025-09-05,2025,1,PIT,MIL,2.0,5.0,0
2025-09-05,2025,1,BAL,LAD,2.0,1.0,1
2025-09-05,2025,1,ARI,BOS,10.0,5.0,1
2025-09-05,2025,1,CHC,WSH,11.0,5.0,1
2025-09-05,2025,1,COL,SD,3.0,0.0,1
2025-09-05,2025,1,DET,CWS,5.0,7.0,0
2025-09-05,2025,1,STL,SF,2.0,8.0,0
2025-09-05,2025,1,MIA,PHI,3.0,9.0,0
2025-09-05,2025,1,LAA,ATH,4.0,10.0,0
2025-09-05,2025,1,ATL,SEA,4.0,1.0,1
2025-09-05,2025,1,NYY,TOR,1.0,7.0,0
2025-09-05,2025,1,TB,CLE,1.0,7.0,0
2025-09-05,2025,1,KC,MIN,2.0,1.0,1
2025-09-06,2025,1,COL,SD,8.0,10.0,0
2025-09-06,2025,1,STL,SF,3.0,2.0,1
2025-09-06,2025,1,KC,MIN,11.0,2.0,1
2025-09-06,2025,1,PIT,MIL,1.0,4.0,0
2025-09-06,2025,1,LAA,ATH,4.0,17.0,0
2025-09-06,2025,1,TB,CLE,2.0,3.0,0
2025-09-06,2025,1,NYY,TOR,3.0,1.0,1
2025-09-06,2025,1,CIN,NYM,6.0,3.0,1
2025-09-06,2025,1,ARI,BOS,5.0,1.0,1
2025-09-06,2025,1,ATL,SEA,2.0,10.0,0
2025-09-06,2025,1,BAL,LAD,4.0,3.0,1
2025-09-06,2025,1,MIA,PHI,2.0,4.0,0
2025-09-06,2025,1,TEX,HOU,0.0,11.0,0
2025-09-06,2025,1,DET,CWS,6.0,0.0,1
2025-09-06,2025,1,CHC,WSH,1.0,2.0,0
2025-09-07,2025,1,ATL,SEA,2.0,18.0,0
2025-09-07,2025,1,BAL,LAD,2.0,5.0,0
2025-09-07,2025,1,KC,MIN,1.0,5.0,0
2025-09-07,2025,1,MIA,PHI,5.0,4.0,1
2025-09-07,2025,1,LAA,ATH,4.0,3.0,1
2025-09-07,2025,1,COL,SD,1.0,8.0,0
2025-09-07,2025,1,ARI,BOS,4.0,7.0,0
2025-09-07,2025,1,PIT,MIL,2.0,10.0,0
2025-09-07,2025,1,STL,SF,4.0,3.0,1
2025-09-07,2025,1,TB,CLE,1.0,2.0,0
2025-09-07,2025,1,CIN,NYM,3.0,2.0,1
2025-09-07,2025,1,DET,CWS,4.0,6.0,0
2025-09-07,2025,1,TEX,HOU,4.0,2.0,1
2025-09-07,2025,1,CHC,WSH,3.0,6.0,0
2025-09-07,2025,1,NYY,TOR,4.0,3.0,1
2025-09-08,2025,1,SEA,STL,4.0,2.0,1
2025-09-08,2025,1,TEX,MIL,5.0,0.0,1
2025-09-08,2025,1,LAD,COL,3.0,1.0,1
2025-09-08,2025,1,ATH,BOS,0.0,7.0,0
2025-09-08,2025,1,CLE,KC,10.0,2.0,1
2025-09-08,2025,1,MIA,WSH,7.0,15.0,0
2025-09-08,2025,1,PHI,NYM,1.0,0.0,1
2025-09-08,2025,1,ATL,CHC,4.0,1.0,1
2025-09-08,2025,1,SF,ARI,11.0,5.0,1
2025-09-08,2025,1,SD,CIN,4.0,3.0,1
2025-09-08,2025,1,LAA,MIN,3.0,12.0,0
2025-09-09,2025,1,TEX,MIL,5.0,4.0,1
2025-09-09,2025,1,TOR,HOU,4.0,3.0,1
2025-09-09,2025,1,BAL,PIT,3.0,2.0,1
2025-09-09,2025,1,MIA,WSH,5.0,7.0,0
2025-09-09,2025,1,LAD,COL,7.0,2.0,1
2025-09-09,2025,1,SEA,STL,5.0,3.0,1
2025-09-09,2025,1,CWS,TB,4.0,5.0,0
2025-09-09,2025,1,ATH,BOS,0.0,6.0,0
2025-09-09,2025,1,ATL,CHC,1.0,6.0,0
2025-09-09,2025,1,SD,CIN,2.0,4.0,0
2025-09-09,2025,1,SF,ARI,5.0,3.0,1
2025-09-09,2025,1,PHI,NYM,9.0,3.0,1
2025-09-09,2025,1,CLE,KC,2.0,0.0,1
2025-09-09,2025,1,LAA,MIN,12.0,2.0,1
2025-09-09,2025,1,NYY,DET,2.0,12.0,0
2025-09-10,2025,1,LAD,COL,9.0,0.0,1
2025-09-10,2025,1,CWS,TB,6.0,5.0,1
2025-09-10,2025,1,SEA,STL,4.0,2.0,1
2025-09-10,2025,1,BAL,PIT,2.0,1.0,1
2025-09-10,2025,1,LAA,MIN,4.0,3.0,1
2025-09-10,2025,1,ATH,BOS,5.0,4.0,1
2025-09-10,2025,1,TOR,HOU,2.0,3.0,0
2025-09-10,2025,1,SF,ARI,3.0,5.0,0
2025-09-10,2025,1,SD,CIN,1.0,2.0,0
2025-09-10,2025,1,NYY,DET,1.0,11.0,0
2025-09-10,2025,1,CLE,KC,3.0,4.0,0
2025-09-10,2025,1,PHI,NYM,11.0,3.0,1
2025-09-10,2025,1,ATL,CHC,2.0,3.0,0
2025-09-10,2025,1,TEX,MIL,6.0,3.0,1
2025-09-10,2025,1,MIA,WSH,8.0,3.0,1
2025-09-11,2025,1,TOR,HOU,6.0,0.0,1
2025-09-11,2025,1,SD,COL,2.0,0.0,1
2025-09-11,2025,1,MIA,WSH,5.0,0.0,1
2025-09-11,2025,1,NYY,DET,9.0,3.0,1
2025-09-11,2025,1,PHI,NYM,6.0,4.0,1
2025-09-11,2025,1,CWS,TB,5.0,1.0,1
2025-09-11,2025,1,CLE,KC,3.0,2.0,1
2025-09-11,2025,1,SEA,LAA,7.0,6.0,1
2025-09-11,2025,1,BAL,PIT,3.0,2.0,1
2025-09-12,2025,1,CHC,TB,6.0,4.0,1
2025-09-12,2025,1,MIA,DET,8.0,2.0,1
2025-09-12,2025,1,SD,COL,2.0,4.0,0
2025-09-12,2025,1,PHI,KC,8.0,2.0,1
2025-09-12,2025,1,SEA,LAA,2.0,1.0,1
2025-09-12,2025,1,ATH,CIN,3.0,0.0,1
2025-09-12,2025,1,MIN,ARI,9.0,8.0,1
2025-09-12,2025,1,NYM,TEX,3.0,8.0,0
2025-09-12,2025,1,ATL,HOU,3.0,11.0,0
2025-09-12,2025,1,CLE,CWS,4.0,0.0,1
2025-09-12,2025,1,TOR,BAL,6.0,1.0,1
2025-09-12,2025,1,MIL,STL,8.0,2.0,1
2025-09-12,2025,1,WSH,PIT,6.0,5.0,1
2025-09-12,2025,1,BOS,NYY,1.0,4.0,0
2025-09-12,2025,1,SF,LAD,5.0,1.0,1
2025-09-13,2025,1,MIL,STL,9.0,8.0,1
2025-09-13,2025,1,ATH,CIN,11.0,5.0,1
2025-09-13,2025,1,MIA,DET,6.0,4.0,1
2025-09-13,2025,1,PHI,KC,8.0,6.0,1
2025-09-13,2025,1,CLE,CWS,3.0,1.0,1
2025-09-13,2025,1,NYM,TEX,2.0,3.0,0
2025-09-13,2025,1,MIN,ARI,2.0,5.0,0
2025-09-13,2025,1,CHC,TB,4.0,5.0,0
2025-09-13,2025,1,ATL,HOU,2.0,6.0,0
2025-09-13,2025,1,BOS,NYY,3.0,5.0,0
2025-09-13,2025,1,SF,LAD,7.0,13.0,0
2025-09-13,2025,1,WSH,PIT,1.0,5.0,0
2025-09-13,2025,1,SEA,LAA,5.0,3.0,1
2025-09-13,2025,1,TOR,BAL,5.0,4.0,1
2025-09-13,2025,1,SD,COL,11.0,3.0,1
2025-09-14,2025,1,WSH,PIT,4.0,3.0,1
2025-09-14,2025,1,MIL,STL,2.0,3.0,0
2025-09-14,2025,1,SF,LAD,2.0,10.0,0
2025-09-14,2025,1,TOR,BAL,11.0,2.0,1
2025-09-14,2025,1,MIA,DET,0.0,2.0,0
2025-09-14,2025,1,SEA,LAA,11.0,2.0,1
2025-09-14,2025,1,SD,COL,9.0,6.0,1
2025-09-14,2025,1,ATH,CIN,7.0,4.0,1
2025-09-14,2025,1,CHC,TB,4.0,3.0,1
2025-09-14,2025,1,NYM,TEX,5.0,2.0,1
2025-09-14,2025,1,MIN,ARI,4.0,6.0,0
2025-09-14,2025,1,PHI,KC,3.0,10.0,0
2025-09-14,2025,1,CLE,CWS,3.0,2.0,1
2025-09-14,2025,1,BOS,NYY,6.0,4.0,1
2025-09-14,2025,1,ATL,HOU,8.0,3.0,1
2025-09-15,2025,1,TB,TOR,1.0,2.0,0
2025-09-15,2025,1,LAD,PHI,5.0,6.0,0
2025-09-15,2025,1,ARI,SF,8.0,1.0,1
2025-09-15,2025,1,CWS,BAL,1.0,4.0,0
2025-09-15,2025,1,HOU,TEX,6.0,3.0,1
2025-09-15,2025,1,MIN,NYY,7.0,0.0,1
2025-09-15,2025,1,WSH,ATL,3.0,11.0,0
2025-09-15,2025,1,STL,CIN,6.0,11.0,0
2025-09-15,2025,1,PIT,CHC,0.0,4.0,0
2025-09-16,2025,1,STL,CIN,3.0,0.0,1
2025-09-16,2025,1,TB,TOR,5.0,6.0,0
2025-09-16,2025,1,COL,MIA,5.0,6.0,0
2025-09-16,2025,1,MIL,LAA,9.0,2.0,1
2025-09-16,2025,1,NYM,SD,8.0,3.0,1
2025-09-16,2025,1,KC,SEA,5.0,12.0,0
2025-09-16,2025,2,WSH,ATL,0.0,5.0,0
2025-09-16,2025,1,WSH,ATL,3.0,6.0,0
2025-09-16,2025,1,HOU,TEX,6.0,5.0,1
2025-09-16,2025,1,ARI,SF,6.0,5.0,1
2025-09-16,2025,1,CWS,BAL,7.0,8.0,0
2025-09-16,2025,1,LAD,PHI,6.0,9.0,0
2025-09-16,2025,1,BOS,ATH,1.0,2.0,0
2025-09-16,2025,1,PIT,CHC,1.0,4.0,0
2025-09-16,2025,1,DET,CLE,5.0,7.0,0
2025-09-16,2025,1,MIN,NYY,9.0,10.0,0
2025-09-17,2025,1,MIL,LAA,9.0,2.0,1
2025-09-17,2025,1,COL,MIA,4.0,8.0,0
2025-09-17,2025,1,LAD,PHI,5.0,0.0,1
2025-09-17,2025,1,DET,CLE,0.0,4.0,0
2025-09-17,2025,1,HOU,TEX,5.0,2.0,1
2025-09-17,2025,1,ARI,SF,1.0,5.0,0
2025-09-17,2025,1,NYM,SD,4.0,7.0,0
2025-09-17,2025,1,MIN,NYY,5.0,10.0,0
2025-09-17,2025,1,WSH,ATL,4.0,9.0,0
2025-09-17,2025,1,PIT,CHC,4.0,8.0,0
2025-09-17,2025,1,KC,SEA,7.0,5.0,1
2025-09-17,2025,1,STL,CIN,2.0,6.0,0
2025-09-17,2025,1,TB,TOR,2.0,1.0,1
2025-09-17,2025,1,CWS,BAL,1.0,3.0,0
2025-09-17,2025,1,BOS,ATH,5.0,4.0,1
2025-09-18,2025,1,BOS,ATH,3.0,5.0,0
2025-09-18,2025,1,LAD,SF,2.0,1.0,1
2025-09-18,2025,1,BAL,NYY,0.0,7.0,0
2025-09-18,2025,1,TB,TOR,4.0,0.0,1
2025-09-18,2025,1,COL,MIA,7.0,9.0,0
2025-09-18,2025,1,KC,SEA,0.0,2.0,0
2025-09-18,2025,1,DET,CLE,1.0,3.0,0
2025-09-18,2025,1,MIL,LAA,5.0,2.0,1
2025-09-18,2025,1,NYM,SD,6.0,1.0,1
2025-09-18,2025,1,CIN,CHC,1.0,0.0,1
2025-09-19,2025,1,TB,BOS,7.0,11.0,0
2025-09-19,2025,1,BAL,NYY,4.0,2.0,1
2025-09-19,2025,1,DET,ATL,1.0,10.0,0
2025-09-19,2025,1,STL,MIL,7.0,1.0,1
2025-09-19,2025,1,ARI,PHI,2.0,8.0,0
2025-09-19,2025,1,MIN,CLE,2.0,6.0,0
2025-09-19,2025,1,LAD,SF,6.0,3.0,1
2025-09-19,2025,1,HOU,SEA,0.0,4.0,0
2025-09-19,2025,1,PIT,ATH,3.0,4.0,0
2025-09-19,2025,1,CWS,SD,4.0,3.0,1
2025-09-19,2025,1,COL,LAA,7.0,6.0,1
2025-09-19,2025,1,CIN,CHC,7.0,4.0,1
2025-09-19,2025,1,TEX,MIA,4.0,6.0,0
2025-09-19,2025,1,NYM,WSH,12.0,6.0,1
2025-09-19,2025,1,KC,TOR,20.0,1.0,1
2025-09-20,2025,1,DET,ATL,5.0,6.0,0
2025-09-20,2025,1,KC,TOR,2.0,1.0,1
2025-09-20,2025,1,HOU,SEA,4.0,6.0,0
2025-09-20,2025,1,STL,MIL,2.0,3.0,0
2025-09-20,2025,1,CIN,CHC,6.0,3.0,1
2025-09-20,2025,1,LAD,SF,7.0,5.0,1
2025-09-20,2025,1,TB,BOS,3.0,6.0,0
2025-09-20,2025,1,BAL,NYY,1.0,6.0,0
2025-09-20,2025,1,ARI,PHI,4.0,3.0,1
2025-09-20,2025,1,PIT,ATH,2.0,0.0,1
2025-09-20,2025,1,CWS,SD,3.0,7.0,0
2025-09-20,2025,1,NYM,WSH,3.0,5.0,0
2025-09-20,2025,2,MIN,CLE,0.0,8.0,0
2025-09-20,2025,1,MIN,CLE,0.0,6.0,0
2025-09-20,2025,1,COL,LAA,0.0,3.0,0
2025-09-20,2025,1,TEX,MIA,3.0,4.0,0
2025-09-21,2025,1,CIN,CHC,1.0,0.0,1
2025-09-21,2025,1,CWS,SD,2.0,3.0,0
2025-09-21,2025,1,COL,LAA,3.0,1.0,1
2025-09-21,2025,1,BAL,NYY,1.0,7.0,0
2025-09-21,2025,1,STL,MIL,5.0,1.0,1
2025-09-21,2025,1,HOU,SEA,3.0,7.0,0
2025-09-21,2025,1,DET,ATL,2.0,6.0,0
2025-09-21,2025,1,PIT,ATH,11.0,0.0,1
2025-09-21,2025,1,TB,BOS,7.0,3.0,1
2025-09-21,2025,1,TEX,MIA,2.0,4.0,0
2025-09-21,2025,1,NYM,WSH,2.0,3.0,0
2025-09-21,2025,1,MIN,CLE,6.0,2.0,1
2025-09-21,2025,1,ARI,PHI,9.0,2.0,1
2025-09-21,2025,1,LAD,SF,1.0,3.0,0
2025-09-21,2025,1,KC,TOR,5.0,8.0,0
2025-09-22,2025,1,ATL,WSH,11.0,5.0,1
2025-09-22,2025,1,SD,MIL,5.0,4.0,1
2025-09-22,2025,1,SF,STL,5.0,6.0,0
2025-09-23,2025,1,ATL,WSH,3.0,2.0,1
2025-09-23,2025,1,ATH,HOU,5.0,1.0,1
2025-09-23,2025,1,CHC,NYM,7.0,9.0,0
2025-09-23,2025,1,NYY,CWS,3.0,2.0,1
2025-09-23,2025,1,CIN,PIT,2.0,4.0,0
2025-09-23,2025,1,TEX,MIN,1.0,4.0,0
2025-09-23,2025,1,TOR,BOS,1.0,4.0,0
2025-09-23,2025,1,CLE,DET,5.0,2.0,1
2025-09-23,2025,1,ARI,LAD,5.0,4.0,1
2025-09-23,2025,1,SF,STL,8.0,9.0,0
2025-09-23,2025,1,PHI,MIA,5.0,6.0,0
2025-09-23,2025,1,LAA,KC,4.0,8.0,0
2025-09-23,2025,1,BAL,TB,6.0,0.0,1
2025-09-23,2025,1,SEA,COL,4.0,3.0,1
2025-09-23,2025,1,SD,MIL,7.0,0.0,1
2025-09-24,2025,1,PHI,MIA,11.0,1.0,1
2025-09-24,2025,1,ATH,HOU,6.0,0.0,1
2025-09-24,2025,1,CHC,NYM,10.0,3.0,1
2025-09-24,2025,1,NYY,CWS,8.0,1.0,1
2025-09-24,2025,1,LAA,KC,3.0,2.0,1
2025-09-24,2025,1,SEA,COL,9.0,2.0,1
2025-09-24,2025,1,CIN,PIT,3.0,4.0,0
2025-09-24,2025,1,SF,STL,4.0,3.0,1
2025-09-24,2025,1,TEX,MIN,4.0,2.0,1
2025-09-24,2025,1,ARI,LAD,4.0,5.0,0
2025-09-24,2025,1,SD,MIL,1.0,3.0,0
2025-09-24,2025,1,ATL,WSH,3.0,4.0,0
2025-09-24,2025,1,CLE,DET,5.0,1.0,1
2025-09-24,2025,1,BAL,TB,2.0,6.0,0
2025-09-24,2025,1,TOR,BOS,1.0,7.0,0
2025-09-25,2025,1,CHC,NYM,5.0,8.0,0
2025-09-25,2025,1,SEA,COL,6.0,2.0,1
2025-09-25,2025,1,BAL,TB,6.0,5.0,1
2025-09-25,2025,1,PHI,MIA,1.0,0.0,1
2025-09-25,2025,1,ARI,LAD,0.0,8.0,0
2025-09-25,2025,1,TOR,BOS,6.0,1.0,1
2025-09-25,2025,1,CIN,PIT,2.0,1.0,1
2025-09-25,2025,1,CLE,DET,2.0,4.0,0
2025-09-25,2025,1,TEX,MIN,0.0,4.0,0
2025-09-25,2025,1,NYY,CWS,5.0,3.0,1
2025-09-25,2025,1,LAA,KC,4.0,9.0,0
2025-09-25,2025,1,ATH,HOU,5.0,11.0,0
2025-09-26,2025,1,NYY,BAL,8.0,4.0,1
2025-09-26,2025,1,SEA,LAD,2.0,3.0,0
2025-09-26,2025,1,SD,ARI,7.0,4.0,1
2025-09-26,2025,1,MIA,NYM,6.0,2.0,1
2025-09-26,2025,1,ATL,PIT,3.0,9.0,0
2025-09-26,2025,1,MIL,CIN,1.0,3.0,0
2025-09-26,2025,1,SF,COL,6.0,3.0,1
2025-09-26,2025,1,CLE,TEX,3.0,7.0,0
2025-09-26,2025,1,LAA,HOU,4.0,3.0,1
2025-09-26,2025,1,BOS,DET,4.0,3.0,1
2025-09-26,2025,1,WSH,CWS,9.0,10.0,0
2025-09-26,2025,1,PHI,MIN,3.0,1.0,1
2025-09-26,2025,1,CHC,STL,12.0,1.0,1
2025-09-26,2025,1,TOR,TB,4.0,2.0,1
2025-09-26,2025,1,ATH,KC,4.0,3.0,1
2025-09-27,2025,1,TOR,TB,5.0,1.0,1
2025-09-27,2025,1,ATL,PIT,1.0,3.0,0
2025-09-27,2025,1,ATH,KC,2.0,4.0,0
2025-09-27,2025,1,WSH,CWS,6.0,5.0,1
2025-09-27,2025,1,SEA,LAD,3.0,5.0,0
2025-09-27,2025,1,SF,COL,4.0,3.0,1
2025-09-27,2025,1,SD,ARI,5.0,1.0,1
2025-09-27,2025,1,CHC,STL,7.0,3.0,1
2025-09-27,2025,1,PHI,MIN,0.0,5.0,0
2025-09-27,2025,1,BOS,DET,1.0,2.0,0
2025-09-27,2025,1,CLE,TEX,3.0,2.0,1
2025-09-27,2025,1,NYY,BAL,6.0,1.0,1
2025-09-27,2025,1,MIA,NYM,0.0,5.0,0
2025-09-27,2025,1,LAA,HOU,1.0,6.0,0
2025-09-27,2025,1,MIL,CIN,4.0,7.0,0
2026-03-25,2026,1,SF,NYY,0.0,7.0,0
2026-03-26,2026,1,BAL,MIN,2.0,1.0,1
2026-03-26,2026,1,CHC,WSH,4.0,10.0,0
2026-03-26,2026,1,PHI,TEX,5.0,3.0,1
2026-03-26,2026,1,STL,TB,9.0,7.0,1
2026-03-26,2026,1,CIN,BOS,0.0,3.0,0
2026-03-26,2026,1,HOU,LAA,0.0,3.0,0
2026-03-26,2026,1,MIL,CWS,14.0,2.0,1
2026-03-26,2026,1,NYM,PIT,11.0,7.0,1
2026-03-26,2026,1,LAD,ARI,8.0,2.0,1
2026-03-26,2026,1,SD,DET,2.0,8.0,0
2026-03-26,2026,1,SEA,CLE,4.0,6.0,0
2026-03-27,2026,1,HOU,LAA,2.0,6.0,0
2026-03-27,2026,1,LAD,ARI,5.0,4.0,1
2026-03-27,2026,1,ATL,KC,6.0,0.0,1
2026-03-27,2026,1,SD,DET,2.0,5.0,0
2026-03-27,2026,1,MIA,COL,2.0,1.0,1
2026-03-27,2026,1,SEA,CLE,5.0,1.0,1
2026-03-27,2026,1,SF,NYY,0.0,3.0,0
2026-03-27,2026,1,TOR,ATH,3.0,2.0,1
2026-03-28,2026,1,SD,DET,3.0,0.0,1
2026-03-28,2026,1,SEA,CLE,5.0,6.0,0
2026-03-28,2026,1,ATL,KC,6.0,2.0,1
2026-03-28,2026,1,TOR,ATH,8.0,7.0,1
2026-03-28,2026,1,SF,NYY,1.0,3.0,0
2026-03-28,2026,1,CIN,BOS,6.0,5.0,1
2026-03-28,2026,1,HOU,LAA,11.0,9.0,1
2026-03-28,2026,1,STL,TB,6.0,5.0,1
2026-03-28,2026,1,CHC,WSH,10.0,2.0,1
2026-03-28,2026,1,BAL,MIN,1.0,4.0,0
2026-03-28,2026,1,PHI,TEX,4.0,5.0,0
2026-03-28,2026,1,NYM,PIT,4.0,2.0,1
2026-03-28,2026,1,MIL,CWS,6.0,1.0,1
2026-03-28,2026,1,LAD,ARI,3.0,2.0,1
2026-03-28,2026,1,MIA,COL,4.0,3.0,1
2026-03-29,2026,1,NYM,PIT,3.0,4.0,0
2026-03-29,2026,1,ATL,KC,1.0,4.0,0
2026-03-29,2026,1,STL,TB,7.0,11.0,0
2026-03-29,2026,1,CHC,WSH,3.0,6.0,0
2026-03-29,2026,1,CIN,BOS,3.0,2.0,1
2026-03-29,2026,1,MIL,CWS,9.0,7.0,1
2026-03-29,2026,1,BAL,MIN,8.0,6.0,1
2026-03-29,2026,1,MIA,COL,4.0,3.0,1
2026-03-29,2026,1,TOR,ATH,5.0,2.0,1
2026-03-29,2026,1,SEA,CLE,8.0,0.0,1
2026-03-29,2026,1,PHI,TEX,3.0,8.0,0
2026-03-29,2026,1,HOU,LAA,9.0,7.0,1
2026-03-30,2026,1,ARI,DET,9.0,6.0,1
2026-03-30,2026,1,KC,MIN,3.0,1.0,1
2026-03-30,2026,1,MIA,CWS,4.0,9.0,0
2026-03-30,2026,1,SD,SF,2.0,3.0,0
2026-03-30,2026,1,SEA,NYY,2.0,1.0,1
2026-03-30,2026,1,STL,NYM,2.0,4.0,0
2026-03-30,2026,1,CHC,LAA,7.0,2.0,1
2026-03-30,2026,1,ATL,ATH,4.0,0.0,1
2026-03-30,2026,1,LAD,CLE,2.0,4.0,0
2026-03-30,2026,1,BAL,TEX,2.0,5.0,0
2026-03-30,2026,1,CIN,PIT,2.0,0.0,1
2026-03-30,2026,1,HOU,BOS,8.0,1.0,1
2026-03-30,2026,1,MIL,TB,2.0,3.0,0
2026-03-30,2026,1,TOR,COL,5.0,14.0,0
2026-03-30,2026,1,PHI,WSH,2.0,13.0,0
2026-03-31,2026,1,MIA,CWS,9.0,2.0,1
2026-03-31,2026,1,MIL,TB,6.0,2.0,1
2026-03-31,2026,1,STL,NYM,3.0,0.0,1
2026-03-31,2026,1,CIN,PIT,3.0,8.0,0
2026-03-31,2026,1,SD,SF,3.0,9.0,0
2026-03-31,2026,1,SEA,NYY,0.0,5.0,0
2026-03-31,2026,1,ARI,DET,7.0,5.0,1
2026-03-31,2026,1,ATL,ATH,2.0,5.0,0
2026-03-31,2026,1,LAD,CLE,4.0,1.0,1
2026-03-31,2026,1,BAL,TEX,5.0,8.0,0
2026-03-31,2026,1,TOR,COL,5.0,1.0,1
2026-03-31,2026,1,HOU,BOS,9.0,2.0,1
2026-03-31,2026,1,PHI,WSH,3.0,2.0,1
2026-03-31,2026,1,CHC,LAA,0.0,2.0,0
2026-04-01,2026,1,ARI,DET,1.0,0.0,1
2026-04-01,2026,1,CHC,LAA,6.0,2.0,1
2026-04-01,2026,1,STL,NYM,2.0,1.0,1
2026-04-01,2026,1,BAL,TEX,8.0,3.0,1
2026-04-01,2026,1,MIL,TB,8.0,2.0,1
2026-04-01,2026,1,KC,MIN,13.0,9.0,1
2026-04-01,2026,1,MIA,CWS,10.0,0.0,1
2026-04-01,2026,1,LAD,CLE,1.0,4.0,0
2026-04-01,2026,1,PHI,WSH,6.0,5.0,1
2026-04-01,2026,1,HOU,BOS,6.0,4.0,1
2026-04-01,2026,1,ATL,ATH,5.0,1.0,1
2026-04-01,2026,1,CIN,PIT,3.0,8.0,0
2026-04-01,2026,1,SD,SF,7.0,1.0,1
2026-04-01,2026,1,TOR,COL,1.0,2.0,0
2026-04-01,2026,1,SEA,NYY,3.0,5.0,0
2026-04-02,2026,1,KC,MIN,1.0,5.0,0
2026-04-02,2026,1,SF,NYM,7.0,2.0,1
2026-04-02,2026,1,ARI,ATL,2.0,17.0,0
2026-04-03,2026,1,COL,PHI,1.0,10.0,0
2026-04-03,2026,1,BOS,SD,5.0,2.0,1
2026-04-03,2026,1,NYY,MIA,8.0,2.0,1
2026-04-03,2026,1,CLE,CHC,4.0,1.0,1
2026-04-03,2026,1,DET,STL,4.0,0.0,1
2026-04-03,2026,1,PIT,BAL,5.0,4.0,1
2026-04-03,2026,1,ATH,HOU,11.0,4.0,1
2026-04-03,2026,1,TEX,CIN,3.0,5.0,0
2026-04-03,2026,1,LAA,SEA,1.0,3.0,0
2026-04-03,2026,1,CWS,TOR,5.0,4.0,1
2026-04-03,2026,1,SF,NYM,3.0,10.0,0
2026-04-03,2026,1,MIN,TB,10.0,4.0,1
2026-04-03,2026,1,ARI,ATL,0.0,2.0,0
2026-04-03,2026,1,WSH,LAD,6.0,13.0,0
2026-04-04,2026,1,KC,MIL,2.0,5.0,0
2026-04-04,2026,2,KC,MIL,8.0,2.0,1
2026-04-04,2026,1,NYY,MIA,9.0,7.0,1
2026-04-04,2026,1,ARI,ATL,2.0,1.0,1
2026-04-04,2026,1,PIT,BAL,3.0,2.0,1
2026-04-04,2026,1,SF,NYM,0.0,9.0,0
2026-04-04,2026,1,WSH,LAD,5.0,10.0,0
2026-04-04,2026,1,COL,PHI,1.0,2.0,0
2026-04-04,2026,1,TEX,CIN,0.0,2.0,0
2026-04-04,2026,1,DET,STL,11.0,6.0,1
2026-04-04,2026,1,BOS,SD,2.0,3.0,0
2026-04-04,2026,1,LAA,SEA,1.0,0.0,1
2026-04-04,2026,1,ATH,HOU,0.0,11.0,0
2026-04-04,2026,1,MIN,TB,1.0,7.0,0
2026-04-04,2026,1,CWS,TOR,6.0,3.0,1
2026-04-05,2026,1,DET,STL,3.0,5.0,0
2026-04-05,2026,1,TEX,CIN,1.0,2.0,0
2026-04-05,2026,1,BOS,SD,6.0,8.0,0
2026-04-05,2026,1,CLE,CHC,0.0,1.0,0
2026-04-05,2026,2,CLE,CHC,6.0,5.0,1
2026-04-05,2026,1,MIN,TB,1.0,4.0,0
2026-04-05,2026,1,NYY,MIA,6.0,7.0,0
2026-04-05,2026,1,KC,MIL,5.0,8.0,0
2026-04-05,2026,1,WSH,LAD,6.0,8.0,0
2026-04-05,2026,1,CWS,TOR,3.0,0.0,1
2026-04-05,2026,1,PIT,BAL,8.0,2.0,1
2026-04-05,2026,1,ARI,ATL,6.0,5.0,1
2026-04-05,2026,1,LAA,SEA,8.0,7.0,1
2026-04-05,2026,1,SF,NYM,2.0,5.0,0
2026-04-05,2026,1,ATH,HOU,12.0,10.0,1
2026-04-05,2026,1,COL,PHI,4.0,1.0,1
2026-04-06,2026,1,CWS,BAL,1.0,2.0,0
2026-04-06,2026,1,LAA,ATL,6.0,2.0,1
2026-04-06,2026,1,BOS,MIL,6.0,8.0,0
2026-04-06,2026,1,SF,PHI,4.0,6.0,0
2026-04-06,2026,1,MIA,CIN,0.0,2.0,0
2026-04-06,2026,1,TB,CHC,6.0,4.0,1
2026-04-06,2026,1,WSH,STL,9.0,6.0,1
2026-04-06,2026,1,MIN,DET,7.0,3.0,1
2026-04-06,2026,1,TEX,SEA,2.0,1.0,1
2026-04-06,2026,1,COL,HOU,9.0,7.0,1
2026-04-06,2026,1,TOR,LAD,2.0,14.0,0
2026-04-06,2026,1,PIT,SD,0.0,5.0,0
2026-04-06,2026,1,CLE,KC,2.0,4.0,0
2026-04-07,2026,1,COL,HOU,5.0,1.0,1
2026-04-07,2026,1,SF,PHI,6.0,0.0,1
2026-04-07,2026,1,WSH,STL,6.0,7.0,0
2026-04-07,2026,1,TOR,LAD,1.0,4.0,0
2026-04-07,2026,1,TB,CHC,2.0,9.0,0
2026-04-07,2026,1,CWS,BAL,2.0,4.0,0
2026-04-07,2026,1,MIN,DET,4.0,2.0,1
2026-04-07,2026,1,NYY,ATH,5.0,3.0,1
2026-04-07,2026,1,LAA,ATL,2.0,7.0,0
2026-04-07,2026,1,NYM,ARI,4.0,3.0,1
2026-04-07,2026,1,MIA,CIN,3.0,6.0,0
2026-04-07,2026,1,BOS,MIL,3.0,2.0,1
2026-04-07,2026,1,PIT,SD,7.0,1.0,1
2026-04-07,2026,1,TEX,SEA,3.0,2.0,1
2026-04-07,2026,1,CLE,KC,2.0,1.0,1
2026-04-08,2026,1,CLE,KC,10.0,2.0,1
2026-04-08,2026,1,SF,PHI,5.0,0.0,1
2026-04-08,2026,1,MIN,DET,8.0,6.0,1
2026-04-08,2026,1,CWS,BAL,3.0,5.0,0
2026-04-08,2026,1,MIA,CIN,7.0,4.0,1
2026-04-08,2026,1,LAA,ATL,2.0,8.0,0
2026-04-08,2026,1,WSH,STL,1.0,6.0,0
2026-04-08,2026,1,BOS,MIL,5.0,0.0,1
2026-04-08,2026,1,NYY,ATH,2.0,3.0,0
2026-04-08,2026,1,PIT,SD,2.0,8.0,0
2026-04-08,2026,1,TB,CHC,2.0,6.0,0
2026-04-08,2026,1,NYM,ARI,2.0,7.0,0
2026-04-08,2026,1,TEX,SEA,3.0,0.0,1
2026-04-08,2026,1,TOR,LAD,4.0,3.0,1
2026-04-08,2026,1,COL,HOU,9.0,1.0,1
2026-04-09,2026,1,KC,CWS,0.0,2.0,0
2026-04-09,2026,1,SD,COL,7.0,3.0,1
2026-04-09,2026,1,MIA,CIN,8.0,1.0,1
2026-04-09,2026,1,NYY,ATH,0.0,1.0,0
2026-04-09,2026,1,NYM,ARI,1.0,7.0,0
2026-04-09,2026,1,MIN,DET,3.0,1.0,1
2026-04-10,2026,1,CHC,PIT,0.0,2.0,0
2026-04-10,2026,1,BAL,SF,3.0,6.0,0
2026-04-10,2026,1,NYM,ATH,0.0,4.0,0
2026-04-10,2026,1,LAD,TEX,8.0,7.0,1
2026-04-10,2026,1,KC,CWS,2.0,0.0,1
2026-04-10,2026,1,TB,NYY,5.0,3.0,1
2026-04-10,2026,1,MIL,WSH,3.0,7.0,0
2026-04-10,2026,1,CIN,LAA,2.0,10.0,0
2026-04-10,2026,1,SEA,HOU,9.0,6.0,1
2026-04-10,2026,1,DET,MIA,2.0,0.0,1
2026-04-10,2026,1,PHI,ARI,4.0,5.0,0
2026-04-10,2026,1,SD,COL,5.0,2.0,1
2026-04-10,2026,1,TOR,MIN,10.0,4.0,1
2026-04-10,2026,1,STL,BOS,3.0,2.0,1
2026-04-10,2026,1,ATL,CLE,11.0,5.0,1
2026-04-11,2026,1,PHI,ARI,4.0,3.0,1
2026-04-11,2026,1,LAD,TEX,6.0,3.0,1
2026-04-11,2026,1,ATL,CLE,0.0,6.0,0
2026-04-11,2026,1,STL,BOS,1.0,7.0,0
2026-04-11,2026,1,SEA,HOU,8.0,7.0,1
2026-04-11,2026,1,CIN,LAA,7.0,3.0,1
2026-04-11,2026,1,KC,CWS,2.0,0.0,1
2026-04-11,2026,1,SD,COL,9.0,5.0,1
2026-04-11,2026,1,DET,MIA,6.0,1.0,1
2026-04-11,2026,1,TB,NYY,5.0,4.0,1
2026-04-11,2026,1,NYM,ATH,6.0,11.0,0
2026-04-11,2026,1,MIL,WSH,1.0,3.0,0
2026-04-11,2026,1,TOR,MIN,4.0,7.0,0
2026-04-11,2026,1,CHC,PIT,3.0,4.0,0
2026-04-11,2026,1,BAL,SF,6.0,2.0,1
2026-04-12,2026,1,DET,MIA,8.0,2.0,1
2026-04-12,2026,1,MIL,WSH,6.0,8.0,0
2026-04-12,2026,1,SEA,HOU,6.0,1.0,1
2026-04-12,2026,1,TB,NYY,5.0,4.0,1
2026-04-12,2026,1,CIN,LAA,6.0,9.0,0
2026-04-12,2026,1,TOR,MIN,2.0,8.0,0
2026-04-12,2026,1,CHC,PIT,7.0,6.0,1
2026-04-12,2026,1,LAD,TEX,2.0,5.0,0
2026-04-12,2026,1,KC,CWS,5.0,6.0,0
2026-04-12,2026,1,STL,BOS,3.0,9.0,0
2026-04-12,2026,1,BAL,SF,6.0,2.0,1
2026-04-12,2026,1,ATL,CLE,13.0,1.0,1
2026-04-12,2026,1,PHI,ARI,3.0,4.0,0
2026-04-12,2026,1,SD,COL,7.0,2.0,1
2026-04-12,2026,1,NYM,ATH,0.0,1.0,0
2026-04-13,2026,1,LAD,NYM,4.0,0.0,1
2026-04-13,2026,1,ATL,MIA,4.0,10.0,0
2026-04-13,2026,1,PIT,WSH,16.0,5.0,1
2026-04-13,2026,1,MIN,BOS,13.0,6.0,1
2026-04-13,2026,1,NYY,LAA,11.0,10.0,1
2026-04-13,2026,1,PHI,CHC,13.0,7.0,1
2026-04-13,2026,1,BAL,ARI,9.0,7.0,1
2026-04-13,2026,1,STL,CLE,3.0,9.0,0
2026-04-13,2026,1,ATH,TEX,1.0,8.0,0
2026-04-13,2026,1,SEA,HOU,6.0,2.0,1
2026-04-14,2026,1,SD,SEA,4.0,1.0,1
2026-04-14,2026,1,CIN,SF,2.0,1.0,1
2026-04-14,2026,1,MIL,TOR,7.0,9.0,0
2026-04-14,2026,1,ATL,MIA,6.0,5.0,1
2026-04-14,2026,1,ATH,TEX,2.0,1.0,1
2026-04-14,2026,1,NYY,LAA,1.0,7.0,0
2026-04-14,2026,1,BAL,ARI,3.0,4.0,0
2026-04-14,2026,1,PHI,CHC,4.0,10.0,0
2026-04-14,2026,1,STL,CLE,6.0,5.0,1
2026-04-14,2026,1,LAD,NYM,2.0,1.0,1
2026-04-14,2026,1,DET,KC,2.0,1.0,1
2026-04-14,2026,1,HOU,COL,7.0,6.0,1
2026-04-14,2026,1,CWS,TB,5.0,8.0,0
2026-04-14,2026,1,PIT,WSH,4.0,5.0,0
2026-04-14,2026,1,MIN,BOS,6.0,0.0,1
2026-04-15,2026,1,HOU,COL,3.0,1.0,1
2026-04-15,2026,1,MIL,TOR,2.0,1.0,1
2026-04-15,2026,1,ATH,TEX,6.0,5.0,1
2026-04-15,2026,1,STL,CLE,5.0,3.0,1
2026-04-15,2026,1,LAD,NYM,8.0,2.0,1
2026-04-15,2026,1,PIT,WSH,2.0,0.0,1
2026-04-15,2026,1,SD,SEA,7.0,6.0,1
2026-04-15,2026,1,ATL,MIA,6.0,3.0,1
2026-04-15,2026,1,CWS,TB,3.0,8.0,0
2026-04-15,2026,1,MIN,BOS,5.0,9.0,0
2026-04-15,2026,1,CIN,SF,8.0,3.0,1
2026-04-15,2026,1,DET,KC,2.0,1.0,1
2026-04-15,2026,1,BAL,ARI,5.0,8.0,0
2026-04-15,2026,1,PHI,CHC,2.0,11.0,0
2026-04-15,2026,1,NYY,LAA,5.0,4.0,1
2026-04-16,2026,1,PIT,WSH,7.0,8.0,0
2026-04-16,2026,1,CIN,SF,0.0,3.0,0
2026-04-16,2026,1,DET,KC,10.0,9.0,1
2026-04-16,2026,1,MIL,TOR,2.0,1.0,1
2026-04-16,2026,1,ATH,TEX,6.0,9.0,0
2026-04-16,2026,1,SD,SEA,5.0,2.0,1
2026-04-16,2026,1,NYY,LAA,4.0,11.0,0
2026-04-16,2026,1,HOU,COL,2.0,3.0,0
2026-04-16,2026,1,CLE,BAL,4.0,2.0,1
2026-04-16,2026,1,CWS,TB,3.0,5.0,0
2026-04-17,2026,1,LAA,SD,8.0,0.0,1
2026-04-17,2026,1,WSH,SF,5.0,10.0,0
2026-04-17,2026,1,COL,LAD,1.0,7.0,0
2026-04-17,2026,1,NYY,KC,4.0,2.0,1
2026-04-17,2026,1,HOU,STL,4.0,9.0,0
2026-04-17,2026,1,ARI,TOR,6.0,3.0,1
2026-04-17,2026,1,PIT,TB,5.0,1.0,1
2026-04-17,2026,1,CHC,NYM,12.0,4.0,1
2026-04-17,2026,1,SEA,TEX,0.0,5.0,0
2026-04-17,2026,1,CLE,BAL,4.0,6.0,0
2026-04-17,2026,1,PHI,ATL,0.0,9.0,0
2026-04-17,2026,1,ATH,CWS,2.0,9.0,0
2026-04-17,2026,1,MIN,CIN,1.0,2.0,0
2026-04-17,2026,1,BOS,DET,1.0,0.0,1
2026-04-17,2026,1,MIA,MIL,5.0,7.0,0
2026-04-18,2026,1,ARI,TOR,6.0,2.0,1
2026-04-18,2026,1,BOS,DET,1.0,4.0,0
2026-04-18,2026,1,CHC,NYM,4.0,2.0,1
2026-04-18,2026,1,PHI,ATL,1.0,3.0,0
2026-04-18,2026,1,WSH,SF,6.0,7.0,0
2026-04-18,2026,1,COL,LAD,4.0,3.0,1
2026-04-18,2026,1,NYY,KC,13.0,4.0,1
2026-04-18,2026,1,CLE,BAL,4.0,2.0,1
2026-04-18,2026,1,LAA,SD,1.0,4.0,0
2026-04-18,2026,1,SEA,TEX,7.0,3.0,1
2026-04-18,2026,1,ATH,CWS,7.0,6.0,1
2026-04-18,2026,1,HOU,STL,5.0,7.0,0
2026-04-18,2026,1,MIA,MIL,2.0,5.0,0
2026-04-18,2026,1,MIN,CIN,4.0,5.0,0
2026-04-18,2026,1,PIT,TB,7.0,8.0,0
2026-04-19,2026,1,HOU,STL,5.0,7.0,0
2026-04-19,2026,1,PHI,ATL,2.0,4.0,0
2026-04-19,2026,1,CLE,BAL,8.0,4.0,1
2026-04-19,2026,1,SEA,TEX,5.0,2.0,1
2026-04-19,2026,1,WSH,SF,3.0,0.0,1
2026-04-19,2026,1,ARI,TOR,4.0,10.0,0
2026-04-19,2026,1,COL,LAD,9.0,6.0,1
2026-04-19,2026,1,PIT,TB,6.0,3.0,1
2026-04-19,2026,1,CHC,NYM,2.0,1.0,1
2026-04-19,2026,1,NYY,KC,7.0,0.0,1
2026-04-19,2026,1,BOS,DET,2.0,6.0,0
2026-04-19,2026,1,MIA,MIL,5.0,3.0,1
2026-04-19,2026,1,MIN,CIN,4.0,7.0,0
2026-04-19,2026,1,LAA,SD,1.0,2.0,0
2026-04-19,2026,1,ATH,CWS,4.0,7.0,0
2026-04-20,2026,1,BOS,DET,8.0,6.0,1
2026-04-20,2026,1,TB,CIN,1.0,6.0,0
2026-04-20,2026,1,CLE,HOU,2.0,9.0,0
2026-04-20,2026,1,COL,LAD,3.0,12.0,0
2026-04-20,2026,1,WSH,ATL,4.0,9.0,0
2026-04-20,2026,1,LAA,TOR,2.0,5.0,0
2026-04-20,2026,1,SEA,ATH,4.0,6.0,0
2026-04-20,2026,1,CHC,PHI,5.0,1.0,1
2026-04-20,2026,1,KC,BAL,5.0,7.0,0
2026-04-20,2026,1,MIA,STL,5.0,3.0,1
2026-04-21,2026,1,COL,SD,0.0,1.0,0
2026-04-21,2026,1,CLE,HOU,8.0,5.0,1
2026-04-21,2026,1,CHC,PHI,7.0,4.0,1
2026-04-21,2026,1,WSH,ATL,11.0,4.0,1
2026-04-21,2026,1,LAA,TOR,2.0,4.0,0
2026-04-21,2026,1,NYM,MIN,3.0,5.0,0
2026-04-21,2026,1,TEX,PIT,5.0,1.0,1
2026-04-21,2026,1,MIA,STL,3.0,5.0,0
2026-04-21,2026,1,DET,MIL,4.0,12.0,0
2026-04-21,2026,1,SEA,ATH,2.0,5.0,0
2026-04-21,2026,1,KC,BAL,6.0,5.0,1
2026-04-21,2026,1,ARI,CWS,5.0,11.0,0
2026-04-21,2026,1,BOS,NYY,0.0,4.0,0
2026-04-21,2026,1,TB,CIN,6.0,12.0,0
2026-04-21,2026,1,SF,LAD,3.0,1.0,1
2026-04-22,2026,1,COL,SD,8.0,3.0,1
2026-04-22,2026,1,DET,MIL,5.0,2.0,1
2026-04-22,2026,1,NYM,MIN,3.0,2.0,1
2026-04-22,2026,1,SF,LAD,3.0,0.0,1
2026-04-22,2026,1,CHC,PHI,7.0,2.0,1
2026-04-22,2026,1,TB,CIN,6.0,1.0,1
2026-04-22,2026,1,WSH,ATL,6.0,8.0,0
2026-04-22,2026,1,MIA,STL,4.0,1.0,1
2026-04-22,2026,1,ARI,CWS,11.0,7.0,1
2026-04-22,2026,1,KC,BAL,6.0,8.0,0
2026-04-22,2026,1,BOS,NYY,1.0,4.0,0
2026-04-22,2026,1,LAA,TOR,7.0,3.0,1
2026-04-22,2026,1,CLE,HOU,0.0,2.0,0
2026-04-22,2026,1,SEA,ATH,5.0,4.0,1
2026-04-22,2026,1,TEX,PIT,4.0,8.0,0
2026-04-23,2026,1,NYM,MIN,10.0,8.0,1
2026-04-23,2026,1,ARI,CWS,1.0,4.0,0
2026-04-23,2026,1,CHC,PHI,8.0,7.0,1
2026-04-23,2026,1,COL,SD,8.0,10.0,0
2026-04-23,2026,1,SF,LAD,0.0,3.0,0
2026-04-23,2026,1,TEX,PIT,6.0,1.0,1
2026-04-23,2026,1,WSH,ATL,2.0,7.0,0
2026-04-23,2026,1,BOS,NYY,2.0,4.0,0
2026-04-23,2026,1,DET,MIL,5.0,4.0,1
2026-04-24,2026,1,CWS,WSH,5.0,4.0,1
2026-04-24,2026,1,BAL,BOS,10.0,3.0,1
2026-04-24,2026,1,LAD,CHC,4.0,6.0,0
2026-04-24,2026,1,TOR,CLE,6.0,8.0,0
2026-04-24,2026,1,TB,MIN,6.0,2.0,1
2026-04-24,2026,1,SF,MIA,4.0,9.0,0
2026-04-24,2026,1,MIL,PIT,0.0,6.0,0
2026-04-24,2026,1,HOU,NYY,4.0,12.0,0
2026-04-24,2026,1,KC,LAA,6.0,3.0,1
2026-04-24,2026,1,CIN,DET,9.0,8.0,1
2026-04-24,2026,1,NYM,COL,3.0,4.0,0
2026-04-24,2026,1,ATL,PHI,5.0,3.0,1
2026-04-24,2026,1,TEX,ATH,1.0,8.0,0
2026-04-24,2026,1,STL,SEA,2.0,3.0,0
2026-04-25,2026,1,ARI,SD,4.0,6.0,0
2026-04-25,2026,1,HOU,NYY,3.0,8.0,0
2026-04-25,2026,1,LAD,CHC,12.0,4.0,1
2026-04-25,2026,1,STL,SEA,9.0,11.0,0
2026-04-25,2026,1,KC,LAA,12.0,1.0,1
2026-04-25,2026,1,BAL,BOS,1.0,17.0,0
2026-04-25,2026,1,CWS,WSH,3.0,6.0,0
2026-04-25,2026,1,TOR,CLE,5.0,3.0,1
2026-04-25,2026,1,MIL,PIT,3.0,6.0,0
2026-04-25,2026,1,SF,MIA,6.0,2.0,1
2026-04-25,2026,1,TB,MIN,6.0,1.0,1
2026-04-25,2026,1,CIN,DET,9.0,2.0,1
2026-04-25,2026,1,TEX,ATH,4.0,3.0,1
2026-04-25,2026,1,ATL,PHI,5.0,8.0,0
2026-04-26,2026,1,HOU,NYY,7.0,4.0,1
2026-04-26,2026,1,LAD,CHC,6.0,0.0,1
2026-04-26,2026,1,MIL,PIT,5.0,0.0,1
2026-04-26,2026,1,ARI,SD,12.0,7.0,1
2026-04-26,2026,2,NYM,COL,0.0,3.0,0
2026-04-26,2026,1,NYM,COL,1.0,3.0,0
2026-04-26,2026,1,KC,LAA,11.0,9.0,1
2026-04-26,2026,1,BAL,BOS,3.0,5.0,0
2026-04-26,2026,1,SF,MIA,6.0,3.0,1
2026-04-26,2026,1,TOR,CLE,4.0,2.0,1
2026-04-26,2026,1,STL,SEA,2.0,3.0,0
2026-04-26,2026,1,ATL,PHI,6.0,2.0,1
2026-04-26,2026,1,TB,MIN,4.0,2.0,1
2026-04-26,2026,1,CWS,WSH,1.0,2.0,0
2026-04-26,2026,1,CIN,DET,3.0,8.0,0
2026-04-26,2026,1,TEX,ATH,1.0,2.0,0
2026-04-27,2026,1,PIT,STL,2.0,4.0,0
2026-04-27,2026,1,LAD,MIA,5.0,4.0,1
2026-04-27,2026,1,SD,CHC,9.0,7.0,1
2026-04-27,2026,1,TOR,BOS,0.0,5.0,0
2026-04-27,2026,1,CWS,LAA,8.0,7.0,1
2026-04-27,2026,1,CLE,TB,2.0,3.0,0
2026-04-27,2026,1,MIN,SEA,11.0,4.0,1
2026-04-27,2026,1,TEX,NYY,2.0,4.0,0
2026-04-28,2026,1,SD,CHC,3.0,8.0,0
2026-04-28,2026,1,CWS,LAA,5.0,2.0,1
2026-04-28,2026,1,ATL,DET,5.0,2.0,1
2026-04-28,2026,1,CLE,TB,0.0,1.0,0
2026-04-28,2026,1,LAD,MIA,1.0,2.0,0
2026-04-28,2026,1,NYM,WSH,8.0,0.0,1
2026-04-28,2026,1,PIT,STL,7.0,11.0,0
2026-04-28,2026,1,MIL,ARI,13.0,2.0,1
2026-04-28,2026,1,TOR,BOS,3.0,0.0,1
2026-04-28,2026,1,PHI,SF,7.0,0.0,1
2026-04-28,2026,1,TEX,NYY,2.0,3.0,0
2026-04-28,2026,1,ATH,KC,1.0,4.0,0
2026-04-28,2026,1,MIN,SEA,1.0,7.0,0
2026-04-28,2026,1,CIN,COL,7.0,2.0,1
2026-04-28,2026,1,BAL,HOU,5.0,3.0,1
2026-04-29,2026,1,TEX,NYY,3.0,0.0,1
2026-04-29,2026,1,PIT,STL,4.0,5.0,0
2026-04-29,2026,1,CWS,LAA,3.0,2.0,1
2026-04-29,2026,1,MIN,SEA,3.0,5.0,0
2026-04-29,2026,1,CIN,COL,2.0,13.0,0
2026-04-29,2026,1,SD,CHC,4.0,5.0,0
2026-04-29,2026,1,LAD,MIA,2.0,3.0,0
2026-04-29,2026,1,ATL,DET,4.0,3.0,1
2026-04-29,2026,1,NYM,WSH,2.0,14.0,0
2026-04-29,2026,1,ATH,KC,5.0,2.0,1
2026-04-29,2026,1,CLE,TB,3.0,1.0,1
2026-04-29,2026,1,TOR,BOS,8.0,1.0,1
2026-04-29,2026,1,MIL,ARI,2.0,6.0,0
2026-04-30,2026,1,CIN,COL,6.0,4.0,1
2026-04-30,2026,1,ATH,KC,6.0,3.0,1
2026-04-30,2026,1,ATL,DET,2.0,5.0,0
2026-04-30,2026,2,PHI,SF,6.0,5.0,1
2026-04-30,2026,1,PHI,SF,3.0,2.0,1
2026-04-30,2026,1,BAL,HOU,10.0,3.0,1
2026-04-30,2026,2,BAL,HOU,5.0,11.0,0
2026-04-30,2026,1,NYM,WSH,4.0,5.0,0
2026-04-30,2026,1,MIL,ARI,13.0,1.0,1
2026-04-30,2026,1,MIN,TOR,7.0,1.0,1
2026-04-30,2026,1,PIT,STL,5.0,10.0,0
2026-05-01,2026,1,SEA,KC,6.0,7.0,0
2026-05-01,2026,1,WSH,MIL,1.0,6.0,0
2026-05-01,2026,1,BOS,HOU,3.0,1.0,1
2026-05-01,2026,1,MIN,TOR,3.0,7.0,0
2026-05-01,2026,1,ATH,CLE,5.0,8.0,0
2026-05-01,2026,1,SD,CWS,2.0,8.0,0
2026-05-01,2026,1,COL,ATL,6.0,8.0,0
2026-05-01,2026,1,MIA,PHI,5.0,6.0,0
2026-05-01,2026,1,NYY,BAL,7.0,2.0,1
2026-05-01,2026,1,STL,LAD,7.0,2.0,1
2026-05-01,2026,1,CHC,ARI,6.0,5.0,1
2026-05-01,2026,1,LAA,NYM,3.0,4.0,0
2026-05-01,2026,1,PIT,CIN,9.0,1.0,1
2026-05-01,2026,1,DET,TEX,4.0,5.0,0
2026-05-01,2026,1,TB,SF,3.0,0.0,1
2026-05-02,2026,1,MIN,TOR,4.0,11.0,0
2026-05-02,2026,1,BOS,HOU,3.0,6.0,0
2026-05-02,2026,1,MIA,PHI,4.0,0.0,1
2026-05-02,2026,1,ATH,CLE,6.0,14.0,0
2026-05-02,2026,1,CHC,ARI,2.0,0.0,1
2026-05-02,2026,1,STL,LAD,3.0,2.0,1
2026-05-02,2026,1,NYY,BAL,9.0,4.0,1
2026-05-02,2026,1,TB,SF,5.0,1.0,1
2026-05-02,2026,1,WSH,MIL,1.0,4.0,0
2026-05-02,2026,1,LAA,NYM,4.0,3.0,1
2026-05-02,2026,1,PIT,CIN,17.0,7.0,1
2026-05-02,2026,1,COL,ATL,1.0,9.0,0
2026-05-02,2026,1,DET,TEX,5.0,1.0,1
2026-05-02,2026,1,SEA,KC,2.0,3.0,0
2026-05-02,2026,1,SD,CWS,0.0,4.0,0
2026-05-03,2026,1,TB,SF,2.0,1.0,1
2026-05-03,2026,1,COL,ATL,6.0,11.0,0
2026-05-03,2026,1,WSH,MIL,3.0,2.0,1
2026-05-03,2026,1,MIN,TOR,4.0,3.0,1
2026-05-03,2026,1,MIA,PHI,2.0,7.0,0
2026-05-03,2026,1,SD,CWS,4.0,3.0,1
2026-05-03,2026,1,CHC,ARI,8.0,4.0,1
2026-05-03,2026,1,ATH,CLE,7.0,1.0,1
2026-05-03,2026,1,STL,LAD,1.0,4.0,0
2026-05-03,2026,1,NYY,BAL,11.0,3.0,1
2026-05-03,2026,1,DET,TEX,7.0,1.0,1
2026-05-03,2026,1,BOS,HOU,1.0,3.0,0
2026-05-03,2026,1,LAA,NYM,1.0,5.0,0
2026-05-03,2026,1,PIT,CIN,1.0,0.0,1
2026-05-03,2026,1,SEA,KC,1.0,4.0,0
2026-05-04,2026,1,MIA,PHI,0.0,1.0,0
2026-05-04,2026,1,TB,TOR,5.0,1.0,1
2026-05-04,2026,1,LAA,CWS,0.0,6.0,0
2026-05-04,2026,1,KC,CLE,6.0,2.0,1
2026-05-04,2026,1,CHC,CIN,5.0,4.0,1
2026-05-04,2026,1,SF,SD,3.0,2.0,1
2026-05-04,2026,1,DET,BOS,4.0,5.0,0
2026-05-04,2026,1,SEA,ATL,5.0,4.0,1
2026-05-04,2026,1,COL,NYM,2.0,4.0,0
2026-05-04,2026,1,HOU,LAD,3.0,8.0,0
2026-05-04,2026,1,NYY,BAL,12.0,1.0,1
2026-05-04,2026,1,STL,MIL,6.0,3.0,1
2026-05-05,2026,1,TB,TOR,4.0,3.0,1
2026-05-05,2026,1,CHC,CIN,3.0,2.0,1
2026-05-05,2026,1,ARI,PIT,9.0,0.0,1
2026-05-05,2026,1,DET,BOS,3.0,10.0,0
2026-05-05,2026,1,KC,CLE,5.0,3.0,1
2026-05-05,2026,1,NYY,TEX,7.0,4.0,1
2026-05-05,2026,1,LAA,CWS,4.0,3.0,1
2026-05-05,2026,1,SF,SD,5.0,10.0,0
2026-05-05,2026,1,SEA,ATL,2.0,3.0,0
2026-05-05,2026,1,HOU,LAD,2.0,1.0,1
2026-05-05,2026,1,WSH,MIN,3.0,11.0,0
2026-05-05,2026,1,MIA,BAL,7.0,9.0,0
2026-05-05,2026,1,PHI,ATH,9.0,1.0,1
2026-05-06,2026,1,MIA,BAL,4.0,7.0,0
2026-05-06,2026,1,SF,SD,1.0,5.0,0
2026-05-06,2026,1,COL,NYM,5.0,10.0,0
2026-05-06,2026,1,TB,TOR,3.0,0.0,1
2026-05-06,2026,1,STL,MIL,2.0,6.0,0
2026-05-06,2026,1,HOU,LAD,2.0,12.0,0
2026-05-06,2026,1,DET,BOS,0.0,4.0,0
2026-05-06,2026,1,CHC,CIN,7.0,6.0,1
2026-05-06,2026,1,WSH,MIN,15.0,2.0,1
2026-05-06,2026,1,ARI,PIT,0.0,1.0,0
2026-05-06,2026,1,PHI,ATH,6.0,3.0,1
2026-05-06,2026,1,SEA,ATL,3.0,1.0,1
2026-05-06,2026,1,KC,CLE,1.0,3.0,0
2026-05-06,2026,1,NYY,TEX,1.0,6.0,0
2026-05-06,2026,1,LAA,CWS,8.0,2.0,1
2026-05-07,2026,1,SD,STL,1.0,2.0,0
2026-05-07,2026,1,MIA,BAL,4.0,3.0,1
2026-05-07,2026,1,BOS,TB,4.0,8.0,0
2026-05-07,2026,1,KC,CLE,5.0,8.0,0
2026-05-07,2026,1,ARI,PIT,2.0,4.0,0
2026-05-07,2026,1,COL,NYM,6.0,2.0,1
2026-05-07,2026,1,NYY,TEX,9.0,2.0,1
2026-05-07,2026,1,WSH,MIN,7.0,5.0,1
2026-05-07,2026,1,PHI,ATH,1.0,12.0,0
2026-05-07,2026,1,CHC,CIN,8.0,3.0,1
2026-05-08,2026,1,BOS,TB,2.0,0.0,1
2026-05-08,2026,1,CWS,SEA,8.0,12.0,0
2026-05-08,2026,1,SF,PIT,5.0,2.0,1
2026-05-08,2026,1,CLE,MIN,6.0,4.0,1
2026-05-08,2026,1,TOR,LAA,2.0,0.0,1
2026-05-08,2026,1,CIN,HOU,0.0,10.0,0
2026-05-08,2026,1,BAL,ATH,3.0,4.0,0
2026-05-08,2026,1,LAD,ATL,3.0,1.0,1
2026-05-08,2026,1,PHI,COL,7.0,9.0,0
2026-05-08,2026,1,MIL,NYY,6.0,0.0,1
2026-05-08,2026,1,TEX,CHC,1.0,7.0,0
2026-05-08,2026,1,KC,DET,4.0,3.0,1
2026-05-08,2026,1,MIA,WSH,2.0,3.0,0
2026-05-08,2026,1,SD,STL,0.0,6.0,0
2026-05-08,2026,1,ARI,NYM,1.0,3.0,0
2026-05-09,2026,1,SD,STL,4.0,2.0,1
2026-05-09,2026,1,BAL,ATH,2.0,6.0,0
2026-05-09,2026,1,ARI,NYM,2.0,1.0,1
2026-05-09,2026,1,LAD,ATL,2.0,7.0,0
2026-05-09,2026,1,MIL,NYY,4.0,3.0,1
2026-05-09,2026,1,MIA,WSH,8.0,7.0,1
2026-05-09,2026,1,TEX,CHC,6.0,0.0,1
2026-05-09,2026,1,CWS,SEA,6.0,1.0,1
2026-05-09,2026,1,CIN,HOU,3.0,1.0,1
2026-05-09,2026,1,KC,DET,5.0,1.0,1
2026-05-09,2026,1,PHI,COL,9.0,3.0,1
2026-05-09,2026,1,CLE,MIN,1.0,2.0,0
2026-05-09,2026,1,TOR,LAA,14.0,1.0,1
2026-05-09,2026,1,SF,PIT,3.0,13.0,0
2026-05-10,2026,1,TOR,LAA,1.0,6.0,0
2026-05-10,2026,1,CWS,SEA,2.0,1.0,1
2026-05-10,2026,1,CIN,HOU,5.0,0.0,1
2026-05-10,2026,1,TEX,CHC,3.0,0.0,1
2026-05-10,2026,1,ARI,NYM,5.0,1.0,1
2026-05-10,2026,1,SD,STL,3.0,2.0,1
2026-05-10,2026,1,CLE,MIN,4.0,5.0,0
2026-05-10,2026,1,LAD,ATL,2.0,7.0,0
2026-05-10,2026,1,PHI,COL,6.0,0.0,1
2026-05-10,2026,1,KC,DET,3.0,6.0,0
2026-05-10,2026,1,SF,PIT,7.0,6.0,1
2026-05-10,2026,1,MIL,NYY,4.0,3.0,1
2026-05-10,2026,1,BOS,TB,1.0,4.0,0
2026-05-10,2026,1,BAL,ATH,2.0,1.0,1
2026-05-10,2026,1,MIA,WSH,5.0,2.0,1
2026-05-11,2026,1,CLE,LAA,7.0,2.0,1
2026-05-11,2026,1,TOR,TB,5.0,8.0,0
2026-05-11,2026,1,LAD,SF,3.0,9.0,0
2026-05-11,2026,1,BAL,NYY,3.0,2.0,1
2026-05-11,2026,1,HOU,SEA,1.0,3.0,0
2026-05-11,2026,1,TEX,ARI,0.0,1.0,0
2026-05-12,2026,1,MIL,SD,6.0,4.0,1
2026-05-12,2026,1,TOR,TB,6.0,7.0,0
2026-05-12,2026,1,CLE,LAA,3.0,2.0,1
2026-05-12,2026,1,HOU,SEA,2.0,10.0,0
2026-05-12,2026,1,LAD,SF,2.0,6.0,0
2026-05-12,2026,1,BAL,NYY,2.0,6.0,0
2026-05-12,2026,1,PIT,COL,3.0,1.0,1
2026-05-12,2026,1,CIN,WSH,4.0,10.0,0
2026-05-12,2026,1,TEX,ARI,7.0,4.0,1
2026-05-12,2026,1,CWS,KC,6.0,5.0,1
2026-05-12,2026,1,MIN,MIA,3.0,0.0,1
2026-05-12,2026,1,ATL,CHC,5.0,2.0,1
2026-05-12,2026,1,NYM,DET,10.0,2.0,1
2026-05-12,2026,1,ATH,STL,4.0,6.0,0
2026-05-12,2026,1,BOS,PHI,1.0,2.0,0
2026-05-13,2026,1,BOS,PHI,3.0,1.0,1
2026-05-13,2026,1,NYM,DET,3.0,2.0,1
2026-05-13,2026,1,MIN,MIA,5.0,9.0,0
2026-05-13,2026,1,ATH,STL,6.0,2.0,1
2026-05-13,2026,1,CLE,LAA,4.0,2.0,1
2026-05-13,2026,1,LAD,SF,4.0,0.0,1
2026-05-13,2026,1,MIL,SD,1.0,3.0,0
2026-05-13,2026,1,PIT,COL,4.0,10.0,0
2026-05-13,2026,1,HOU,SEA,4.0,3.0,1
2026-05-13,2026,1,TOR,TB,5.0,3.0,1
2026-05-13,2026,1,CIN,WSH,7.0,8.0,0
2026-05-13,2026,1,TEX,ARI,6.0,5.0,1
2026-05-13,2026,1,CWS,KC,6.0,5.0,1
2026-05-13,2026,1,BAL,NYY,7.0,0.0,1
2026-05-13,2026,1,ATL,CHC,4.0,1.0,1
2026-05-14,2026,1,MIN,MIA,9.0,1.0,1
2026-05-14,2026,1,MIL,SD,7.0,1.0,1
2026-05-14,2026,1,PIT,COL,7.0,2.0,1
2026-05-14,2026,1,HOU,SEA,3.0,8.0,0
2026-05-14,2026,1,CIN,WSH,15.0,1.0,1
2026-05-14,2026,1,NYM,DET,9.0,4.0,1
2026-05-14,2026,1,ATH,STL,4.0,5.0,0
2026-05-14,2026,1,ATL,CHC,0.0,2.0,0
2026-05-14,2026,1,CWS,KC,6.0,2.0,1
2026-05-14,2026,1,BOS,PHI,1.0,3.0,0
2026-05-14,2026,1,LAD,SF,5.0,2.0,1
2026-05-15,2026,1,WSH,BAL,3.0,2.0,1
2026-05-15,2026,1,TB,MIA,7.0,2.0,1
2026-05-15,2026,1,ATL,BOS,3.0,2.0,1
2026-05-15,2026,1,MIN,MIL,2.0,3.0,0
2026-05-15,2026,1,ATH,SF,5.0,2.0,1
2026-05-15,2026,1,STL,KC,5.0,4.0,1
2026-05-15,2026,1,CLE,CIN,6.0,7.0,0
2026-05-15,2026,1,DET,TOR,3.0,2.0,1
2026-05-15,2026,1,NYM,NYY,2.0,5.0,0
2026-05-15,2026,1,HOU,TEX,2.0,0.0,1
2026-05-15,2026,1,LAA,LAD,0.0,6.0,0
2026-05-15,2026,1,PIT,PHI,9.0,11.0,0
2026-05-15,2026,1,SEA,SD,0.0,2.0,0
2026-05-15,2026,1,CWS,CHC,5.0,10.0,0
2026-05-15,2026,1,COL,ARI,1.0,9.0,0
2026-05-16,2026,1,TB,MIA,5.0,10.0,0
2026-05-16,2026,1,COL,ARI,4.0,2.0,1
2026-05-16,2026,1,PIT,PHI,0.0,6.0,0
2026-05-16,2026,1,WSH,BAL,13.0,3.0,1
2026-05-16,2026,1,CWS,CHC,8.0,3.0,1
2026-05-16,2026,1,HOU,TEX,4.0,1.0,1
2026-05-16,2026,1,LAA,LAD,2.0,15.0,0
2026-05-16,2026,1,MIN,MIL,1.0,2.0,0
2026-05-16,2026,1,CLE,CIN,7.0,4.0,1
2026-05-16,2026,1,ATH,SF,4.0,6.0,0
2026-05-16,2026,1,NYM,NYY,6.0,3.0,1
2026-05-16,2026,1,DET,TOR,1.0,2.0,0
2026-05-16,2026,1,SEA,SD,4.0,7.0,0
2026-05-16,2026,1,STL,KC,4.0,2.0,1
2026-05-16,2026,1,ATL,BOS,2.0,3.0,0
2026-05-17,2026,1,LAA,LAD,1.0,10.0,0
2026-05-17,2026,1,MIN,MIL,5.0,4.0,1
2026-05-17,2026,1,CWS,CHC,9.0,8.0,1
2026-05-17,2026,1,COL,ARI,6.0,8.0,0
2026-05-17,2026,1,SEA,SD,3.0,8.0,0
2026-05-17,2026,1,PIT,PHI,0.0,6.0,0
2026-05-17,2026,1,TB,MIA,6.0,3.0,1
2026-05-17,2026,1,HOU,TEX,0.0,8.0,0
2026-05-17,2026,1,DET,TOR,1.0,4.0,0
2026-05-17,2026,1,STL,KC,0.0,2.0,0
2026-05-17,2026,1,NYM,NYY,7.0,6.0,1
2026-05-17,2026,1,WSH,BAL,3.0,7.0,0
2026-05-17,2026,1,ATH,SF,1.0,10.0,0
2026-05-17,2026,1,ATL,BOS,8.0,1.0,1
2026-05-17,2026,1,CLE,CIN,10.0,3.0,1
2026-05-18,2026,1,SEA,CWS,6.0,1.0,1
2026-05-18,2026,1,COL,TEX,7.0,6.0,1
2026-05-18,2026,1,MIN,HOU,6.0,3.0,1
2026-05-18,2026,1,SD,LAD,1.0,0.0,1
2026-05-18,2026,1,WSH,NYM,7.0,16.0,0
2026-05-18,2026,1,PHI,CIN,5.0,4.0,1
2026-05-18,2026,1,ARI,SF,12.0,2.0,1
2026-05-18,2026,1,NYY,TOR,7.0,6.0,1
2026-05-18,2026,1,CHC,MIL,3.0,9.0,0
2026-05-18,2026,1,KC,BOS,1.0,3.0,0
2026-05-18,2026,1,DET,CLE,2.0,8.0,0
2026-05-18,2026,1,LAA,ATH,2.0,1.0,1
2026-05-18,2026,1,TB,BAL,16.0,6.0,1
2026-05-18,2026,1,MIA,ATL,12.0,0.0,1
2026-05-19,2026,1,WSH,NYM,9.0,6.0,1
2026-05-19,2026,1,DET,CLE,3.0,4.0,0
2026-05-19,2026,1,LAA,ATH,6.0,14.0,0
2026-05-19,2026,1,PHI,CIN,1.0,4.0,0
2026-05-19,2026,1,ARI,SF,5.0,3.0,1
2026-05-19,2026,1,SD,LAD,4.0,5.0,0
2026-05-19,2026,1,COL,TEX,0.0,10.0,0
2026-05-19,2026,1,NYY,TOR,5.0,4.0,1
2026-05-19,2026,1,MIN,HOU,1.0,2.0,0
2026-05-19,2026,1,STL,PIT,9.0,6.0,1
2026-05-19,2026,1,TB,BAL,4.0,1.0,1
2026-05-19,2026,1,MIA,ATL,4.0,8.0,0
2026-05-19,2026,1,SEA,CWS,1.0,2.0,0
2026-05-19,2026,1,KC,BOS,1.0,7.0,0
2026-05-19,2026,1,CHC,MIL,2.0,5.0,0
2026-05-20,2026,1,PHI,CIN,4.0,9.0,0
2026-05-20,2026,1,COL,TEX,4.0,5.0,0
2026-05-20,2026,1,MIA,ATL,1.0,9.0,0
2026-05-20,2026,1,LAA,ATH,5.0,6.0,0
2026-05-20,2026,1,WSH,NYM,8.0,4.0,1
2026-05-20,2026,1,NYY,TOR,1.0,2.0,0
2026-05-20,2026,1,SEA,CWS,5.0,4.0,1
2026-05-20,2026,1,KC,BOS,3.0,4.0,0
2026-05-20,2026,1,TB,BAL,5.0,3.0,1
2026-05-20,2026,1,DET,CLE,2.0,3.0,0
2026-05-20,2026,1,ARI,SF,6.0,3.0,1
2026-05-20,2026,1,CHC,MIL,0.0,5.0,0
2026-05-20,2026,1,STL,PIT,0.0,7.0,0
2026-05-20,2026,1,SD,LAD,0.0,4.0,0
2026-05-20,2026,1,MIN,HOU,4.0,1.0,1
2026-05-21,2026,1,STL,PIT,2.0,6.0,0
2026-05-21,2026,1,MIA,ATL,3.0,9.0,0
2026-05-21,2026,1,DET,CLE,1.0,3.0,0
2026-05-21,2026,1,LAA,ATH,2.0,3.0,0
2026-05-21,2026,1,WSH,NYM,1.0,2.0,0
2026-05-21,2026,1,NYY,TOR,0.0,2.0,0
2026-05-21,2026,1,ARI,COL,2.0,1.0,1
2026-05-22,2026,1,PHI,CLE,0.0,1.0,0
2026-05-22,2026,1,TOR,PIT,6.0,2.0,1
2026-05-22,2026,1,SF,CWS,4.0,9.0,0
2026-05-22,2026,1,NYY,TB,2.0,4.0,0
2026-05-22,2026,1,SD,ATH,7.0,3.0,1
2026-05-22,2026,1,LAA,TEX,9.0,6.0,1
2026-05-22,2026,1,ATL,WSH,5.0,4.0,1
2026-05-22,2026,1,ARI,COL,2.0,3.0,0
2026-05-22,2026,1,MIA,NYM,2.0,1.0,1
2026-05-22,2026,1,BAL,DET,7.0,4.0,1
2026-05-22,2026,1,MIL,LAD,5.0,1.0,1
2026-05-22,2026,1,CHC,HOU,2.0,4.0,0
2026-05-22,2026,1,BOS,MIN,6.0,8.0,0
2026-05-22,2026,1,KC,SEA,0.0,2.0,0
2026-05-23,2026,1,LAA,TEX,5.0,2.0,1
2026-05-23,2026,1,CIN,STL,1.0,8.0,0
2026-05-23,2026,1,MIL,LAD,3.0,11.0,0
2026-05-23,2026,1,CHC,HOU,0.0,3.0,0
2026-05-23,2026,2,CIN,STL,7.0,6.0,1
2026-05-23,2026,1,BOS,MIN,2.0,4.0,0
2026-05-23,2026,1,ARI,COL,5.0,4.0,1
2026-05-23,2026,1,SD,ATH,2.0,0.0,1
2026-05-23,2026,1,TOR,PIT,5.0,2.0,1
2026-05-23,2026,1,PHI,CLE,3.0,0.0,1
2026-05-23,2026,1,MIA,NYM,4.0,1.0,1
2026-05-23,2026,1,KC,SEA,5.0,0.0,1
2026-05-23,2026,1,ATL,WSH,0.0,2.0,0
2026-05-23,2026,1,SF,CWS,10.0,3.0,1
2026-05-24,2026,1,MIA,NYM,4.0,0.0,1
2026-05-24,2026,2,BAL,DET,1.0,4.0,0
2026-05-24,2026,1,LAA,TEX,2.0,1.0,1
2026-05-24,2026,1,TOR,PIT,1.0,4.0,0
2026-05-24,2026,1,MIL,LAD,1.0,5.0,0
2026-05-24,2026,1,SF,CWS,8.0,5.0,1
2026-05-24,2026,1,PHI,CLE,1.0,3.0,0
2026-05-24,2026,1,BOS,MIN,5.0,6.0,0
2026-05-24,2026,1,SD,ATH,2.0,5.0,0
2026-05-24,2026,1,NYY,TB,2.0,0.0,1
2026-05-24,2026,1,CHC,HOU,5.0,8.0,0
2026-05-24,2026,1,BAL,DET,5.0,3.0,1
2026-05-24,2026,1,ATL,WSH,1.0,2.0,0
2026-05-24,2026,1,ARI,COL,9.0,1.0,1
2026-05-24,2026,1,KC,SEA,8.0,6.0,1
2026-05-25,2026,1,TEX,HOU,0.0,9.0,0
2026-05-25,2026,1,ATH,SEA,2.0,9.0,0
2026-05-25,2026,1,CWS,MIN,3.0,1.0,1
2026-05-25,2026,1,PIT,CHC,2.0,1.0,1
2026-05-25,2026,1,CLE,WSH,2.0,10.0,0
2026-05-25,2026,1,LAD,COL,5.0,3.0,1
2026-05-25,2026,1,SD,PHI,0.0,3.0,0
2026-05-25,2026,1,SF,ARI,2.0,6.0,0
2026-05-25,2026,1,NYM,CIN,2.0,7.0,0
2026-05-25,2026,1,BAL,TB,9.0,7.0,1
2026-05-25,2026,1,TOR,MIA,2.0,8.0,0
2026-05-25,2026,1,KC,NYY,3.0,4.0,0
2026-05-25,2026,1,MIL,STL,5.0,1.0,1
2026-05-26,2026,1,TEX,HOU,10.0,7.0,1
2026-05-26,2026,1,BOS,ATL,6.0,7.0,0
2026-05-26,2026,1,KC,NYY,1.0,15.0,0
2026-05-26,2026,1,BAL,TB,6.0,1.0,1
2026-05-26,2026,1,ATH,SEA,1.0,4.0,0
2026-05-26,2026,1,LAD,COL,15.0,6.0,1
2026-05-26,2026,1,NYM,CIN,2.0,7.0,0
2026-05-26,2026,1,CLE,WSH,3.0,6.0,0
2026-05-26,2026,1,DET,LAA,6.0,10.0,0
2026-05-26,2026,1,CWS,MIN,3.0,5.0,0
2026-05-26,2026,1,MIL,STL,6.0,0.0,1
2026-05-26,2026,1,SD,PHI,3.0,4.0,0
2026-05-26,2026,1,PIT,CHC,12.0,1.0,1
2026-05-26,2026,1,SF,ARI,5.0,7.0,0
2026-05-26,2026,1,TOR,MIA,8.0,1.0,1
2026-05-27,2026,1,BOS,ATL,8.0,0.0,1
2026-05-27,2026,1,TEX,HOU,3.0,4.0,0
2026-05-27,2026,1,KC,NYY,0.0,7.0,0
2026-05-27,2026,1,PIT,CHC,4.0,10.0,0
2026-05-27,2026,1,SF,ARI,2.0,3.0,0
2026-05-27,2026,1,BAL,TB,11.0,2.0,1
2026-05-27,2026,1,ATH,SEA,1.0,9.0,0
2026-05-27,2026,1,CLE,WSH,3.0,2.0,1
2026-05-27,2026,1,MIL,STL,2.0,1.0,1
2026-05-27,2026,1,NYM,CIN,4.0,2.0,1
2026-05-27,2026,1,SD,PHI,0.0,3.0,0
2026-05-27,2026,1,CWS,MIN,15.0,2.0,1
2026-05-27,2026,1,LAD,COL,4.0,1.0,1
2026-05-27,2026,1,DET,LAA,4.0,0.0,1
2026-05-27,2026,1,TOR,MIA,2.0,1.0,1
2026-05-28,2026,1,BOS,ATL,2.0,10.0,0
2026-05-28,2026,1,PIT,CHC,2.0,7.0,0
2026-05-28,2026,1,TEX,HOU,1.0,5.0,0
2026-05-28,2026,1,BAL,TOR,1.0,2.0,0
2026-05-28,2026,1,DET,LAA,1.0,7.0,0
2026-05-28,2026,1,CWS,MIN,6.0,2.0,1
2026-05-29,2026,1,HOU,MIL,4.0,5.0,0
2026-05-29,2026,1,CIN,ATL,3.0,8.0,0
2026-05-29,2026,1,COL,SF,8.0,6.0,1
2026-05-29,2026,1,SEA,ARI,7.0,6.0,1
2026-05-29,2026,1,CWS,DET,4.0,3.0,1
2026-05-29,2026,1,TB,LAA,8.0,5.0,1
2026-05-29,2026,1,WSH,SD,5.0,7.0,0
2026-05-29,2026,1,CLE,BOS,4.0,3.0,1
2026-05-29,2026,1,STL,CHC,6.0,5.0,1
2026-05-29,2026,1,PIT,MIN,6.0,5.0,1
2026-05-29,2026,1,LAD,PHI,4.0,2.0,1
2026-05-29,2026,1,ATH,NYY,2.0,8.0,0
2026-05-29,2026,1,BAL,TOR,5.0,6.0,0
2026-05-29,2026,1,NYM,MIA,9.0,7.0,1
2026-05-29,2026,1,TEX,KC,9.0,1.0,1
2026-05-30,2026,1,CIN,ATL,2.0,5.0,0
2026-05-30,2026,1,TB,LAA,3.0,14.0,0
2026-05-30,2026,1,NYM,MIA,6.0,1.0,1
2026-05-30,2026,1,PIT,MIN,10.0,9.0,1
2026-05-30,2026,1,SEA,ARI,5.0,1.0,1
2026-05-30,2026,1,LAD,PHI,3.0,4.0,0
2026-05-30,2026,1,CWS,DET,7.0,1.0,1
2026-05-30,2026,1,STL,CHC,1.0,6.0,0
2026-05-30,2026,1,ATH,NYY,6.0,4.0,1
2026-05-30,2026,1,WSH,SD,9.0,4.0,1
2026-05-30,2026,1,BAL,TOR,6.0,5.0,1
2026-05-30,2026,1,HOU,MIL,9.0,2.0,1
2026-05-30,2026,1,CLE,BOS,1.0,9.0,0
2026-05-30,2026,1,TEX,KC,7.0,6.0,1
2026-05-30,2026,1,COL,SF,8.0,3.0,1
2026-05-31,2026,1,TEX,KC,6.0,3.0,1
2026-05-31,2026,1,COL,SF,6.0,19.0,0
2026-05-31,2026,1,CWS,DET,2.0,1.0,1
2026-05-31,2026,1,STL,CHC,5.0,1.0,1
2026-05-31,2026,1,ATH,NYY,8.0,13.0,0
2026-05-31,2026,1,NYM,MIA,10.0,1.0,1
2026-05-31,2026,1,PIT,MIN,9.0,3.0,1
2026-05-31,2026,1,HOU,MIL,0.0,2.0,0
2026-05-31,2026,1,CIN,ATL,6.0,4.0,1
2026-05-31,2026,1,BAL,TOR,9.0,5.0,1
2026-05-31,2026,1,CLE,BOS,4.0,9.0,0
2026-05-31,2026,1,TB,LAA,5.0,2.0,1
2026-05-31,2026,1,LAD,PHI,9.0,1.0,1
2026-05-31,2026,1,WSH,SD,4.0,2.0,1
2026-05-31,2026,1,SEA,ARI,3.0,2.0,1
2026-06-01,2026,1,MIN,CWS,9.0,6.0,1
2026-06-01,2026,1,SEA,NYM,3.0,2.0,1
2026-06-01,2026,1,WSH,MIA,3.0,7.0,0
2026-06-01,2026,1,MIL,SF,16.0,2.0,1
2026-06-01,2026,1,ARI,LAD,4.0,1.0,1
2026-06-01,2026,1,LAA,COL,8.0,9.0,0
2026-06-01,2026,1,STL,TEX,1.0,2.0,0
2026-06-01,2026,1,CIN,KC,2.0,9.0,0
2026-06-01,2026,1,TB,DET,9.0,10.0,0
2026-06-02,2026,1,CIN,KC,4.0,3.0,1
2026-06-02,2026,1,MIN,CWS,6.0,4.0,1
2026-06-02,2026,1,STL,TEX,4.0,7.0,0
2026-06-02,2026,1,ATL,TOR,4.0,3.0,1
2026-06-02,2026,1,LAA,COL,2.0,8.0,0
2026-06-02,2026,1,SEA,NYM,8.0,3.0,1
2026-06-02,2026,1,CHC,ATH,1.0,2.0,0
2026-06-02,2026,1,WSH,MIA,3.0,7.0,0
2026-06-02,2026,1,TB,DET,0.0,8.0,0
2026-06-02,2026,1,ARI,LAD,5.0,6.0,0
2026-06-02,2026,1,HOU,PIT,6.0,10.0,0
2026-06-02,2026,1,NYY,CLE,4.0,9.0,0
2026-06-02,2026,1,MIL,SF,8.0,3.0,1
2026-06-02,2026,1,PHI,SD,3.0,2.0,1
2026-06-02,2026,1,BOS,BAL,2.0,4.0,0
2026-06-03,2026,1,STL,TEX,5.0,3.0,1
2026-06-03,2026,1,PHI,SD,3.0,2.0,1
2026-06-03,2026,1,CIN,KC,2.0,5.0,0
2026-06-03,2026,1,HOU,PIT,11.0,9.0,1
2026-06-03,2026,1,CHC,ATH,4.0,5.0,0
2026-06-03,2026,1,ARI,LAD,0.0,7.0,0
2026-06-03,2026,1,MIL,SF,0.0,1.0,0
2026-06-03,2026,1,LAA,COL,11.0,4.0,1
2026-06-03,2026,1,WSH,MIA,1.0,4.0,0
2026-06-03,2026,1,MIN,CWS,0.0,8.0,0
2026-06-03,2026,1,SEA,NYM,1.0,7.0,0
2026-06-03,2026,1,NYY,CLE,4.0,5.0,0
2026-06-03,2026,1,BOS,BAL,8.0,1.0,1
2026-06-03,2026,1,ATL,TOR,7.0,3.0,1
2026-06-03,2026,1,TB,DET,2.0,7.0,0
2026-06-04,2026,1,HOU,PIT,1.0,5.0,0
2026-06-04,2026,1,MIL,SF,9.0,12.0,0
2026-06-04,2026,1,PHI,SD,6.0,4.0,1
2026-06-04,2026,1,ARI,LAD,3.0,2.0,1
2026-06-04,2026,1,CHC,ATH,7.0,6.0,1
2026-06-04,2026,1,NYY,CLE,2.0,1.0,1
2026-06-04,2026,1,ATL,TOR,2.0,7.0,0
2026-06-04,2026,1,BOS,BAL,2.0,8.0,0
2026-06-04,2026,1,MIN,KC,6.0,8.0,0
2026-06-05,2026,1,STL,CIN,10.0,3.0,1
2026-06-05,2026,1,ARI,WSH,1.0,14.0,0
2026-06-05,2026,1,MIA,TB,0.0,6.0,0
2026-06-05,2026,1,HOU,ATH,5.0,1.0,1
2026-06-05,2026,1,NYY,BOS,3.0,5.0,0
2026-06-05,2026,1,COL,MIL,7.0,9.0,0
2026-06-05,2026,1,ATL,PIT,6.0,3.0,1
2026-06-05,2026,1,CHC,SF,3.0,18.0,0
2026-06-05,2026,1,DET,SEA,7.0,3.0,1
2026-06-05,2026,1,PHI,CWS,8.0,6.0,1
2026-06-05,2026,1,MIN,KC,5.0,3.0,1
2026-06-05,2026,1,LAD,LAA,1.0,0.0,1
2026-06-05,2026,1,TOR,BAL,3.0,13.0,0
2026-06-05,2026,1,TEX,CLE,3.0,2.0,1
2026-06-05,2026,1,SD,NYM,0.0,5.0,0
2026-06-06,2026,1,COL,MIL,1.0,7.0,0
2026-06-06,2026,1,MIN,KC,2.0,3.0,0
2026-06-06,2026,1,TOR,BAL,6.0,4.0,1
2026-06-06,2026,1,HOU,ATH,13.0,2.0,1
2026-06-06,2026,1,PHI,CWS,3.0,6.0,0
2026-06-06,2026,1,SD,NYM,3.0,2.0,1
2026-06-06,2026,1,ATL,PIT,6.0,3.0,1
2026-06-06,2026,1,MIA,TB,4.0,3.0,1
2026-06-06,2026,1,DET,SEA,0.0,4.0,0
2026-06-06,2026,1,CHC,SF,3.0,2.0,1
2026-06-06,2026,1,ARI,WSH,1.0,6.0,0
2026-06-06,2026,1,LAD,LAA,9.0,2.0,1
2026-06-06,2026,1,STL,CIN,6.0,5.0,1
2026-06-06,2026,1,TEX,CLE,0.0,6.0,0
2026-06-07,2026,1,COL,MIL,4.0,12.0,0
2026-06-07,2026,1,DET,SEA,5.0,4.0,1
2026-06-07,2026,1,NYY,BOS,6.0,1.0,1
2026-06-07,2026,1,TEX,CLE,10.0,0.0,1
2026-06-07,2026,1,PHI,CWS,9.0,5.0,1
2026-06-07,2026,1,SD,NYM,3.0,7.0,0
2026-06-07,2026,1,TOR,BAL,6.0,4.0,1
2026-06-07,2026,1,MIA,TB,4.0,1.0,1
2026-06-07,2026,1,ARI,WSH,5.0,1.0,1
2026-06-07,2026,1,HOU,ATH,0.0,5.0,0
2026-06-07,2026,1,LAD,LAA,5.0,13.0,0
2026-06-07,2026,1,STL,CIN,5.0,3.0,1
2026-06-07,2026,1,MIN,KC,5.0,6.0,0
2026-06-07,2026,1,CHC,SF,1.0,2.0,0
2026-06-07,2026,1,ATL,PIT,3.0,2.0,1
2026-06-08,2026,1,ATH,MIL,14.0,15.0,0
2026-06-08,2026,1,TOR,PHI,2.0,5.0,0
2026-06-08,2026,1,SF,WSH,3.0,4.0,0
2026-06-08,2026,1,LAA,HOU,4.0,5.0,0
2026-06-08,2026,1,BAL,SEA,3.0,6.0,0
2026-06-08,2026,1,TB,BOS,3.0,1.0,1
2026-06-08,2026,1,CLE,NYY,5.0,7.0,0
2026-06-08,2026,1,SD,CIN,6.0,2.0,1
2026-06-09,2026,1,ATH,MIL,7.0,5.0,1
2026-06-09,2026,1,SF,WSH,3.0,6.0,0
2026-06-09,2026,1,BAL,SEA,5.0,6.0,0
2026-06-09,2026,1,MIA,ARI,10.0,6.0,1
2026-06-09,2026,1,CLE,NYY,2.0,3.0,0
2026-06-09,2026,1,NYM,STL,0.0,7.0,0
2026-06-09,2026,1,PIT,LAD,3.0,12.0,0
2026-06-09,2026,1,KC,TEX,5.0,3.0,1
2026-06-09,2026,1,CWS,ATL,6.0,5.0,1
2026-06-09,2026,1,DET,MIN,10.0,4.0,1
2026-06-09,2026,1,SD,CIN,3.0,5.0,0
2026-06-09,2026,1,TOR,PHI,3.0,2.0,1
2026-06-09,2026,1,TB,BOS,4.0,3.0,1
2026-06-09,2026,1,LAA,HOU,10.0,1.0,1
2026-06-09,2026,1,COL,CHC,7.0,3.0,1
2026-06-10,2026,1,COL,CHC,3.0,2.0,1
2026-06-10,2026,1,NYM,STL,2.0,9.0,0
2026-06-10,2026,1,BAL,SEA,7.0,2.0,1
2026-06-10,2026,1,CLE,NYY,4.0,8.0,0
2026-06-10,2026,1,TOR,PHI,4.0,7.0,0
2026-06-10,2026,1,TB,BOS,7.0,5.0,1
2026-06-10,2026,1,MIA,ARI,8.0,0.0,1
2026-06-10,2026,1,LAA,HOU,3.0,2.0,1
2026-06-10,2026,1,SF,WSH,11.0,10.0,1
2026-06-10,2026,1,CWS,ATL,2.0,1.0,1
2026-06-10,2026,1,SD,CIN,5.0,4.0,1
2026-06-10,2026,1,PIT,LAD,9.0,8.0,1
2026-06-10,2026,1,ATH,MIL,4.0,3.0,1
2026-06-10,2026,1,DET,MIN,4.0,6.0,0
2026-06-10,2026,1,KC,TEX,4.0,6.0,0
2026-06-11,2026,1,MIA,ARI,2.0,0.0,1
2026-06-11,2026,1,DET,MIN,11.0,0.0,1
2026-06-11,2026,1,BAL,SEA,7.0,5.0,1
2026-06-11,2026,1,COL,CHC,3.0,9.0,0
2026-06-11,2026,1,NYM,STL,5.0,4.0,1
2026-06-11,2026,1,PIT,LAD,6.0,8.0,0
2026-06-11,2026,1,KC,TEX,2.0,4.0,0
2026-06-12,2026,1,MIL,PHI,6.0,0.0,1
2026-06-12,2026,1,CIN,ARI,2.0,5.0,0
2026-06-12,2026,1,ATH,COL,6.0,4.0,1
2026-06-12,2026,1,PIT,MIA,3.0,8.0,0
2026-06-12,2026,1,WSH,SEA,2.0,10.0,0
2026-06-12,2026,1,MIN,STL,9.0,8.0,1
2026-06-12,2026,1,CLE,DET,3.0,2.0,1
2026-06-12,2026,1,CWS,LAD,8.0,2.0,1
2026-06-12,2026,1,NYM,ATL,7.0,5.0,1
2026-06-12,2026,1,TOR,NYY,8.0,5.0,1
2026-06-12,2026,1,BOS,TEX,10.0,1.0,1
2026-06-12,2026,1,LAA,TB,4.0,3.0,1
2026-06-12,2026,1,BAL,SD,7.0,3.0,1
2026-06-12,2026,1,SF,CHC,1.0,5.0,0
2026-06-12,2026,1,KC,HOU,8.0,10.0,0
2026-06-13,2026,1,NYM,ATL,1.0,3.0,0
2026-06-13,2026,1,LAA,TB,8.0,0.0,1
2026-06-13,2026,1,WSH,SEA,8.0,3.0,1
2026-06-13,2026,1,CLE,DET,3.0,1.0,1
2026-06-13,2026,1,MIL,PHI,8.0,9.0,0
2026-06-13,2026,1,PIT,MIA,3.0,2.0,1
2026-06-13,2026,1,MIN,STL,6.0,9.0,0
2026-06-13,2026,1,CIN,ARI,2.0,1.0,1
2026-06-13,2026,1,KC,HOU,7.0,8.0,0
2026-06-13,2026,1,BOS,TEX,6.0,3.0,1
2026-06-13,2026,1,BAL,SD,3.0,9.0,0
2026-06-13,2026,1,SF,CHC,1.0,6.0,0
2026-06-13,2026,1,TOR,NYY,1.0,3.0,0
2026-06-13,2026,1,CWS,LAD,1.0,7.0,0
2026-06-13,2026,1,ATH,COL,7.0,5.0,1
2026-06-14,2026,1,MIL,PHI,4.0,0.0,1
2026-06-14,2026,1,ATH,COL,9.0,23.0,0
2026-06-14,2026,1,NYM,ATL,8.0,1.0,1
2026-06-14,2026,1,BAL,SD,2.0,5.0,0
2026-06-14,2026,1,LAA,TB,3.0,8.0,0
2026-06-14,2026,1,CIN,ARI,3.0,5.0,0
2026-06-14,2026,1,TOR,NYY,3.0,8.0,0
2026-06-14,2026,1,WSH,SEA,10.0,1.0,1
2026-06-14,2026,1,BOS,TEX,4.0,6.0,0
2026-06-14,2026,1,PIT,MIA,2.0,4.0,0
2026-06-14,2026,1,CWS,LAD,6.0,4.0,1
2026-06-14,2026,1,KC,HOU,4.0,0.0,1
2026-06-14,2026,1,SF,CHC,5.0,1.0,1
2026-06-14,2026,1,MIN,STL,5.0,4.0,1
2026-06-15,2026,1,ARI,LAA,4.0,3.0,1
2026-06-15,2026,1,PHI,MIA,7.0,0.0,1
2026-06-15,2026,1,CIN,NYM,12.0,0.0,1
2026-06-15,2026,1,WSH,KC,7.0,3.0,1
2026-06-15,2026,1,CHC,COL,5.0,4.0,1
2026-06-15,2026,1,STL,SD,3.0,0.0,1
2026-06-15,2026,1,LAD,TB,4.0,3.0,1
2026-06-15,2026,1,TEX,MIN,2.0,4.0,0
2026-06-15,2026,1,HOU,DET,3.0,9.0,0
2026-06-15,2026,1,ATH,PIT,11.0,2.0,1
2026-06-16,2026,1,STL,SD,3.0,2.0,1
2026-06-16,2026,1,BOS,TOR,1.0,6.0,0
2026-06-16,2026,1,HOU,DET,4.0,2.0,1
2026-06-16,2026,1,ATH,PIT,5.0,6.0,0
2026-06-16,2026,1,LAD,TB,1.0,0.0,1
2026-06-16,2026,1,CIN,NYM,5.0,3.0,1
2026-06-16,2026,1,TEX,MIN,2.0,12.0,0
2026-06-16,2026,1,ATL,SF,2.0,7.0,0
2026-06-16,2026,1,NYY,CWS,12.0,2.0,1
2026-06-16,2026,1,MIL,CLE,2.0,1.0,1
2026-06-16,2026,1,CHC,COL,2.0,5.0,0
2026-06-16,2026,1,SEA,BAL,3.0,1.0,1
2026-06-16,2026,1,PHI,MIA,8.0,2.0,1
2026-06-16,2026,1,ARI,LAA,0.0,7.0,0
2026-06-16,2026,1,WSH,KC,6.0,4.0,1
2026-06-17,2026,1,ATL,SF,5.0,7.0,0
2026-06-17,2026,1,HOU,DET,4.0,2.0,1
2026-06-17,2026,1,SEA,BAL,3.0,5.0,0
2026-06-17,2026,1,BOS,TOR,0.0,3.0,0
2026-06-17,2026,1,MIL,CLE,9.0,4.0,1
2026-06-17,2026,1,LAD,TB,5.0,4.0,1
2026-06-17,2026,1,NYY,CWS,10.0,5.0,1
2026-06-17,2026,1,CIN,NYM,1.0,9.0,0
2026-06-17,2026,1,PHI,MIA,4.0,12.0,0
2026-06-17,2026,1,WSH,KC,2.0,6.0,0
2026-06-17,2026,1,STL,SD,1.0,6.0,0
2026-06-17,2026,1,ATH,PIT,4.0,12.0,0
2026-06-17,2026,1,CHC,COL,8.0,6.0,1
2026-06-17,2026,1,ARI,LAA,8.0,1.0,1
2026-06-18,2026,1,SEA,BAL,3.0,0.0,1
2026-06-18,2026,1,BOS,TOR,3.0,4.0,0
2026-06-18,2026,1,TEX,MIN,3.0,9.0,0
2026-06-18,2026,1,MIL,CLE,2.0,4.0,0
2026-06-18,2026,1,ATH,LAA,5.0,0.0,1
2026-06-18,2026,1,KC,STL,14.0,6.0,1
2026-06-18,2026,1,NYY,CWS,1.0,5.0,0
2026-06-18,2026,1,PHI,NYM,4.0,6.0,0
2026-06-19,2026,1,ARI,MIN,9.0,5.0,1
2026-06-19,2026,1,SEA,BOS,2.0,6.0,0
2026-06-19,2026,1,HOU,CLE,9.0,3.0,1
2026-06-19,2026,1,KC,STL,6.0,5.0,1
2026-06-19,2026,1,ATL,MIL,3.0,2.0,1
2026-06-19,2026,1,DET,CWS,4.0,3.0,1
2026-06-19,2026,1,LAD,BAL,6.0,5.0,1
2026-06-19,2026,1,MIA,SF,4.0,3.0,1
2026-06-19,2026,1,ATH,LAA,12.0,11.0,1
2026-06-19,2026,1,COL,PIT,4.0,3.0,1
2026-06-19,2026,1,TB,WSH,5.0,2.0,1
2026-06-19,2026,1,CHC,TOR,16.0,2.0,1
2026-06-19,2026,1,NYY,CIN,5.0,0.0,1
2026-06-19,2026,1,TEX,SD,9.0,7.0,1
2026-06-20,2026,1,SEA,BOS,1.0,5.0,0
2026-06-20,2026,1,TB,WSH,3.0,4.0,0
2026-06-20,2026,1,ATH,LAA,0.0,7.0,0
2026-06-20,2026,1,HOU,CLE,1.0,8.0,0
2026-06-20,2026,1,TEX,SD,4.0,6.0,0
2026-06-20,2026,1,PHI,NYM,15.0,3.0,1
2026-06-20,2026,1,NYY,CIN,2.0,10.0,0
2026-06-20,2026,1,ARI,MIN,8.0,16.0,0
2026-06-20,2026,1,COL,PIT,2.0,1.0,1
2026-06-20,2026,1,DET,CWS,4.0,1.0,1
2026-06-20,2026,1,LAD,BAL,2.0,3.0,0
2026-06-20,2026,1,MIA,SF,6.0,3.0,1
2026-06-20,2026,1,ATL,MIL,4.0,3.0,1
2026-06-20,2026,1,CHC,TOR,6.0,8.0,0
2026-06-21,2026,1,ATH,LAA,7.0,9.0,0
2026-06-21,2026,1,MIA,SF,2.0,1.0,1
2026-06-21,2026,1,DET,CWS,5.0,4.0,1
2026-06-21,2026,1,LAD,BAL,1.0,12.0,0
2026-06-21,2026,1,ATL,MIL,4.0,9.0,0
2026-06-21,2026,1,PHI,NYM,6.0,2.0,1
2026-06-21,2026,1,TB,WSH,4.0,3.0,1
2026-06-21,2026,1,HOU,CLE,2.0,1.0,1
2026-06-21,2026,1,TEX,SD,4.0,3.0,1
2026-06-21,2026,1,ARI,MIN,2.0,4.0,0
2026-06-21,2026,1,SEA,BOS,3.0,1.0,1
2026-06-21,2026,1,KC,STL,10.0,12.0,0
2026-06-21,2026,1,COL,PIT,6.0,8.0,0
2026-06-21,2026,1,NYY,CIN,1.0,4.0,0
2026-06-22,2026,1,COL,BOS,3.0,2.0,1
2026-06-22,2026,1,WSH,PHI,4.0,1.0,1
2026-06-22,2026,1,SD,ATL,1.0,0.0,1
2026-06-22,2026,1,CWS,CLE,6.0,5.0,1
2026-06-22,2026,1,CIN,MIL,1.0,2.0,0
2026-06-22,2026,1,TOR,HOU,4.0,2.0,1
2026-06-22,2026,1,TB,KC,1.0,2.0,0
2026-06-22,2026,1,DET,NYY,5.0,3.0,1
2026-06-22,2026,1,MIN,LAD,1.0,2.0,0
2026-06-22,2026,1,LAA,BAL,1.0,6.0,0
2026-06-22,2026,1,MIA,TEX,3.0,4.0,0
2026-06-22,2026,1,STL,ARI,3.0,2.0,1
2026-06-23,2026,1,DET,NYY,3.0,4.0,0
2026-06-23,2026,1,SD,ATL,7.0,6.0,1
2026-06-23,2026,1,SF,ATH,3.0,1.0,1
2026-06-23,2026,1,LAA,BAL,5.0,1.0,1
2026-06-23,2026,1,TB,KC,5.0,12.0,0
2026-06-23,2026,1,CIN,MIL,0.0,2.0,0
2026-06-23,2026,1,COL,BOS,2.0,5.0,0
2026-06-23,2026,1,WSH,PHI,9.0,14.0,0
2026-06-23,2026,1,MIA,TEX,6.0,4.0,1
2026-06-23,2026,1,MIN,LAD,3.0,12.0,0
2026-06-23,2026,1,STL,ARI,3.0,4.0,0
2026-06-23,2026,1,CWS,CLE,2.0,1.0,1
2026-06-23,2026,1,TOR,HOU,7.0,9.0,0
2026-06-23,2026,1,PIT,SEA,2.0,3.0,0
2026-06-23,2026,1,NYM,CHC,6.0,9.0,0
2026-06-24,2026,1,NYM,CHC,3.0,10.0,0
2026-06-24,2026,1,COL,BOS,8.0,6.0,1
2026-06-24,2026,1,LAA,BAL,7.0,6.0,1
2026-06-24,2026,1,MIA,TEX,4.0,2.0,1
2026-06-24,2026,1,CIN,MIL,5.0,6.0,0
2026-06-24,2026,1,DET,NYY,2.0,4.0,0
2026-06-24,2026,1,TOR,HOU,1.0,3.0,0
2026-06-24,2026,1,PIT,SEA,11.0,1.0,1
2026-06-24,2026,1,STL,ARI,4.0,9.0,0
2026-06-24,2026,1,CWS,CLE,3.0,4.0,0
2026-06-24,2026,1,MIN,LAD,3.0,4.0,0
2026-06-24,2026,1,SD,ATL,5.0,2.0,1
2026-06-24,2026,1,WSH,PHI,4.0,5.0,0
2026-06-24,2026,1,SF,ATH,2.0,1.0,1
2026-06-24,2026,2,NYM,CHC,5.0,10.0,0
2026-06-24,2026,1,TB,KC,5.0,3.0,1
2026-06-25,2026,1,WSH,PHI,5.0,10.0,0
2026-06-25,2026,1,NYM,CHC,3.0,4.0,0
2026-06-25,2026,1,TB,KC,13.0,2.0,1
2026-06-25,2026,1,BOS,NYY,6.0,3.0,1
2026-06-25,2026,1,TOR,TEX,5.0,6.0,0
2026-06-25,2026,1,DET,HOU,1.0,2.0,0
2026-06-25,2026,1,PIT,SEA,5.0,1.0,1
2026-06-25,2026,1,SF,ATH,6.0,9.0,0
2026-06-26,2026,1,BAL,WSH,3.0,1.0,1
2026-06-26,2026,1,BOS,NYY,6.0,1.0,1
2026-06-26,2026,1,STL,MIA,0.0,4.0,0
2026-06-26,2026,1,CWS,KC,22.0,1.0,1
2026-06-26,2026,1,CLE,SEA,1.0,3.0,0
2026-06-26,2026,1,NYM,PHI,1.0,2.0,0
2026-06-26,2026,1,PIT,CIN,4.0,6.0,0
2026-06-26,2026,1,TOR,TEX,4.0,5.0,0
2026-06-26,2026,1,SD,LAD,7.0,1.0,1
2026-06-26,2026,1,MIN,COL,9.0,8.0,1
2026-06-26,2026,1,DET,HOU,8.0,0.0,1
2026-06-26,2026,1,TB,ARI,6.0,1.0,1
2026-06-26,2026,1,SF,ATL,1.0,3.0,0
2026-06-26,2026,1,MIL,CHC,6.0,2.0,1
2026-06-26,2026,1,LAA,ATH,3.0,9.0,0
2026-06-27,2026,1,BOS,NYY,4.0,1.0,1
2026-06-27,2026,1,MIL,CHC,2.0,8.0,0
2026-06-27,2026,1,STL,MIA,1.0,5.0,0
2026-06-27,2026,1,CLE,SEA,4.0,3.0,1
2026-06-27,2026,1,CWS,KC,2.0,1.0,1
2026-06-27,2026,1,DET,HOU,6.0,8.0,0
2026-06-27,2026,1,NYM,PHI,6.0,2.0,1
2026-06-27,2026,1,MIN,COL,5.0,8.0,0
2026-06-27,2026,1,TB,ARI,4.0,2.0,1
2026-06-27,2026,1,PIT,CIN,7.0,9.0,0
2026-06-27,2026,1,BAL,WSH,3.0,4.0,0
2026-06-27,2026,1,TOR,TEX,4.0,7.0,0
2026-06-27,2026,1,SF,ATL,5.0,0.0,1
2026-06-27,2026,1,SD,LAD,3.0,15.0,0
2026-06-27,2026,1,LAA,ATH,5.0,2.0,1
2026-06-28,2026,1,SD,LAD,2.0,4.0,0
2026-06-28,2026,1,LAA,ATH,4.0,1.0,1
2026-06-28,2026,1,TOR,TEX,2.0,3.0,0
2026-06-28,2026,1,CLE,SEA,6.0,5.0,1
2026-06-28,2026,1,MIL,CHC,3.0,4.0,0
2026-06-28,2026,1,BOS,NYY,5.0,4.0,1
2026-06-28,2026,1,TB,ARI,5.0,1.0,1
2026-06-28,2026,1,BAL,WSH,4.0,6.0,0
2026-06-28,2026,1,DET,HOU,5.0,7.0,0
2026-06-28,2026,1,SF,ATL,3.0,2.0,1
2026-06-28,2026,1,MIN,COL,3.0,2.0,1
2026-06-28,2026,1,NYM,PHI,4.0,5.0,0
2026-06-28,2026,1,STL,MIA,2.0,1.0,1
2026-06-28,2026,1,PIT,CIN,9.0,4.0,1
2026-06-28,2026,1,CWS,KC,4.0,5.0,0
2026-06-29,2026,1,SEA,LAA,6.0,2.0,1
2026-06-29,2026,1,CHC,SD,3.0,2.0,1
2026-06-29,2026,1,PHI,PIT,7.0,11.0,0
2026-06-29,2026,1,TOR,NYM,2.0,1.0,1
2026-06-29,2026,1,HOU,MIN,4.0,5.0,0
2026-06-29,2026,1,NYY,DET,3.0,7.0,0
2026-06-29,2026,1,ATH,LAD,4.0,9.0,0
2026-06-29,2026,1,COL,MIA,7.0,10.0,0
2026-06-29,2026,1,BOS,WSH,6.0,3.0,1
2026-06-29,2026,1,MIL,CIN,5.0,3.0,1
2026-06-29,2026,1,BAL,CWS,2.0,8.0,0
2026-06-29,2026,1,ARI,SF,5.0,4.0,1
2026-06-29,2026,1,CLE,TEX,3.0,6.0,0
2026-06-30,2026,1,SEA,LAA,8.0,3.0,1
2026-06-30,2026,1,ARI,SF,8.0,2.0,1
2026-06-30,2026,1,KC,TB,4.0,10.0,0
2026-06-30,2026,1,CHC,SD,9.0,7.0,1
2026-06-30,2026,1,PHI,PIT,8.0,0.0,1
2026-06-30,2026,1,ATH,LAD,3.0,9.0,0
2026-06-30,2026,1,TOR,NYM,0.0,3.0,0
2026-06-30,2026,1,BOS,WSH,1.0,8.0,0
2026-06-30,2026,1,MIL,CIN,7.0,2.0,1
2026-06-30,2026,1,BAL,CWS,3.0,9.0,0
2026-06-30,2026,1,CLE,TEX,2.0,4.0,0
2026-06-30,2026,1,NYY,DET,3.0,9.0,0
2026-06-30,2026,1,HOU,MIN,6.0,4.0,1
2026-06-30,2026,1,COL,MIA,3.0,14.0,0
2026-06-30,2026,1,ATL,STL,3.0,5.0,0
2026-07-01,2026,1,MIL,CIN,4.0,2.0,1
2026-07-01,2026,1,TOR,NYM,9.0,3.0,1
2026-07-01,2026,1,ATL,STL,5.0,1.0,1
2026-07-01,2026,1,BAL,CWS,6.0,1.0,1
2026-07-01,2026,1,ARI,SF,4.0,6.0,0
2026-07-01,2026,1,NYY,DET,2.0,6.0,0
2026-07-01,2026,1,CLE,TEX,9.0,4.0,1
2026-07-01,2026,1,COL,MIA,6.0,3.0,1
2026-07-01,2026,1,CHC,SD,23.0,3.0,1
2026-07-01,2026,1,HOU,MIN,3.0,8.0,0
2026-07-01,2026,1,ATH,LAD,7.0,1.0,1
2026-07-01,2026,1,BOS,WSH,2.0,10.0,0
2026-07-01,2026,1,KC,TB,0.0,4.0,0
2026-07-01,2026,1,PHI,PIT,10.0,6.0,1
2026-07-02,2026,1,MIL,CIN,2.0,7.0,0
2026-07-02,2026,1,TEX,DET,10.0,4.0,1
2026-07-02,2026,1,LAD,SD,12.0,7.0,1
2026-07-02,2026,1,KC,TB,2.0,5.0,0
2026-07-02,2026,1,COL,MIA,14.0,4.0,1
2026-07-02,2026,1,PHI,PIT,1.0,6.0,0
2026-07-02,2026,1,SEA,LAA,1.0,0.0,1
2026-07-02,2026,1,ATL,STL,5.0,11.0,0
2026-07-02,2026,1,CLE,CWS,6.0,5.0,1
2026-07-03,2026,1,ATL,NYM,5.0,3.0,1
2026-07-03,2026,1,LAD,SD,4.0,3.0,1
2026-07-03,2026,1,ATH,MIA,5.0,12.0,0
2026-07-03,2026,1,CHC,STL,1.0,17.0,0
2026-07-03,2026,1,SEA,TOR,0.0,2.0,0
2026-07-03,2026,1,LAA,BOS,2.0,5.0,0
2026-07-03,2026,1,NYY,MIN,5.0,2.0,1
2026-07-03,2026,1,CLE,CWS,4.0,3.0,1
2026-07-03,2026,1,ARI,MIL,4.0,7.0,0
2026-07-03,2026,1,CIN,BAL,0.0,3.0,0
2026-07-03,2026,1,WSH,PIT,9.0,5.0,1
2026-07-03,2026,1,COL,SF,15.0,3.0,1
2026-07-03,2026,1,HOU,TB,1.0,3.0,0
2026-07-04,2026,1,NYY,MIN,4.0,11.0,0
2026-07-04,2026,1,COL,SF,4.0,6.0,0
2026-07-04,2026,1,TEX,DET,0.0,3.0,0
2026-07-04,2026,1,LAD,SD,3.0,0.0,1
2026-07-04,2026,1,LAA,BOS,1.0,8.0,0
2026-07-04,2026,1,HOU,TB,10.0,8.0,1
2026-07-04,2026,1,ATH,MIA,2.0,7.0,0
2026-07-04,2026,1,CLE,CWS,1.0,3.0,0
2026-07-04,2026,1,CIN,BAL,5.0,8.0,0
2026-07-04,2026,1,WSH,PIT,1.0,7.0,0
2026-07-04,2026,1,ARI,MIL,4.0,3.0,1
2026-07-04,2026,1,KC,PHI,1.0,6.0,0
2026-07-04,2026,1,ATL,NYM,14.0,3.0,1
2026-07-04,2026,1,SEA,TOR,11.0,0.0,1
2026-07-04,2026,1,CHC,STL,0.0,3.0,0
2026-07-05,2026,1,CHC,STL,6.0,4.0,1
2026-07-05,2026,1,TEX,DET,3.0,6.0,0
2026-07-05,2026,1,WSH,PIT,5.0,11.0,0
2026-07-05,2026,1,SEA,TOR,4.0,0.0,1
2026-07-05,2026,1,COL,SF,7.0,6.0,1
2026-07-05,2026,1,LAD,SD,2.0,5.0,0
2026-07-05,2026,1,ATL,NYM,9.0,10.0,0
2026-07-05,2026,1,HOU,TB,2.0,0.0,1
2026-07-05,2026,1,ATH,MIA,8.0,9.0,0
2026-07-05,2026,1,CLE,CWS,6.0,7.0,0
2026-07-05,2026,1,CIN,BAL,3.0,2.0,1
2026-07-05,2026,1,ARI,MIL,2.0,3.0,0
2026-07-05,2026,1,KC,PHI,5.0,2.0,1
2026-07-05,2026,1,LAA,BOS,5.0,7.0,0
2026-07-05,2026,1,NYY,MIN,1.0,6.0,0
2026-07-06,2026,1,SF,TOR,10.0,1.0,1
2026-07-06,2026,1,SD,ARI,0.0,8.0,0
2026-07-06,2026,1,ATL,NYM,6.0,7.0,0
2026-07-06,2026,1,WSH,HOU,12.0,11.0,1
2026-07-06,2026,1,TB,NYY,1.0,5.0,0
2026-07-06,2026,1,KC,PHI,15.0,1.0,1
2026-07-06,2026,1,STL,MIL,3.0,4.0,0
2026-07-06,2026,1,LAD,COL,8.0,7.0,1
2026-07-07,2026,1,LAD,COL,3.0,4.0,0
2026-07-07,2026,1,MIA,SEA,6.0,5.0,1
2026-07-07,2026,1,NYM,KC,12.0,16.0,0
2026-07-07,2026,1,PIT,ATL,12.0,4.0,1
2026-07-07,2026,1,STL,MIL,3.0,4.0,0
2026-07-07,2026,2,STL,MIL,2.0,10.0,0
2026-07-07,2026,1,CWS,BOS,1.0,8.0,0
2026-07-07,2026,1,MIN,CLE,3.0,1.0,1
2026-07-07,2026,1,WSH,HOU,3.0,6.0,0
2026-07-07,2026,1,TB,NYY,6.0,4.0,1
2026-07-07,2026,1,DET,ATH,6.0,2.0,1
2026-07-07,2026,1,TEX,LAA,8.0,3.0,1
2026-07-07,2026,1,SF,TOR,3.0,9.0,0
2026-07-07,2026,1,CIN,PHI,1.0,4.0,0
2026-07-07,2026,1,BAL,CHC,2.0,5.0,0
2026-07-07,2026,1,SD,ARI,4.0,1.0,1
2026-07-08,2026,1,TB,NYY,3.0,0.0,1
2026-07-08,2026,1,NYM,KC,6.0,2.0,1
2026-07-08,2026,1,CIN,PHI,11.0,5.0,1
2026-07-08,2026,1,BAL,CHC,7.0,9.0,0
2026-07-08,2026,1,STL,MIL,5.0,1.0,1
2026-07-08,2026,1,MIN,CLE,6.0,5.0,1
2026-07-08,2026,1,SD,ARI,10.0,4.0,1
2026-07-08,2026,1,DET,ATH,6.0,1.0,1
2026-07-08,2026,1,MIA,SEA,2.0,0.0,1
2026-07-08,2026,1,PIT,ATL,0.0,3.0,0
2026-07-08,2026,1,CWS,BOS,0.0,5.0,0
2026-07-08,2026,1,LAD,COL,4.0,3.0,1
2026-07-08,2026,1,WSH,HOU,8.0,2.0,1
2026-07-08,2026,1,TEX,LAA,1.0,13.0,0
2026-07-08,2026,1,SF,TOR,0.0,10.0,0
2026-07-09,2026,1,BAL,CHC,3.0,2.0,1
2026-07-09,2026,1,MIN,CLE,2.0,5.0,0
2026-07-09,2026,1,TB,NYY,4.0,12.0,0
2026-07-09,2026,1,TEX,LAA,7.0,6.0,1
2026-07-09,2026,1,CIN,PHI,0.0,1.0,0
2026-07-09,2026,1,MIA,SEA,8.0,4.0,1
2026-07-09,2026,1,SD,ARI,1.0,3.0,0
2026-07-09,2026,1,STL,MIL,4.0,8.0,0
2026-07-09,2026,1,CWS,BOS,1.0,2.0,0
2026-07-09,2026,1,NYM,KC,7.0,3.0,1
2026-07-09,2026,1,PIT,ATL,5.0,10.0,0
2026-07-09,2026,1,DET,ATH,4.0,1.0,1
2026-07-09,2026,1,SF,COL,8.0,2.0,1
2026-07-10,2026,1,WSH,NYY,3.0,5.0,0
2026-07-10,2026,1,SD,TOR,3.0,5.0,0
2026-07-10,2026,1,CIN,CHC,4.0,0.0,1
2026-07-10,2026,1,TEX,HOU,7.0,3.0,1
2026-07-10,2026,1,BAL,KC,5.0,3.0,1
2026-07-10,2026,1,LAD,ARI,3.0,9.0,0
2026-07-10,2026,1,DET,PHI,10.0,2.0,1
2026-07-10,2026,1,TB,SEA,7.0,2.0,1
2026-07-10,2026,1,NYM,BOS,2.0,6.0,0
2026-07-10,2026,1,MIA,CLE,2.0,3.0,0
2026-07-10,2026,1,CWS,ATH,14.0,1.0,1
2026-07-10,2026,1,STL,ATL,2.0,1.0,1
2026-07-10,2026,1,MIN,LAA,3.0,4.0,0
2026-07-10,2026,1,SF,COL,3.0,4.0,0
2026-07-11,2026,1,SD,TOR,8.0,7.0,1
2026-07-11,2026,1,TEX,HOU,3.0,9.0,0
2026-07-11,2026,1,CIN,CHC,3.0,5.0,0
2026-07-11,2026,1,PIT,MIL,7.0,6.0,1
2026-07-11,2026,1,DET,PHI,2.0,4.0,0
2026-07-11,2026,1,LAD,ARI,2.0,9.0,0
2026-07-11,2026,2,PIT,MIL,3.0,2.0,1
2026-07-11,2026,1,CWS,ATH,1.0,0.0,1
2026-07-11,2026,1,MIN,LAA,5.0,3.0,1
2026-07-11,2026,1,SF,COL,4.0,2.0,1
2026-07-11,2026,1,STL,ATL,4.0,1.0,1
2026-07-11,2026,1,MIA,CLE,1.0,4.0,0
2026-07-11,2026,1,TB,SEA,6.0,1.0,1
2026-07-11,2026,1,BAL,KC,6.0,1.0,1
2026-07-11,2026,1,WSH,NYY,2.0,4.0,0
2026-07-11,2026,1,NYM,BOS,0.0,4.0,0
2026-07-12,2026,1,MIN,LAA,4.0,2.0,1
2026-07-12,2026,1,LAD,ARI,3.0,5.0,0
2026-07-12,2026,1,MIA,CLE,2.0,5.0,0
2026-07-12,2026,1,SD,TOR,5.0,4.0,1
2026-07-12,2026,1,DET,PHI,0.0,5.0,0
2026-07-12,2026,1,PIT,MIL,14.0,5.0,1
2026-07-12,2026,1,TEX,HOU,6.0,5.0,1
2026-07-12,2026,1,CIN,CHC,4.0,8.0,0
2026-07-12,2026,1,CWS,ATH,9.0,1.0,1
2026-07-12,2026,1,SF,COL,3.0,1.0,1
2026-07-12,2026,1,STL,ATL,3.0,4.0,0
2026-07-12,2026,1,BAL,KC,8.0,2.0,1
2026-07-12,2026,1,TB,SEA,2.0,8.0,0
2026-07-12,2026,1,NYM,BOS,2.0,3.0,0
2026-07-12,2026,1,WSH,NYY,3.0,5.0,0
